entryTime,direction,entryPrice,atr,isGlobex,fwd30,fwd60,fwd120,fwd240
2025-09-02 03:50:00,LONG,23282.5,239.5,true,31,33,10.75,-47.75
2025-09-02 08:20:00,LONG,23160.25,239.5,true,-64.75,-39,45.25,-87
2025-09-02 15:35:00,SHORT,23249.75,239.5,false,-114.25,-116.25,-116.25,-85
2025-09-03 14:35:00,LONG,23321.5,238.6,false,23.75,59.25,139.25,119.75
2025-09-03 20:15:00,SHORT,23498.25,238.6,true,-2,-5.5,-21,7
2025-09-04 14:00:00,SHORT,23594.25,234.1,false,-19.5,-27.5,-69.25,-113.25
2025-09-05 10:35:00,LONG,23617.25,230.5,false,-79.5,27,-3.5,27.5
2025-09-10 15:10:00,LONG,23806.5,228.0,false,56.5,64.5,64.75,77.25
2025-09-17 12:35:00,LONG,24141.75,216.7,false,14.25,58.75,-54.75,118.25
2025-09-17 18:50:00,SHORT,24327.75,216.7,true,-3.75,-12.25,3.5,-46
2025-09-18 06:10:00,SHORT,24484.5,212.1,true,24.75,-17.5,-5.25,-19.75
2025-09-28 18:00:00,SHORT,24993.75,211.3,true,-16.25,-47,-94.25,-144
2025-09-29 09:05:00,SHORT,25137.75,211.3,false,-68.75,-74.75,24.25,52.75
2025-09-29 20:20:00,LONG,25080,211.3,true,-4,-6,-41.25,-47.25
2025-09-30 15:50:00,SHORT,25158.5,198.4,false,47.25,46.5,131.5,138.5
2025-10-01 08:25:00,LONG,25020,198.9,true,39,55.5,104.75,221.25
2025-10-01 14:00:00,SHORT,25241.25,198.9,false,-23,-27.5,-13.75,-87.5
2025-10-02 07:55:00,SHORT,25400.75,204.6,true,64.5,93,119.75,64.75
2025-10-02 20:45:00,SHORT,25395,204.6,true,-10,-33.25,16.25,4.5
2025-10-03 13:20:00,LONG,25286.5,203.8,false,-110.25,-3,-35.5,38.5
2025-10-06 06:50:00,SHORT,25429.25,204.2,true,-56,-10.5,60.5,-21.75
2025-10-07 11:35:00,LONG,25270,197.2,false,-10.25,27.5,0,58.75
2025-10-08 10:05:00,SHORT,25465,207.7,false,35.25,-20,-38.5,-95
2025-10-08 16:05:00,SHORT,25583.5,207.7,false,-43,-34.75,3.5,81.25
2025-10-09 10:35:00,LONG,25462,206.8,false,33.75,5.5,-13.75,76
2025-10-10 08:25:00,SHORT,25574.75,204.3,true,16.25,-5.25,398,671.25
2025-10-10 13:15:00,LONG,24903.5,204.3,false,33.25,3.25,-153.5,48.5
2025-10-12 20:20:00,SHORT,25040,241.0,true,-20,-46,15.25,-57.75
2025-10-13 14:25:00,SHORT,25192.25,241.0,false,39.25,36.25,-40.25,156.25
2025-10-14 01:00:00,LONG,25036,232.5,true,-87.75,-76.75,-205.5,-156
2025-10-14 08:15:00,LONG,24880,232.5,true,3.25,-146,71,291
2025-10-14 12:45:00,SHORT,25171,232.5,false,26.5,6,31,141.75
2025-10-15 04:15:00,SHORT,25170,252.2,true,-18,-60,-77.25,-29.75
2025-10-15 13:05:00,LONG,25034,252.2,false,12,99,122.25,109
2025-10-15 20:55:00,SHORT,25158,252.2,true,-22,-5,-64,-146
2025-10-16 10:15:00,SHORT,25330,266.2,false,-62.25,31.25,335.5,370.25
2025-10-16 14:35:00,LONG,24959.75,266.2,false,63,34.25,120.25,-147.25
2025-10-17 02:55:00,LONG,24810,282.1,true,-135.75,-131.5,-90.75,155
2025-10-17 09:20:00,SHORT,24990.25,282.1,false,-68.25,-159.75,5.5,-124.75
2025-10-17 13:45:00,SHORT,25108.25,282.1,false,-131.75,-144.75,-177.75,-221
2025-10-20 05:35:00,SHORT,25329.25,294.4,true,6.5,-60.75,-195.75,-235.75
2025-10-20 12:55:00,SHORT,25565,294.4,false,-31.25,-4.25,-6,53.25
2025-10-22 10:25:00,LONG,25367.5,296.3,false,42,-61.75,-85.25,-143.5
2025-10-22 22:45:00,SHORT,25350,296.3,true,14.25,12.25,105.5,-39.5
2025-10-23 12:20:00,SHORT,25456,315.4,false,-31.75,-70,-65.75,-166.25
2025-10-24 08:30:00,SHORT,25737.25,313.2,false,22.25,-30.75,8.25,-67
2025-10-26 18:00:00,SHORT,25982.75,308.9,true,-2.25,-8.25,-32.75,-117.25
2025-10-29 22:10:00,SHORT,26605,309.4,true,-41.5,121,83.5,172
2025-10-30 08:40:00,LONG,26378,308.6,false,-44.25,22.5,-76.75,-53
2025-10-30 20:25:00,SHORT,26450,308.6,true,-1.75,-17.5,-18,-54.75
2025-10-31 12:15:00,LONG,26225,315.9,false,-5,-68.5,48,94.25
2025-11-02 21:20:00,SHORT,26371.5,319.2,true,56.25,-24,-28.5,19.25
2025-11-03 22:50:00,LONG,26195,319.2,true,-24,-42,-169.25,-256.25
2025-11-04 04:55:00,LONG,25938.75,325.3,true,61.25,91.25,76.5,172.5
2025-11-04 10:15:00,SHORT,26139.5,325.3,false,70.5,125.5,187.5,294.5
2025-11-04 14:45:00,LONG,25845,325.3,false,41.75,20,-2.5,-250.25
2025-11-04 20:50:00,LONG,25594.75,325.3,true,-29.5,128,145.75,178
2025-11-05 04:20:00,SHORT,25777.5,329.0,true,47,-38.75,-148.25,-252.5
2025-11-05 12:00:00,SHORT,26030,329.0,false,-36.25,-51.5,-95,60.25
2025-11-06 10:00:00,LONG,25672,335.5,false,57.5,-64.75,-157,-42.75
2025-11-07 08:25:00,LONG,25326.75,349.9,true,30.5,-86.75,-205,-257.75
2025-11-07 12:40:00,LONG,25069,349.9,false,50.75,118,236.75,500.5
2025-11-09 18:20:00,SHORT,25569.5,322.9,true,-22.5,-5.5,-75.5,-155.5
2025-11-10 15:35:00,SHORT,25999,322.9,false,-1,0.75,12,131.5
2025-11-12 10:30:00,LONG,25850,311.2,false,-41.75,-0.75,27.5,38
2025-11-13 09:05:00,LONG,25708,302.2,false,-86,-17.75,-229,-298
2025-11-13 13:10:00,LONG,25410,302.2,false,-92.75,-102.75,-102.25,-44.75
2025-11-14 03:40:00,LONG,25174.75,300.1,true,45.75,59,-129.75,-185.75
2025-11-14 09:20:00,LONG,25000.25,300.1,false,199.75,189.75,471.25,396.5
2025-11-14 13:20:00,SHORT,25396.75,300.1,false,-40.25,-102.25,31.75,-86
2025-11-17 02:20:00,SHORT,25588.5,313.6,true,-4,54.5,116,279.5
2025-11-17 08:50:00,LONG,25309,313.6,false,43,88.75,-0.75,-59.25
2025-11-17 13:55:00,LONG,25158.75,313.6,false,-64,-123.25,-1.5,28.25
2025-11-18 00:00:00,LONG,24956.75,329.2,true,28,11.25,-25.5,100.75
2025-11-18 09:50:00,LONG,24828,329.2,false,15.5,-81.25,99.5,186.25
2025-11-18 14:15:00,SHORT,25014,329.2,false,42,114,229,138.25
2025-11-19 18:05:00,SHORT,25059,344.7,true,-25.75,-37.5,-77.75,-129
2025-11-20 11:30:00,LONG,24869.25,344.7,false,-270.5,-471.5,-410.25,-619.5
2025-11-20 15:30:00,LONG,24249.75,344.7,false,-137.75,-135.75,-110.25,-42.5
2025-11-21 09:00:00,SHORT,24218.75,381.3,false,-9.75,79.75,235.5,-54
2025-11-21 13:45:00,SHORT,24510,381.3,false,-41.75,17.75,101,19.75
2025-11-24 09:30:00,SHORT,24682,401.7,false,-52,-77.75,-181.75,-245
2025-11-24 13:35:00,SHORT,24934.5,401.7,false,-19.25,3.5,-17.25,-35.75
2025-11-25 13:40:00,SHORT,25011.75,419.2,false,3.5,44.75,-66.5,-66.5
2025-11-30 22:20:00,LONG,25247.25,420.4,true,10.75,2.25,-39.5,6.5
2025-12-10 14:55:00,SHORT,25823.25,381.4,false,-13.5,23.25,22.75,139.25
2025-12-10 21:45:00,LONG,25554,381.4,true,-100.5,-63.75,-40.25,-47.25
2025-12-17 10:30:00,LONG,25257.75,366.2,false,-170.75,-236.5,-201.5,-330.75
2025-12-17 14:30:00,LONG,24927,366.2,false,24.25,27.25,26,30.75
2025-12-18 10:25:00,SHORT,25323.5,371.7,false,-42.25,-29.5,94,44.75
2025-12-19 10:00:00,SHORT,25567.75,323.7,false,45,64.25,30.5,-1.5
2026-01-01 21:55:00,SHORT,25603.75,258.3,true,-0.25,-21.5,-22,-32.75
2026-01-02 10:20:00,LONG,25485.25,258.3,false,-6.75,-97.75,-108.25,-76.25
2026-01-06 10:25:00,SHORT,25772.25,269.7,false,84.75,96,37.25,-36.75
2026-01-07 11:40:00,SHORT,25942.5,270.3,false,-33.5,-51.25,-27,110
2026-01-08 09:55:00,LONG,25603.25,266.8,false,93.5,81,68,28.5
2026-01-09 11:50:00,SHORT,25915.5,269.7,false,2.75,-7,-39.5,-36.75
2026-01-11 19:35:00,LONG,25789.25,271.1,true,-12.75,-43.75,-35.75,-55.5
2026-01-12 09:50:00,SHORT,25894.25,271.1,false,-24.75,-13.75,-67,-82.75
2026-01-14 10:00:00,LONG,25557.75,255.2,false,35.75,-26.75,-99.5,-54.25
2026-01-14 14:10:00,LONG,25501,255.2,false,12,53,133.75,102
2026-01-15 03:55:00,SHORT,25738.25,254.6,true,-65.5,-74.5,-78.75,-114.5
2026-01-15 15:15:00,LONG,25709.25,254.6,false,-14.75,-12.5,17,54.75
2026-01-16 10:15:00,LONG,25676,254.8,false,-45.75,22.5,25.5,5.5
2026-01-18 18:00:00,LONG,25430.75,241.8,true,13.25,16,-12.75,-17.5
2026-01-20 01:30:00,LONG,25275.25,238.2,true,35,7,-65.25,-87.25
2026-01-20 09:30:00,SHORT,25347,238.2,false,46,-38.25,-53,119.5
2026-01-20 13:50:00,LONG,25176.25,238.2,false,-6.25,-3.25,-67.75,-67.75
2026-01-21 06:55:00,LONG,25045.5,242.7,true,25.75,40.25,39.5,424.5
2026-01-21 10:55:00,SHORT,25470,242.7,false,12.5,240.75,223.75,-168.75
2026-01-21 14:55:00,SHORT,25638.75,242.7,false,152.25,167.25,129.25,80.25
2026-01-22 04:45:00,SHORT,25706.25,260.6,true,33.25,15.25,26.5,-18.75
2026-01-22 10:05:00,LONG,25548.25,260.6,false,85.5,91.75,133.75,149.25
2026-01-23 05:10:00,LONG,25553,260.8,true,3,73.75,58.5,17
2026-01-23 10:45:00,SHORT,25810,260.8,false,-14.5,-11.75,82,76.75
2026-01-25 18:00:00,LONG,25462.5,269.5,true,64.75,107.5,173.25,174.5
2026-01-25 22:00:00,SHORT,25637,269.5,true,6.25,7.75,-1,-35.5
2026-01-26 09:50:00,SHORT,25823.25,269.5,false,-56.75,-64.5,-78,-77.75
2026-01-28 11:50:00,LONG,26109.5,277.4,false,15.75,52.75,60.25,62.5
2026-01-29 09:35:00,LONG,26029.25,281.1,false,-244,-371.5,-331.75,-159.5
2026-01-29 14:35:00,SHORT,25851,281.1,false,-27,-59.75,-150.5,-88.25
2026-01-29 21:20:00,LONG,25771.25,281.1,true,54.75,74,115.75,18.75
2026-01-30 04:45:00,LONG,25663,300.7,true,75.25,113.25,134.75,159.5
2026-01-30 13:15:00,LONG,25618,300.7,false,59.75,115,-22.5,-197.25
2026-02-01 18:15:00,LONG,25420.75,292.3,true,123.25,175.5,85.25,-71
2026-02-01 22:35:00,LONG,25301.25,292.3,true,-44.5,38.75,-34.5,18.25
2026-02-02 04:30:00,SHORT,25446.25,292.3,true,-6.75,3.25,-6.5,-17
2026-02-02 09:30:00,SHORT,25637.5,292.3,false,-159.5,-238.25,-256.75,-276.75
2026-02-02 13:30:00,SHORT,25914.25,292.3,false,-28.25,1.5,55.25,-35
2026-02-03 09:40:00,LONG,25752.75,304.4,false,-198.75,-229,-248.75,-462.5
2026-02-03 13:40:00,LONG,25290.25,304.4,false,32.5,-21,102,110.75
2026-02-04 09:55:00,LONG,25194.25,329.5,false,54.25,-42,-158.75,-269.25
2026-02-04 13:55:00,LONG,24925,329.5,false,38.5,181.25,69.5,142
2026-02-05 07:30:00,LONG,24844.25,348.6,true,-64.5,-1.25,-31.25,-29
2026-02-05 13:45:00,LONG,24694,348.6,false,135.25,-1.25,-83.75,-343.25
2026-02-05 18:45:00,LONG,24350.75,348.6,true,-48,2.25,148.5,152.5
2026-02-05 22:50:00,SHORT,24531.5,348.6,true,39.75,89.5,-63.5,-14.5
2026-02-06 04:25:00,SHORT,24721.75,357.8,true,-29,3.25,-90.5,-98.75
2026-02-06 11:30:00,SHORT,25037,357.8,false,9.25,-50.75,-45.25,-67
2026-02-08 19:00:00,SHORT,25327.5,365.3,true,1.5,75.5,101,111.5
2026-02-09 10:45:00,SHORT,25289.75,365.3,false,-29.5,-94.25,-93,-124.5
2026-02-11 08:55:00,SHORT,25444.25,375.6,false,25.5,139,200.25,180.5
2026-02-11 14:20:00,SHORT,25345.5,375.6,false,27.25,48.75,66.25,121.75
2026-02-12 10:40:00,LONG,25087.25,377.5,false,-146.75,-212,-188.5,-171.75
2026-02-13 12:05:00,SHORT,24911.5,397.2,false,-68,-16,-39.5,125.75
2026-02-17 13:50:00,SHORT,24856.5,400.4,false,-5.5,20,100.25,136.75
2026-02-18 11:30:00,SHORT,25103.5,405.8,false,8.5,24.25,44.75,191.25
2026-02-20 10:50:00,SHORT,25113.5,399.1,false,102.5,-8.75,86.5,74.75
2026-02-22 21:10:00,LONG,24818,408.0,true,21.5,31,25.5,36.25
2026-02-23 12:35:00,LONG,24681.5,408.0,false,92.5,120.5,27.75,96.75
2026-02-24 13:30:00,SHORT,25029.25,415.0,false,-3.5,25,12.25,-1.25
2026-02-25 09:55:00,SHORT,25343.25,424.4,false,9,48,26.75,-7.25
2026-02-26 10:10:00,LONG,25066.25,426.3,false,-76.75,-19.25,-99.75,-6.75
2026-03-02 02:05:00,LONG,24542,412.6,true,25.5,-31,76,96
2026-03-02 10:05:00,SHORT,24901.25,412.6,false,-16.75,-76.5,-128.5,-127
2026-03-03 03:40:00,LONG,24539,416.9,true,21,-38.75,-70,42.25
2026-03-03 13:40:00,SHORT,24802.5,416.9,false,36,-17.25,34.5,82.25
2026-03-04 05:05:00,SHORT,24822.25,405.1,true,-1.5,-25,12.75,-53
2026-03-04 10:25:00,SHORT,25139,405.1,false,11.5,33.25,6.25,-55.5
2026-03-05 13:30:00,LONG,24797.25,394.4,false,35.5,12.5,187.25,244
2026-03-05 18:50:00,SHORT,25059.75,394.4,true,-16,-13,-4.25,-38.25
2026-03-06 06:40:00,LONG,24872.75,395.4,true,-0.75,-27.5,-138.5,-35.75
2026-03-06 13:10:00,SHORT,24888.75,395.4,false,48.75,45.5,138,654.25
2026-03-08 18:10:00,LONG,24234.5,385.6,true,67,45,-32.5,-208
2026-03-08 22:15:00,LONG,24013,385.6,true,70.25,99.25,96.75,272.75
2026-03-09 02:15:00,SHORT,24285.75,385.6,true,45,23.5,32.75,-108
2026-03-09 11:15:00,SHORT,24604,385.6,false,-24.75,-60.5,-41,-188.5
2026-03-09 15:20:00,SHORT,24868.25,385.6,false,-84.5,-65.5,-17,-35.5
2026-03-10 04:05:00,SHORT,25139.75,399.1,true,2.25,13.75,63.75,227.5
2026-03-17 09:35:00,SHORT,25071.25,384.7,false,7.25,21.75,96.25,38.75
2026-03-18 08:40:00,LONG,24923,371.2,false,-23.75,29.75,-91.5,-71.25
2026-03-18 15:50:00,LONG,24677.5,371.2,false,-73.5,-54,-90,-61.25
2026-03-19 18:05:00,SHORT,24620,370.2,true,-24.25,-29.25,5,-12.5
2026-03-20 06:05:00,LONG,24348.25,377.9,true,79.25,118,140.5,-55.25
2026-03-20 13:20:00,LONG,24248.25,377.9,false,-43.25,-124.75,-196.25,-206.75
2026-03-23 07:05:00,SHORT,24685.5,380.9,true,76,209.75,102.75,10.25
2026-03-23 12:55:00,LONG,24368.75,380.9,false,-13.5,99.5,145.25,31.25
2026-03-24 16:35:00,SHORT,24524.75,381.3,false,79.25,118.75,91.5,88.25
2026-03-26 13:40:00,LONG,23921.25,374.7,false,-44,-60.75,-108.25,-58.75
2026-03-27 06:35:00,LONG,23688.25,374.0,true,-57.5,-41.25,-56,-231.25
2026-03-27 13:25:00,LONG,23380.5,374.0,false,-20.25,-18.5,-49.25,-161.5
2026-03-30 13:00:00,LONG,23263.5,381.1,false,-86.5,-68.75,-145,-120.25
2026-03-30 21:30:00,SHORT,23366.75,381.1,true,38.75,27.25,23.25,60.25
2026-03-31 09:50:00,SHORT,23557.75,381.9,false,-1,150.5,71,-237.75
2026-03-31 13:50:00,SHORT,23795.5,381.9,false,-10.5,-62.75,-115.25,-156.5
2026-04-01 12:50:00,SHORT,24326,387.0,false,-12.5,27.75,158.75,127.75
2026-04-01 21:30:00,LONG,23942.25,387.0,true,0.75,-64,-72.75,-144
2026-04-02 10:35:00,SHORT,24210.25,382.6,false,47.75,24.5,108,102.5
2026-04-05 22:15:00,SHORT,24293.75,390.2,true,42.5,141.25,70.75,43
2026-04-07 09:55:00,LONG,24120.25,386.4,false,-12.75,-111,-11.75,105.25
2026-04-07 15:55:00,SHORT,24369.25,386.4,false,1.5,-30,-544.75,-711
2026-04-07 20:55:00,SHORT,25080.25,386.4,true,13.25,-15,-30.25,-45
2026-04-12 18:00:00,LONG,24960.75,365.1,true,-6.5,-24,-1.5,115.5
2026-04-13 12:20:00,SHORT,25355.25,365.1,false,-44.25,-65.5,-46,-199.75
2026-04-14 11:50:00,SHORT,25896.25,361.9,false,-21.25,-23,-60.75,-67.5
2026-04-15 12:05:00,SHORT,26219.75,369.1,false,29,46.5,-0.75,-123
2026-04-17 09:05:00,SHORT,26780,377.0,false,83.25,16.5,-64,-67.25
2026-04-19 18:00:00,LONG,26596.5,371.5,true,39.5,71.75,46.75,100.5
2026-04-21 20:40:00,SHORT,26809.5,358.4,true,6,-7.5,-8.25,12.75
2026-04-23 13:40:00,LONG,26761,357.6,false,156.75,186.5,107.75,272.5
2026-04-23 18:40:00,SHORT,27033.5,357.6,true,-4,-33,-86.25,-52.75
2026-04-24 07:20:00,SHORT,27330,369.3,true,49.25,29.5,88,3.25
2026-04-24 13:50:00,SHORT,27436,369.3,false,40,31.75,-5,43.25
2026-04-28 07:35:00,LONG,27114.75,350.6,true,-43.25,-26.25,49.25,-72
2026-04-29 18:10:00,SHORT,27434.75,337.0,true,-37.5,-41.25,-140,-131.25
2026-04-30 00:05:00,LONG,27348.75,317.9,true,-101.25,-64.25,-141.75,-1
2026-04-30 10:35:00,LONG,27175.75,317.9,false,228,193.25,246.5,405.25
2026-04-30 14:35:00,SHORT,27581,317.9,false,1.25,-22,-11.25,-34
2026-05-01 09:40:00,SHORT,27788.25,325.6,false,-101.25,-28.5,-106.75,-97
2026-05-04 06:05:00,LONG,27701.5,311.1,true,122.75,123.75,149.75,154
2026-05-04 10:15:00,SHORT,27906.5,311.1,false,-23.75,123.75,195,131.5
2026-05-04 14:40:00,LONG,27727.75,311.1,false,46.75,40.5,21.25,17.5
2026-05-05 11:00:00,SHORT,28121.5,315.0,false,2.25,-12,-7.5,-42.5
2026-05-05 18:50:00,SHORT,28375.25,315.0,true,16.5,4.25,98.75,97.5
2026-05-06 06:15:00,SHORT,28544,303.9,true,-30.25,-73.5,63.75,131.25
2026-05-06 13:20:00,SHORT,28581.5,303.9,false,-14.75,-47,-104,-89.5
2026-05-07 10:55:00,SHORT,28928,307.2,false,74.25,143.75,231.25,283.25
2026-05-07 14:55:00,LONG,28644.75,307.2,false,-33.25,39.5,-0.75,34.75
2026-05-08 09:45:00,SHORT,29066.25,311.4,false,-48,-81,-139.25,-205
2026-05-08 13:45:00,SHORT,29271.25,311.4,false,-0.5,3,-34.25,-12.25
2026-05-12 11:15:00,LONG,28937.25,319.1,false,-27.75,-68.25,-64,106.75
2026-05-12 15:40:00,SHORT,29127.5,319.1,false,2.5,-2.75,-39.25,-8
2026-05-13 08:35:00,LONG,29230.5,329.4,false,48.25,-26.25,9,201
2026-05-13 12:50:00,SHORT,29440.5,329.4,false,-27.25,-37.25,-66.25,-97
2026-05-13 20:50:00,SHORT,29679.75,329.4,true,10.75,55.25,86.75,100.25
2026-05-14 11:20:00,SHORT,29754,334.2,false,-0.75,-4,128.25,36.5
2026-05-15 00:55:00,LONG,29462.5,335.9,true,-25.5,-180,-58,-198.25
2026-05-15 05:20:00,LONG,29213,335.9,true,7.75,82.75,87.5,-2.75
2026-05-15 13:35:00,SHORT,29439.25,335.9,false,-30.5,56.25,111,182.75
2026-05-17 18:55:00,LONG,29232.75,343.0,true,-92.75,-113.75,-199,-222
2026-05-17 22:55:00,LONG,29010.75,343.0,true,28,44.75,40.25,100.75
2026-05-18 11:40:00,LONG,29000.75,343.0,false,26.75,-78,10.5,52.75
2026-05-18 19:00:00,SHORT,29177,343.0,true,19.5,80.75,115,217.25
2026-05-18 23:00:00,LONG,28959.75,343.0,true,66.5,-15.75,-14.5,52.75
2026-05-19 07:50:00,LONG,28880.5,357.1,true,-8.5,46.5,117.75,-59.25
2026-05-19 13:15:00,SHORT,29101.75,357.1,false,36,40.5,99,202
2026-05-20 04:40:00,SHORT,29117,363.6,true,46,17.5,-13.5,-10.25
2026-05-20 11:40:00,SHORT,29319.75,363.6,false,20.5,31.5,17,-34.5
2026-05-21 13:35:00,SHORT,29459.75,369.0,false,-25,17,29,-35.25
2026-05-21 19:50:00,SHORT,29548.5,369.0,true,-14.25,-24,5.5,-22
2026-05-22 11:15:00,SHORT,29700,366.6,false,37,52.75,44.25,105.5
2026-05-24 20:05:00,SHORT,29865.5,363.0,true,-45.25,-48.75,-62,-105.5
2026-05-26 10:40:00,SHORT,30105.25,359.3,false,67,133.25,141.25,74.25
2026-05-27 10:10:00,LONG,30015.5,361.8,false,-21.75,-65,-19.5,-18.25
2026-05-28 00:45:00,LONG,29788,366.7,true,22,102.75,113.75,177
2026-05-28 10:40:00,SHORT,30167.25,366.7,false,-53.75,-94.25,-139.5,-133.25
2026-06-01 13:20:00,SHORT,30557,363.4,false,-133.25,-90,-67,84.75
2026-06-01 18:45:00,LONG,30446,363.4,true,16.75,3.75,-57.75,-77.5
2026-06-03 18:50:00,LONG,30402.25,371.0,true,-6,19.25,98,17.75
2026-06-04 06:35:00,LONG,30263.75,367.1,true,-19.5,-56,18.75,48
2026-06-04 11:35:00,SHORT,30443.5,367.1,false,3.25,-27.5,-71.5,-143.25
2026-06-04 19:05:00,LONG,30345.25,367.1,true,-50.5,-117.75,-219.75,-142.75
2026-06-05 09:40:00,LONG,29932.75,370.1,false,-61.75,-89.75,-287.25,-514.25
2026-06-05 13:40:00,LONG,29418.5,370.1,false,-101.25,-237.25,-322.75,-444.5
2026-06-07 18:40:00,LONG,28974,402.3,true,20.25,50.75,279.5,255
2026-06-07 22:40:00,SHORT,29229,402.3,true,20.75,16.5,128,132
2026-06-08 08:35:00,SHORT,29470.25,402.3,false,-96.25,44.25,-116,-91.75
2026-06-08 15:10:00,LONG,29429,402.3,false,8,15.5,-70.75,-67.75
2026-06-09 00:05:00,SHORT,29605.25,411.2,true,-21,8.5,-43.75,-24
2026-06-09 10:40:00,LONG,29286.25,411.2,false,-42.75,-383.5,-910.75,-364.5
2026-06-09 14:40:00,LONG,28921.75,411.2,false,43.5,0.5,224,93.25
2026-06-10 07:30:00,LONG,28659.25,464.6,true,20.25,259.5,121,112.5
2026-06-10 13:35:00,LONG,28633.75,464.6,false,120.5,21.5,12.25,-173.25
2026-06-10 18:45:00,LONG,28424.75,464.6,true,-71.5,-29,85.25,165.75
2026-06-10 22:55:00,SHORT,28636.75,464.6,true,15.25,-102,-139.75,-155.25
2026-06-16 10:55:00,LONG,30602.75,505.1,false,-66,-135.5,-106.25,-159.75
2026-06-17 15:30:00,LONG,30060.25,511.3,false,-15.75,68,165,339.5
2026-06-17 20:30:00,SHORT,30399.75,511.3,true,-16.25,-8.75,-6.75,79.75
2026-06-21 19:50:00,LONG,30356.75,512.0,true,169.5,250.5,255.5,209.25
2026-06-22 13:35:00,LONG,30589,512.0,false,41.5,24.5,-8.25,6.5
2026-06-23 00:50:00,LONG,30255.25,531.1,true,-41.25,-120,-258.25,-423.5
2026-06-23 04:50:00,LONG,29831.75,531.1,true,91,52.25,-28,-107.5
2026-06-24 13:30:00,LONG,29426.25,540.0,false,-18.75,83.25,-27.5,638.25
2026-06-24 18:30:00,SHORT,30064.5,540.0,true,0,-27.5,71.25,73
2026-06-25 09:40:00,LONG,29768.25,556.4,false,-220,-164.5,-72.5,-33
2026-06-25 13:55:00,SHORT,29794.5,556.4,false,-82.75,21,45.75,116.25
2026-06-25 22:45:00,LONG,29302.75,556.4,true,-40.5,-58,-28.5,171.5
2026-06-26 13:05:00,SHORT,29688.25,580.0,false,104.5,141.25,210,187
2026-06-29 13:55:00,SHORT,30003.5,593.5,false,11.25,-28.75,-42.75,-8.75
2026-06-30 12:05:00,SHORT,30484,613.2,false,-16,-71.5,-47.75,-48.5
2026-07-02 12:00:00,LONG,29634,626.2,false,-134.25,-223,-251.25,-101
2026-07-07 10:20:00,LONG,29293,594.4,false,3.5,-12.25,213,257.5
2026-07-08 04:25:00,LONG,29079.75,537.1,true,-70.25,-118.5,-59.5,97.5
2026-07-08 09:35:00,SHORT,29320,537.1,false,-1.25,66.25,212.5,-103
2026-07-08 15:20:00,SHORT,29407,537.1,false,-53.5,10,-16,-132.5
2026-07-12 21:50:00,LONG,29757.25,486.8,true,34,-20,-49,-129.75
2026-07-15 10:35:00,LONG,29602.75,476.4,false,50,45,-185.75,86.25
2026-07-15 16:35:00,SHORT,29713.5,476.4,false,-23.75,22.5,7.5,78.25
2026-07-16 15:35:00,LONG,29151.5,474.2,false,31.5,30.75,1.75,-145
2026-07-17 12:45:00,SHORT,28997.25,477.3,false,-6,36,149.5,238.75
2026-07-20 16:05:00,LONG,28772,505.7,false,3.25,-40.25,0.5,125.75
2026-07-21 00:00:00,SHORT,29061.5,503.7,true,1.5,5.75,-57.25,-70.5
2026-07-22 12:20:00,SHORT,29314.75,495.3,false,24,1.25,85,80.25
2026-07-23 08:55:00,LONG,28787.5,475.7,false,-68.25,-79.75,-190.75,-146.75
2026-07-24 09:50:00,LONG,28344.75,453.4,false,48,5.5,192.25,138.75
2026-07-24 15:35:00,LONG,28274,453.4,false,-0.5,17.25,358.5,331.5
2026-07-26 20:35:00,SHORT,28605.5,447.6,true,-2,-2.5,-45,-35
2026-07-27 09:40:00,LONG,28455,447.6,false,-203,-496,-415.25,-418.75
2026-07-27 13:40:00,LONG,28036.25,447.6,false,64.25,47.25,139.5,97.25
2026-07-28 09:55:00,LONG,27665.25,441.6,false,41.25,136.5,382.75,307.25
2026-07-28 13:55:00,SHORT,27972.5,441.6,false,47.25,-0.25,54,215.75
2026-07-28 23:45:00,LONG,27752,441.6,true,-77.75,-85,72.5,154.75
2026-07-29 04:40:00,SHORT,27923.25,437.1,true,-54.75,-76.5,-45,11.5
2026-07-29 09:50:00,LONG,27753.5,437.1,false,-133.5,-154.25,-261.25,-42
2026-07-29 14:35:00,SHORT,27867.75,437.1,false,-11.25,358.5,540.5,332
2026-07-29 19:35:00,LONG,27535.75,437.1,true,47.75,-1.75,145.75,-42.25
2026-07-30 07:25:00,SHORT,27715,461.1,true,-10,-25.25,-161.25,-295.5
2026-07-30 11:25:00,SHORT,28010.5,461.1,false,-69,-133.25,-158.5,-234
2026-07-30 16:40:00,SHORT,28361.25,461.1,false,-23.5,-41.75,-45.5,-135.75
2026-07-31 10:00:00,LONG,28242.5,437.1,false,-5.75,79.25,48,183.5
2026-07-31 14:05:00,SHORT,28429,437.1,false,2.75,1.25,37.75,-124.5
2026-08-02 21:50:00,SHORT,28632.25,465.8,true,-29.75,-25.25,-60.5,10.5
2026-08-03 11:00:00,SHORT,28791.25,465.8,false,26.75,-15.25,-36.5,-142.75
2026-08-04 09:30:00,SHORT,29382.75,482.5,false,-104,-161,-246.5,-437.25
2026-08-04 13:30:00,SHORT,29820,482.5,false,1.75,-52.75,-93,-15
2026-08-13 09:55:00,SHORT,30176,465.1,false,-58.25,-23.5,60.5,-28.5
2026-08-24 10:00:00,LONG,28975,420.1,false,101.5,84,197.75,173.75
2026-08-26 18:00:00,SHORT,29572.75,391.1,true,-26,-32.25,-42.5,32
2026-08-28 14:40:00,LONG,29491.25,352.4,false,-11.75,11.75,16,-135.75
2026-08-31 02:35:00,SHORT,29518.75,338.8,true,11.25,12.25,28.75,61
2026-09-01 04:25:00,LONG,29285.5,315.4,true,-50.25,-88.5,-48,-115
2026-09-01 14:40:00,LONG,29014.5,315.4,false,105.25,103.25,132.75,125.75
2026-09-02 10:15:00,SHORT,29160.5,293.8,false,-0.25,-23.25,-9,-12.75
2026-09-03 09:45:00,SHORT,29359.75,279.5,false,16.75,50.75,-154,-170.75
2026-09-03 13:50:00,SHORT,29546,279.5,false,-27,-23.75,20,47
2026-09-04 10:45:00,LONG,29510.75,276.5,false,-9.5,-9,77,16.5
2026-09-07 23:25:00,SHORT,29733,272.9,true,-10.75,-12.5,54.25,109.25
2026-09-08 03:35:00,LONG,29563,267.9,true,-66.75,-59,12.25,-3.5
2026-09-09 05:50:00,LONG,29417.25,265.6,true,-3,-26.25,-0.75,100.25
2026-09-09 10:00:00,SHORT,29578,265.6,false,58.5,86,122,110