threshold,pivotType,pivotPrice,entryTime,direction,entryPrice,stopPrice,streak,isGlobex,fwd30,fwd60,fwd120,fwd240
1.5,LOW,23025.25,2026-03-30 20:25:00,SHORT,23011.75,23063.54025,5,true,-193.50,-281.00,-326.00,-292.00
1.5,HIGH,23902,2025-09-09 22:40:00,LONG,23907,23891.89,9,true,5.75,8.50,12.75,35.00
1.5,LOW,23505,2026-03-27 10:35:00,SHORT,23457,23561.86,1,false,-80.75,-141.00,-20.75,98.50
1.5,HIGH,24403.5,2025-09-18 03:55:00,LONG,24422,24383.16875,7,true,25.50,57.00,55.25,70.75
1.5,LOW,24003.75,2025-11-21 05:15:00,SHORT,23946,24043.83425,0,true,-96.25,-202.25,-87.50,-281.25
1.5,HIGH,25225.25,2025-10-10 11:30:00,SHORT,24932.75,25324.2255,6,false,-97.25,-9.00,80.00,-97.25
1.5,LOW,24893.25,2025-10-10 13:10:00,SHORT,24868.25,24931.9785,0,false,-26.75,69.00,-104.75,-240.00
1.5,HIGH,25640.25,2025-10-24 08:45:00,LONG,25720,25608.84625,1,false,68.25,53.00,76.50,372.00
1.5,LOW,24400,2025-11-20 12:55:00,SHORT,24395,24460.33575,2,false,-98.00,139.00,32.50,309.75
1.5,HIGH,25280,2025-10-15 10:15:00,LONG,25319,25258.9295,0,false,-105.00,-134.00,-168.00,26.00
1.5,LOW,24660,2025-11-20 12:05:00,SHORT,24533.5,24807.6505,2,false,198.50,74.00,276.25,408.00
1.5,HIGH,25353,2025-10-15 11:20:00,SHORT,25305.5,25354.293,0,false,93.00,260.50,111.25,0.50
1.5,LOW,24908.25,2025-10-17 07:25:00,LONG,24955,24857.707,3,true,78.00,240.75,159.00,362.75
1.5,HIGH,25417,2025-10-20 09:50:00,LONG,25466.75,25395.92625,0,false,95.25,117.25,68.75,98.25
1.5,LOW,24646,2025-11-20 12:05:00,SHORT,24533.5,24808.64175,1,false,198.50,74.00,276.25,408.00
1.5,HIGH,25606,2025-10-24 02:20:00,LONG,25626.75,25594.11175,0,true,96.25,148.25,175.25,466.50
1.5,LOW,25053,2025-11-07 12:30:00,LONG,25101.5,25033.325,2,false,48.50,75.00,348.50,656.75
1.5,HIGH,26670,2026-04-17 09:00:00,LONG,26729.25,26596.0615,0,false,-41.00,20.00,96.25,133.50
1.5,LOW,25551,2025-11-06 11:50:00,SHORT,25519.5,25556.5065,3,false,-78.00,-162.00,4.75,162.25
1.5,HIGH,26133.5,2026-01-27 19:15:00,LONG,26158.5,26104.67075,2,true,44.00,60.75,56.25,61.25
1.5,LOW,24960.75,2025-11-14 08:40:00,SHORT,24928,24983.74825,1,false,-167.75,-265.75,-565.25,-506.00
1.5,HIGH,26092,2026-01-27 15:20:00,LONG,26102.5,26071.526,7,false,-15.25,-0.75,30.00,117.25
1.5,LOW,24898.75,2025-11-18 02:10:00,SHORT,24886.25,24934.5025,2,true,-162.00,-93.75,141.25,-148.25
1.5,HIGH,25619.75,2025-12-02 10:15:00,LONG,25627.75,25588.7285,0,false,-5.25,-95.25,-74.25,-20.75
1.5,LOW,24633.5,2025-11-20 12:05:00,SHORT,24533.5,24809.584,0,false,198.50,74.00,276.25,408.00
1.5,HIGH,25310,2025-11-26 11:30:00,LONG,25335.25,25282.6065,1,false,21.75,12.50,5.25,11.75
1.5,LOW,23904.5,2026-03-23 02:50:00,SHORT,23867.5,23936.626,1,true,10.00,20.50,-64.50,-29.00
1.5,HIGH,25870.75,2025-12-25 18:35:00,LONG,25885.25,25842.87275,0,true,9.75,17.50,15.00,4.00
1.5,LOW,24887.75,2026-02-04 12:45:00,SHORT,24809.75,24990.82325,0,false,-39.00,-63.50,-213.50,-334.25
1.5,HIGH,25935.25,2026-01-07 11:55:00,LONG,25970.25,25900.48725,0,false,11.75,1.00,-11.50,-145.50
1.5,LOW,25265.25,2026-01-20 03:20:00,SHORT,25251.5,25293.415,9,true,37.75,92.25,72.25,30.75
1.5,HIGH,25979,2026-01-12 14:25:00,LONG,25996,25956.5935,4,false,13.25,-7.50,-27.75,-108.25
1.5,LOW,25569,2026-01-14 10:55:00,SHORT,25492,25639.58575,3,false,-75.00,44.00,48.25,-7.75
1.5,HIGH,26045.5,2026-01-27 10:10:00,LONG,26059.75,26030.8835,2,false,24.25,37.50,15.25,16.75
1.5,LOW,25420.75,2026-01-18 19:25:00,SHORT,25386.25,25453.6045,4,true,-54.25,-15.25,-28.75,5.50
1.5,HIGH,25952.75,2026-01-26 21:45:00,LONG,25959.25,25938.40825,1,true,6.00,8.25,31.50,41.75
1.5,LOW,25025,2026-02-04 12:30:00,SHORT,24884,25047.35325,2,false,32.00,-19.50,-94.25,-179.50
1.5,HIGH,25845.75,2026-01-26 11:00:00,LONG,25885.25,25833.78475,3,false,25.25,22.25,0.50,-5.75
1.5,LOW,25365.25,2026-02-01 22:20:00,SHORT,25354.75,25388.8905,1,true,43.25,38.25,70.25,60.50
1.5,HIGH,26349,2026-04-15 18:05:00,LONG,26369.5,26324.45225,3,true,12.25,21.50,22.25,81.50
1.5,LOW,25536,2026-02-01 18:15:00,SHORT,25420.75,25542.8725,0,true,-128.50,-165.25,-88.00,77.25
1.5,HIGH,26050,2026-04-15 10:05:00,LONG,26067.25,25984.3775,3,false,78.50,101.75,140.50,140.75
1.5,LOW,25180.25,2026-02-04 11:05:00,SHORT,25066,25276.84675,3,false,-10.50,28.00,183.50,2.25
1.5,HIGH,26027.75,2026-04-14 21:50:00,LONG,26038,26013.163,3,true,-11.50,-35.75,-16.75,-67.75
1.5,LOW,24239.75,2026-03-08 19:55:00,SHORT,24215.25,24287.22175,1,true,83.50,114.75,173.50,123.00
1.5,HIGH,25465.25,2026-04-13 16:00:00,LONG,25541.5,25440.23775,2,false,12.25,29.75,54.50,40.50
1.5,LOW,24449.25,2026-03-03 10:30:00,SHORT,24405.25,24526.50775,8,false,-35.75,-200.50,-277.25,-358.50
1.5,HIGH,25494.75,2026-04-13 16:05:00,LONG,25546.75,25461.763,0,false,22.00,39.75,55.25,36.50
1.5,LOW,24477,2026-03-03 05:15:00,SHORT,24450.5,24511.25125,0,true,-29.50,7.00,-101.50,-37.50
1.5,HIGH,25101,2026-03-04 11:40:00,LONG,25159.75,25051.24875,4,false,5.50,12.75,40.50,-7.25
1.5,LOW,24352,2026-03-08 18:15:00,SHORT,24275.25,24481.3375,0,true,-32.50,-2.50,80.00,262.00
1.5,HIGH,25250,2026-04-09 21:05:00,LONG,25266,25230.39775,12,true,31.50,9.75,14.50,13.25
1.5,LOW,24000,2026-03-22 20:45:00,SHORT,23984.25,24064.46125,4,true,-22.00,-73.00,-30.00,-1.50
1.5,HIGH,25217.5,2026-04-08 05:20:00,LONG,25231.25,25175.517,1,true,-17.75,-39.50,-39.75,-27.25
1.5,LOW,23772.5,2026-03-27 05:10:00,SHORT,23740.75,23812.61725,3,true,-30.50,-5.25,101.00,158.00
1.5,HIGH,24763,2026-04-07 18:50:00,LONG,24849.75,24634.63275,0,true,140.00,188.00,245.25,258.00
1.5,HIGH,24348.25,2026-04-06 04:40:00,LONG,24389,24312.2605,1,true,-12.00,-9.00,-39.25,-75.00
1.5,HIGH,27542.5,2026-04-29 20:05:00,LONG,27587.25,27511.24975,3,true,12.50,-16.00,-23.50,-220.75
1.5,HIGH,29480,2026-05-13 14:15:00,LONG,29544.25,29434.96125,7,false,-22.75,-21.00,-29.25,97.00
1.5,LOW,28742,2026-05-19 10:25:00,SHORT,28711.75,28835.63175,0,false,-31.00,-49.75,-193.50,-330.25
1.5,HIGH,29773.75,2026-05-24 18:40:00,LONG,29804.25,29669.56625,3,true,19.25,54.00,101.00,101.25
1.5,LOW,28663,2026-06-09 12:20:00,SHORT,28537.75,28734.393,0,false,198.50,-211.50,-373.25,-554.00
1.5,HIGH,30379,2026-05-29 09:45:00,LONG,30486,30340.51375,1,false,-47.75,-197.25,-110.00,-140.00
1.5,LOW,29763,2026-06-05 11:20:00,SHORT,29711,29830.33475,2,false,52.75,173.75,342.50,662.75
1.5,HIGH,30807.75,2026-06-16 10:30:00,SHORT,30608.25,30832.92025,14,false,2.75,55.25,95.50,149.50
1.5,LOW,28781.25,2026-06-09 12:10:00,SHORT,28621.75,28869.65175,0,false,364.25,61.50,-221.50,-501.00
1.5,HIGH,29848.25,2026-06-23 04:25:00,SHORT,29799.25,29910.22475,1,true,-27.50,-123.75,-37.25,36.50
1.5,LOW,28227.75,2026-07-27 10:35:00,SHORT,28031,28269.22475,4,false,-159.75,16.50,-99.75,-14.75
1.5,HIGH,29250,2026-07-08 04:30:00,SHORT,29084.75,29424.04125,11,true,72.25,115.25,82.50,-82.75
1.5,LOW,28265.75,2026-07-24 15:20:00,SHORT,28229.75,28321.29125,3,false,-6.50,-83.50,-411.25,-371.50
1.5,LOW,29923,2026-06-23 04:05:00,SHORT,29891.5,29962.976,0,true,40.75,23.50,-4.25,26.50
1.5,LOW,29264.75,2026-06-25 23:10:00,SHORT,29252.75,29335.54925,0,true,36.25,-116.00,-50.00,-200.50
1.5,HIGH,30263.75,2026-06-30 10:05:00,LONG,30334.25,30188.3725,1,false,80.25,34.50,153.25,184.75
1.5,LOW,29160.5,2026-07-08 04:35:00,SHORT,28980.25,29301.1275,0,true,-0.75,-21.00,-71.25,-170.75
1.5,LOW,28909.75,2026-07-17 00:10:00,SHORT,28850,28951.7425,3,true,59.50,42.25,105.50,171.50
1.5,HIGH,30077.75,2026-08-13 10:00:00,LONG,30177,29995.38625,3,false,59.75,41.50,-47.50,27.75
1.5,LOW,29303.5,2026-07-16 13:45:00,SHORT,29257.25,29354.7365,5,false,28.75,22.50,136.50,114.25
1.5,HIGH,30062.5,2026-08-13 09:55:00,LONG,30176,29985.973,2,false,37.00,28.25,-53.25,32.75
1.5,LOW,28408.25,2026-07-24 10:25:00,SHORT,28391,28460.796,1,false,13.25,-138.50,-200.00,24.00
1.5,HIGH,29364.75,2026-08-04 09:45:00,LONG,29460,29198.1755,1,false,76.25,86.75,224.25,420.25
1.5,LOW,27409.25,2026-07-29 16:05:00,SHORT,27255,27509.2425,0,false,-18.75,-129.50,-222.75,-344.00
1.5,HIGH,28099.5,2026-07-30 10:25:00,LONG,28226,28058.0075,1,false,-171.75,-188.50,-76.25,-45.25
1.5,HIGH,30074,2026-08-13 10:00:00,LONG,30177,29995.32775,0,false,59.75,41.50,-47.50,27.75
1.5,LOW,29241.25,2026-08-24 01:55:00,SHORT,29200.75,29276.4375,4,true,29.50,27.00,57.25,-33.00
2,LOW,23025.25,2026-03-30 20:25:00,SHORT,23011.75,23063.54025,5,true,-193.50,-281.00,-326.00,-292.00
2,HIGH,25640.25,2025-10-24 08:45:00,LONG,25720,25608.84625,1,false,68.25,53.00,76.50,372.00
2,LOW,24400,2025-11-20 12:55:00,SHORT,24395,24460.33575,2,false,-98.00,139.00,32.50,309.75
2,HIGH,25280,2025-10-15 10:15:00,LONG,25319,25258.9295,0,false,-105.00,-134.00,-168.00,26.00
2,LOW,24660,2025-11-20 12:05:00,SHORT,24533.5,24807.6505,2,false,198.50,74.00,276.25,408.00
2,HIGH,25417,2025-10-20 09:50:00,LONG,25466.75,25395.92625,0,false,95.25,117.25,68.75,98.25
2,LOW,24646,2025-11-20 12:05:00,SHORT,24533.5,24808.64175,1,false,198.50,74.00,276.25,408.00
2,HIGH,26670,2026-04-17 09:00:00,LONG,26729.25,26596.0615,0,false,-41.00,20.00,96.25,133.50
2,LOW,24960.75,2025-11-14 08:40:00,SHORT,24928,24983.74825,1,false,-167.75,-265.75,-565.25,-506.00
2,HIGH,26092,2026-01-27 15:20:00,LONG,26102.5,26071.526,7,false,-15.25,-0.75,30.00,117.25
2,LOW,24898.75,2025-11-18 02:10:00,SHORT,24886.25,24934.5025,2,true,-162.00,-93.75,141.25,-148.25
2,HIGH,25619.75,2025-12-02 10:15:00,LONG,25627.75,25588.7285,0,false,-5.25,-95.25,-74.25,-20.75
2,LOW,23904.5,2026-03-23 02:50:00,SHORT,23867.5,23936.626,1,true,10.00,20.50,-64.50,-29.00
2,HIGH,25870.75,2025-12-25 18:35:00,LONG,25885.25,25842.87275,0,true,9.75,17.50,15.00,4.00
2,LOW,24887.75,2026-02-04 12:45:00,SHORT,24809.75,24990.82325,0,false,-39.00,-63.50,-213.50,-334.25
2,HIGH,25935.25,2026-01-07 11:55:00,LONG,25970.25,25900.48725,0,false,11.75,1.00,-11.50,-145.50
2,LOW,25265.25,2026-01-20 03:20:00,SHORT,25251.5,25293.415,9,true,37.75,92.25,72.25,30.75
2,HIGH,26045.5,2026-01-27 10:10:00,LONG,26059.75,26030.8835,2,false,24.25,37.50,15.25,16.75
2,LOW,25420.75,2026-01-18 19:25:00,SHORT,25386.25,25453.6045,4,true,-54.25,-15.25,-28.75,5.50
2,HIGH,25952.75,2026-01-26 21:45:00,LONG,25959.25,25938.40825,1,true,6.00,8.25,31.50,41.75
2,LOW,25025,2026-02-04 12:30:00,SHORT,24884,25047.35325,2,false,32.00,-19.50,-94.25,-179.50
2,HIGH,26349,2026-04-15 18:05:00,LONG,26369.5,26324.45225,3,true,12.25,21.50,22.25,81.50
2,LOW,25180.25,2026-02-04 11:05:00,SHORT,25066,25276.84675,3,false,-10.50,28.00,183.50,2.25
2,HIGH,26027.75,2026-04-14 21:50:00,LONG,26038,26013.163,3,true,-11.50,-35.75,-16.75,-67.75
2,LOW,24239.75,2026-03-08 19:55:00,SHORT,24215.25,24287.22175,1,true,83.50,114.75,173.50,123.00
2,HIGH,25465.25,2026-04-13 16:00:00,LONG,25541.5,25440.23775,2,false,12.25,29.75,54.50,40.50
2,LOW,24449.25,2026-03-03 10:30:00,SHORT,24405.25,24526.50775,8,false,-35.75,-200.50,-277.25,-358.50
2,HIGH,25494.75,2026-04-13 16:05:00,LONG,25546.75,25461.763,0,false,22.00,39.75,55.25,36.50
2,LOW,24352,2026-03-08 18:15:00,SHORT,24275.25,24481.3375,0,true,-32.50,-2.50,80.00,262.00
2,HIGH,25250,2026-04-09 21:05:00,LONG,25266,25230.39775,12,true,31.50,9.75,14.50,13.25
2,LOW,24000,2026-03-22 20:45:00,SHORT,23984.25,24064.46125,4,true,-22.00,-73.00,-30.00,-1.50
2,HIGH,25217.5,2026-04-08 05:20:00,LONG,25231.25,25175.517,1,true,-17.75,-39.50,-39.75,-27.25
2,LOW,23772.5,2026-03-27 05:10:00,SHORT,23740.75,23812.61725,3,true,-30.50,-5.25,101.00,158.00
2,HIGH,24763,2026-04-07 18:50:00,LONG,24849.75,24634.63275,0,true,140.00,188.00,245.25,258.00
2,HIGH,29480,2026-05-13 14:15:00,LONG,29544.25,29434.96125,7,false,-22.75,-21.00,-29.25,97.00
2,LOW,28742,2026-05-19 10:25:00,SHORT,28711.75,28835.63175,0,false,-31.00,-49.75,-193.50,-330.25
2,HIGH,29773.75,2026-05-24 18:40:00,LONG,29804.25,29669.56625,3,true,19.25,54.00,101.00,101.25
2,LOW,28663,2026-06-09 12:20:00,SHORT,28537.75,28734.393,0,false,198.50,-211.50,-373.25,-554.00
2,HIGH,30807.75,2026-06-16 10:30:00,SHORT,30608.25,30832.92025,14,false,2.75,55.25,95.50,149.50
2,LOW,28781.25,2026-06-09 12:10:00,SHORT,28621.75,28869.65175,0,false,364.25,61.50,-221.50,-501.00
2,HIGH,29848.25,2026-06-23 04:25:00,SHORT,29799.25,29910.22475,1,true,-27.50,-123.75,-37.25,36.50
2,LOW,28227.75,2026-07-27 10:35:00,SHORT,28031,28269.22475,4,false,-159.75,16.50,-99.75,-14.75
2,HIGH,29250,2026-07-08 04:30:00,SHORT,29084.75,29424.04125,11,true,72.25,115.25,82.50,-82.75
2,LOW,28265.75,2026-07-24 15:20:00,SHORT,28229.75,28321.29125,3,false,-6.50,-83.50,-411.25,-371.50
2,LOW,29923,2026-06-23 04:05:00,SHORT,29891.5,29962.976,0,true,40.75,23.50,-4.25,26.50
2,LOW,29160.5,2026-07-08 04:35:00,SHORT,28980.25,29301.1275,0,true,-0.75,-21.00,-71.25,-170.75
2,LOW,28909.75,2026-07-17 00:10:00,SHORT,28850,28951.7425,3,true,59.50,42.25,105.50,171.50
2,HIGH,30077.75,2026-08-13 10:00:00,LONG,30177,29995.38625,3,false,59.75,41.50,-47.50,27.75