entryTime,direction,entryPrice,stopPrice,pivotPrice,streak,numTouches,fwd30,fwd60,fwd120,fwd240
2025-09-03 22:15:00,LONG,23519.25,23492.80625,23509.5,6,7,-17.75,-41.25,-32.00,-57.75
2025-09-02 16:20:00,LONG,23375.25,23266.45975,23333.5,2,3,-3.00,-15.50,-43.25,-54.25
2026-03-30 20:25:00,SHORT,23011.75,23063.54025,23025.25,5,6,-193.50,-281.00,-326.00,-292.00
2026-03-30 20:25:00,SHORT,23011.75,23063.54025,23027,4,5,-193.50,-281.00,-326.00,-292.00
2025-09-04 11:30:00,LONG,23535.5,23499.9785,23525.25,9,10,-1.50,-5.25,35.75,93.50
2025-09-03 20:20:00,LONG,23496.25,23426.4785,23464,5,6,9.00,9.25,18.75,-2.75
2025-09-04 11:55:00,LONG,23538.5,23499.9785,23532,4,5,-6.00,19.50,52.25,122.00
2026-03-27 10:05:00,SHORT,23484,23630.36,23595,6,7,-3.50,-53.75,-52.25,132.25
2026-03-27 10:05:00,SHORT,23484,23630.36,23596.25,5,6,-3.50,-53.75,-52.25,132.25
2025-09-08 09:40:00,LONG,23831,23766.937,23791.25,4,5,21.25,42.25,35.50,-33.25
2026-03-27 06:45:00,SHORT,23677.5,23747.313,23724.5,6,7,34.00,20.00,43.75,217.25
2025-09-09 16:25:00,LONG,23897,23855.687,23876.25,7,8,-8.50,-2.00,-16.00,-9.00
2025-09-09 16:35:00,LONG,23904,23865.937,23888,3,4,-10.00,-2.25,-27.00,-1.00
2026-03-27 06:00:00,SHORT,23735,23788.313,23760,6,7,-4.75,101.75,77.00,228.25
2025-11-21 05:10:00,SHORT,23967,24079.31,24044.25,3,4,-95.25,-161.00,-46.50,-295.50
2025-11-21 05:15:00,SHORT,23946,24044.06,24015,2,3,-96.25,-202.25,-87.50,-281.25
2026-03-27 05:05:00,SHORT,23723.5,23811.06,23785,4,5,-65.00,-20.50,97.50,127.00
2026-03-23 02:45:00,SHORT,23873.75,23933.56,23919,5,6,-7.75,15.50,-51.00,28.00
2025-09-17 10:05:00,SHORT,24225.5,24305.08125,24258.25,7,8,26.00,58.00,57.50,-35.25
2025-09-17 18:55:00,LONG,24324.25,24284.41575,24300.5,1,2,7.00,18.50,-2.25,55.50
2025-09-28 18:15:00,LONG,24997.25,24523.00875,24563.5,1,2,144.25,133.00,90.75,35.50
2025-11-20 12:55:00,SHORT,24395,24460.4755,24412.5,3,4,-98.00,139.00,32.50,309.75
2025-10-10 11:30:00,SHORT,24932.75,25324.2255,25225.25,6,7,-97.25,-9.00,80.00,-97.25
2025-09-30 03:45:00,SHORT,25015.5,25066.2255,25059.25,2,3,11.00,-24.75,-55.25,-114.50
2025-09-30 16:00:00,LONG,25130,25092.7745,25110,3,4,-116.75,-99.75,65.00,268.00
2025-09-30 15:35:00,LONG,25115,25092.2825,25094.5,3,4,-24.25,-136.25,13.50,207.25
2025-10-12 20:00:00,LONG,25005,24991.0215,24995,3,4,71.00,55.00,22.00,195.00
2025-10-03 13:55:00,SHORT,25221.75,25286.0925,25271.5,4,5,-35.50,-129.25,-187.50,-267.00
2025-10-07 10:35:00,SHORT,25444.5,25490.08425,25485.25,5,6,140.50,108.25,122.25,-54.75
2025-10-07 11:20:00,SHORT,25363.5,25384.08425,25368.75,1,2,69.50,101.50,16.25,-177.00
2025-10-08 12:10:00,LONG,25515.75,25494.91575,25499.5,4,5,20.50,68.50,8.50,83.75
2025-10-10 11:30:00,SHORT,24932.75,25323.9445,25241.25,2,3,-97.25,-9.00,80.00,-97.25
2025-10-08 04:45:00,LONG,25358,25332.5555,25336.25,1,2,-21.00,118.00,178.25,98.00
2025-10-10 11:30:00,SHORT,24932.75,25323.9445,25260,2,3,-97.25,-9.00,80.00,-97.25
2025-10-07 19:25:00,SHORT,25290,25315.9445,25310,1,2,-57.25,-83.75,-226.00,-222.00
2025-10-10 07:10:00,LONG,25559.75,25501.613,25513.25,2,3,28.00,-409.75,-517.75,-881.25
2025-10-24 02:20:00,LONG,25626.75,25595.91425,25599.25,8,9,96.25,148.25,175.25,466.50
2025-10-24 07:05:00,SHORT,25621.75,25633.83575,25630,1,2,-128.25,-158.25,-182.00,-468.25
2025-10-14 01:55:00,SHORT,24950,25005.58575,24987.75,5,6,61.50,75.00,90.00,-195.00
2025-10-14 01:55:00,SHORT,24950,25006.3205,24978.5,1,2,61.50,75.00,90.00,-195.00
2025-10-13 20:30:00,LONG,25280,25190.1795,25200,1,2,-222.00,-323.00,-419.25,-162.50
2025-10-14 00:15:00,SHORT,25058,25144.8205,25137,1,2,115.75,224.75,355.50,-99.00
2025-11-18 11:05:00,SHORT,24737,24765.4005,24745,8,9,-190.50,-284.00,-238.00,-181.25
2025-11-20 12:05:00,SHORT,24533.5,24807.6505,24660,2,3,198.50,74.00,276.25,408.00
2025-10-15 12:55:00,SHORT,25155,25194.6505,25180.5,6,7,135.00,-7.25,-28.00,-150.25
2025-10-17 08:05:00,LONG,24972,24930.0995,24934.25,6,7,-60.25,188.00,190.00,357.00
2025-10-16 14:25:00,SHORT,24921,25014.9005,24985.25,3,4,-104.00,-90.75,209.00,-167.75
2025-10-16 05:00:00,LONG,25263,25229.957,25230.75,2,3,49.00,72.00,-46.50,-253.00
2025-10-17 07:25:00,LONG,24955,24857.707,24908.25,3,4,78.00,240.75,159.00,362.75
2025-10-20 09:30:00,LONG,25432.25,25363.42625,25367,2,3,130.00,111.50,72.75,107.75
2025-10-17 10:25:00,LONG,25150,25070.17625,25079,3,4,-145.00,12.00,98.75,417.75
2025-11-20 12:05:00,SHORT,24533.5,24808.64175,24666,2,3,198.50,74.00,276.25,408.00
2025-11-20 12:05:00,SHORT,24533.5,24808.64175,24646,1,2,198.50,74.00,276.25,408.00
2025-11-18 02:10:00,SHORT,24886.25,24949.14175,24911.75,4,5,-162.00,-93.75,141.25,-148.25
2025-11-18 02:05:00,SHORT,24860.5,24949.14175,24917.25,3,4,-184.50,-145.00,82.25,-160.50
2025-11-07 12:50:00,SHORT,25037.75,25098.39175,25085,4,5,-144.75,-205.25,-584.00,-748.00
2025-10-23 13:45:00,LONG,25524.25,25468.8215,25473,6,7,-21.00,98.00,241.00,441.50
2025-11-06 11:50:00,SHORT,25519.5,25555.925,25532.5,4,5,-78.00,-162.00,4.75,162.25
2025-10-22 20:05:00,SHORT,25234.75,25313.925,25304,4,5,-104.25,39.00,-167.25,-379.25
2025-10-23 10:00:00,LONG,25415,25339.575,25365.75,1,2,-25.00,66.75,155.00,357.00
2025-11-07 10:45:00,SHORT,25109.25,25221.925,25200,6,7,85.50,86.00,-133.50,-540.25
2025-11-07 06:25:00,SHORT,25374.5,25451.557,25425.5,5,6,47.75,174.50,309.75,26.25
2025-11-05 08:30:00,LONG,25822.75,25764.23625,25777.5,12,13,115.25,153.75,249.50,79.25
2025-11-04 01:00:00,SHORT,26060,26131.1775,26100.5,3,4,48.75,45.00,100.25,195.75
2025-10-29 22:20:00,LONG,26626.25,26573.8115,26586.5,1,2,-123.25,-76.25,-273.00,-467.00
2025-10-31 02:20:00,SHORT,26431,26451.4385,26441.5,7,8,-48.25,75.25,186.00,81.00
2025-10-31 02:20:00,SHORT,26431,26451.4385,26440.25,8,9,-48.25,75.25,186.00,81.00
2025-10-30 20:35:00,LONG,26443.25,26418.829,26420,4,5,28.25,61.75,-86.50,-112.25
2026-04-17 08:00:00,LONG,26584.5,26534.079,26556,2,3,57.00,134.75,164.75,212.75
2025-10-31 09:45:00,SHORT,26383.25,26466.171,26438.25,6,7,-34.75,104.50,141.25,-61.50
2026-04-16 12:10:00,LONG,26551.75,26494.4315,26525,2,3,-41.25,-75.75,-155.75,-98.00
2025-11-03 05:55:00,LONG,26405,26370.6815,26380,1,2,52.00,-68.50,-64.50,-470.50
2026-01-28 01:20:00,LONG,26305.75,26239.61575,26288,1,2,4.25,8.00,-23.75,-23.50
2026-01-28 01:15:00,LONG,26317.5,26239.61575,26277,1,2,-10.00,-1.75,-16.25,-30.50
2026-04-15 20:55:00,LONG,26437.75,26409.36575,26425.5,2,3,0.00,9.00,6.50,-0.25
2025-11-04 11:25:00,SHORT,26014,26083.0065,26050,1,2,54.00,130.25,174.00,232.75
2025-11-06 11:50:00,SHORT,25519.5,25556.5065,25551,3,4,-78.00,-162.00,4.75,162.25
2026-01-27 19:15:00,LONG,26158.5,26104.67075,26133.5,2,3,44.00,60.75,56.25,61.25
2025-11-10 10:35:00,LONG,25926.25,25871.67075,25907.75,5,6,-176.75,-34.00,53.75,-128.25
2025-11-06 23:05:00,SHORT,25442,25507.71,25490.5,2,3,-154.00,69.00,217.00,327.00
2025-11-13 09:50:00,SHORT,25624,25690.96,25686,1,2,64.25,151.50,343.25,251.25
2025-11-09 20:10:00,LONG,25638.5,25593.29,25600.75,4,5,103.50,113.50,166.00,276.50
2025-11-14 10:50:00,LONG,25400,25257.50175,25287.5,6,7,93.00,139.00,-63.75,2.75
2025-11-12 02:15:00,LONG,26041,26013.2925,26025.5,1,2,6.00,-166.25,-231.25,-208.00
2025-11-13 09:15:00,SHORT,25736.5,25773.974,25762.5,1,2,76.50,240.75,265.25,367.50
2025-11-13 04:20:00,SHORT,25851,25900.974,25896.75,2,3,64.25,250.00,382.00,486.25
2025-12-05 10:05:00,LONG,25830,25734.776,25775.75,3,4,18.25,-85.25,-106.50,-110.75
2026-01-12 14:30:00,LONG,26010.5,25969.95675,25987.25,4,5,5.25,-24.75,-42.75,-128.75
2025-12-25 19:15:00,LONG,25903,25864.95675,25887,9,10,0.75,9.25,-7.50,-20.25
2025-12-05 10:00:00,LONG,25812.75,25700.95675,25754.5,2,3,33.00,-53.25,-80.75,-88.25
2025-11-14 11:30:00,LONG,25467,25393.95675,25420,4,5,48.00,-40.00,-37.00,-165.50
2025-11-14 10:45:00,LONG,25410,25170.45675,25275,5,6,99.00,105.00,-39.75,-8.75
2025-11-14 11:25:00,LONG,25509,25363.95675,25391.5,10,11,12.25,-99.00,-152.75,-237.25
2025-11-14 11:30:00,LONG,25467,25393.95675,25408,4,5,48.00,-40.00,-37.00,-165.50
2025-11-17 09:45:00,LONG,25480,25216.2475,25354.25,3,4,-126.00,-128.00,-302.75,-399.50
2025-11-17 08:45:00,SHORT,25305.25,25339.0025,25336.25,2,3,-194.75,-94.75,37.25,206.75
2025-12-02 09:45:00,LONG,25583.25,25464.9785,25506,11,12,54.00,39.25,-96.25,-37.50
2025-11-20 08:55:00,LONG,25229.5,25161.4785,25204.75,7,8,0.75,30.25,-51.25,-850.75
2025-11-20 09:00:00,LONG,25234,25178.7285,25215.75,2,3,-54.00,54.00,-104.25,-817.00
2025-11-26 11:25:00,LONG,25323.25,25256.9785,25296.75,2,3,36.50,16.50,23.75,29.00
2025-11-20 08:55:00,LONG,25229.5,25161.4785,25205,6,7,0.75,30.25,-51.25,-850.75
2025-11-20 08:55:00,LONG,25229.5,25161.4785,25203.5,4,5,0.75,30.25,-51.25,-850.75
2025-11-18 10:05:00,SHORT,24805,24896.5215,24861.75,1,2,85.50,10.50,-208.00,-19.25
2025-11-19 19:25:00,LONG,25144,25080.666,25103.25,3,4,-7.25,-6.25,-6.50,29.75
2025-11-20 12:05:00,SHORT,24533.5,24809.584,24686.75,1,2,198.50,74.00,276.25,408.00
2025-11-19 16:35:00,LONG,24905.75,24724.916,24761,3,4,120.25,167.75,232.50,248.00
2025-11-19 16:35:00,LONG,24905.75,24724.916,24756.75,1,2,120.25,167.75,232.50,248.00
2025-11-20 08:55:00,LONG,25229.5,25160.8565,25209,3,4,0.75,30.25,-51.25,-850.75
2025-11-26 11:10:00,LONG,25292.5,25219.1065,25264.75,5,6,65.25,48.25,25.50,50.50
2025-11-26 11:30:00,LONG,25335.25,25282.6065,25299.75,2,3,21.75,12.50,5.25,11.75
2025-11-21 08:45:00,LONG,24238,24188.124,24210,5,6,-10.75,-91.75,-198.00,156.75
2026-03-23 02:50:00,SHORT,23867.5,23936.626,23904.5,1,2,10.00,20.50,-64.50,-29.00
2026-03-23 02:20:00,SHORT,23939,23983.376,23952.5,10,11,64.75,81.50,27.00,71.00
2026-03-23 02:40:00,SHORT,23872,23955.126,23927.25,3,4,-24.00,64.75,-66.25,34.50
2026-03-08 18:15:00,SHORT,24275.25,24480.626,24285,1,2,-32.50,-2.50,80.00,262.00
2025-11-24 09:45:00,LONG,24617.75,24508.71575,24555.25,7,8,119.00,195.75,270.25,315.50
2026-02-05 18:45:00,SHORT,24350.75,24442.53425,24404,9,10,95.25,-23.00,-118.75,-148.00
2025-11-25 12:40:00,LONG,25032.5,24956.96575,24993.5,1,2,-26.25,-26.75,-91.50,29.75
2026-02-05 16:25:00,SHORT,24545,24728.38375,24602,5,6,105.75,154.75,185.25,8.75
2025-12-17 11:05:00,SHORT,25104.5,25151.75825,25118.5,6,7,89.50,101.00,49.75,149.50
2025-12-01 10:15:00,LONG,25364,25284.59225,25342.75,1,2,-25.25,-25.75,63.50,76.50
2025-12-02 09:05:00,LONG,25507.25,25469.09225,25495.75,5,6,34.25,135.25,109.50,41.50
2025-12-02 22:35:00,LONG,25673.5,25628.61075,25654.75,4,5,-8.75,-9.25,-6.75,-7.00
2025-12-04 04:50:00,LONG,25688,25637.36075,25670,28,29,-10.00,-39.00,-38.00,-53.00
2025-12-17 04:20:00,LONG,25442.5,25389.61075,25414.5,13,14,16.25,30.50,29.00,-36.75
2025-12-04 09:15:00,LONG,25705.75,25623.10825,25678.25,11,12,-114.75,-148.75,-164.25,-93.00
2025-12-17 04:25:00,LONG,25433,25393.35825,25421.5,15,16,30.75,37.50,44.00,1.00
2025-12-17 04:40:00,LONG,25455.5,25393.35825,25430,10,11,18.25,7.75,31.50,-31.75
2025-12-10 22:15:00,SHORT,25453.5,25558.55,25520.5,6,7,-14.75,-62.50,-43.25,-56.00
2025-12-10 22:15:00,SHORT,25453.5,25558.55,25505,1,2,-14.75,-62.50,-43.25,-56.00
2025-12-10 21:55:00,SHORT,25549.25,25618.39525,25579.75,8,9,72.25,78.25,41.25,46.50
2025-12-24 11:50:00,LONG,25876.5,25842.35475,25868,4,5,-3.00,2.50,9.50,23.75
2025-12-24 11:45:00,LONG,25882,25840.582,25860.75,4,5,-3.75,-10.50,6.25,19.50
2025-12-10 11:05:00,SHORT,25577,25634.918,25593.75,14,15,-71.00,-68.50,-71.50,-259.00
2025-12-10 22:00:00,SHORT,25457.75,25590.668,25564.75,6,7,1.75,-26.25,-49.25,-51.75
2025-12-10 15:00:00,LONG,25840.5,25652.832,25729.5,15,16,-0.75,-37.25,-53.75,-173.50
2025-12-10 22:00:00,SHORT,25457.75,25590.49975,25560,4,5,1.75,-26.25,-49.25,-51.75
2025-12-10 15:05:00,LONG,25841.25,25686.87275,25745.75,4,5,7.50,-55.50,-77.25,-177.00
2025-12-10 22:00:00,SHORT,25457.75,25590.37725,25567,4,5,1.75,-26.25,-49.25,-51.75
2025-12-16 15:40:00,LONG,25420.25,25353.12275,25383,3,4,-70.50,-87.25,-80.25,-98.50
2025-12-16 15:45:00,LONG,25407.25,25363.93875,25386.5,2,3,-69.75,-70.00,-49.75,-67.00
2025-12-17 10:50:00,SHORT,25083.75,25272.81125,25205.25,7,8,38.25,89.00,74.25,126.25
2025-12-17 03:45:00,LONG,25421.5,25384.93875,25409,6,7,13.50,36.50,54.75,72.75
2025-12-17 10:50:00,SHORT,25083.75,25272.81125,25178.75,1,2,38.25,89.00,74.25,126.25
2025-12-17 10:50:00,SHORT,25083.75,25272.81125,25212.75,3,4,38.25,89.00,74.25,126.25
2025-12-18 06:55:00,LONG,25100,25062.42675,25085,5,6,-3.50,-9.25,131.00,274.00
2026-02-04 12:40:00,SHORT,24850.25,24990.82325,24901.25,3,4,12.00,-37.25,-154.75,-312.00
2026-02-04 12:40:00,SHORT,24850.25,24990.82325,24902.25,1,2,12.00,-37.25,-154.75,-312.00
2025-12-19 09:45:00,LONG,25547,25349.5655,25412.5,1,2,-6.00,-41.75,-23.50,2.00
2026-01-20 04:15:00,SHORT,25165,25234.1845,25192.5,3,4,32.50,-2.50,-30.00,-66.50
2026-01-19 09:45:00,SHORT,25262,25303.47375,25273.75,10,11,-60.75,-63.25,-114.50,-123.25
2025-12-21 18:10:00,LONG,25638.75,25583.77625,25600.25,4,5,29.75,21.00,40.75,58.75
2025-12-30 20:00:00,SHORT,25597.25,25641.798,25628,5,6,-22.25,-20.75,-30.25,-21.00
2025-12-23 08:50:00,SHORT,25632.5,25675.988,25653.25,2,3,6.50,-92.75,-85.00,-121.50
2025-12-31 01:00:00,SHORT,25600.5,25630.238,25608.25,12,13,12.25,3.25,5.00,36.00
2026-01-07 11:15:00,LONG,25919.5,25897.48725,25910.5,7,8,34.00,53.25,27.25,-48.50
2025-12-29 00:15:00,SHORT,25831.75,25861.26275,25843.25,8,9,4.00,2.00,39.50,68.50
2025-12-30 19:10:00,SHORT,25644.25,25672.83175,25656.75,4,5,7.25,27.75,32.25,22.50
2025-12-30 19:10:00,SHORT,25644.25,25691.58175,25661.75,2,3,7.25,27.75,32.25,22.50
2026-01-06 13:55:00,LONG,25804.75,25755.91825,25772.75,12,13,4.00,3.25,25.00,23.75
2026-01-06 13:50:00,LONG,25798.75,25747.91825,25774.25,10,11,10.25,17.25,28.25,26.00
2026-01-06 13:55:00,LONG,25804.75,25755.916,25774.75,9,10,4.00,3.25,25.00,23.75
2026-01-06 14:20:00,LONG,25812.25,25776.666,25793.75,1,2,3.75,3.25,12.00,17.75
2025-12-31 14:55:00,SHORT,25535.75,25590.423,25552.5,2,3,48.25,39.00,98.25,32.00
2026-01-06 10:20:00,LONG,25763.5,25701.335,25742.75,2,3,-37.25,-89.50,-40.25,45.50
2026-01-19 05:00:00,SHORT,25286,25342.415,25303.5,2,3,-13.00,17.75,3.00,-51.50
2026-01-20 03:20:00,SHORT,25251.5,25293.415,25265.25,9,10,37.75,92.25,72.25,30.75
2026-01-19 02:40:00,SHORT,25328.75,25387.915,25362,3,4,-45.00,-73.00,39.75,31.25
2026-01-14 11:00:00,SHORT,25531,25575.94825,25538.5,3,4,-54.00,64.00,73.75,57.00
2026-01-14 10:55:00,SHORT,25492,25639.69825,25557,10,11,-75.00,44.00,48.25,-7.75
2026-01-14 10:55:00,SHORT,25492,25639.69825,25549.5,5,6,-75.00,44.00,48.25,-7.75
2026-01-07 09:55:00,LONG,25855,25817.6065,25844.75,2,3,-8.25,49.75,104.25,103.75
2026-01-08 01:15:00,SHORT,25678.5,25747.9065,25727,3,4,-24.50,-39.50,-98.00,-74.25
2026-01-07 21:50:00,SHORT,25786.25,25830.1565,25810.75,3,4,1.50,8.25,7.75,86.75
2026-01-12 14:25:00,LONG,25996,25956.5935,25979,4,5,13.25,-7.50,-27.75,-108.25
2026-01-14 10:05:00,SHORT,25589.5,25675.08575,25627.5,3,4,-5.75,72.00,126.00,93.00
2026-01-13 10:30:00,SHORT,25844,25919.922,25863.75,5,6,-52.75,-69.75,-133.00,-22.75
2026-01-27 06:50:00,LONG,26037,25997.078,26020.5,7,8,-23.75,-32.25,-47.50,38.25
2026-01-27 10:10:00,LONG,26059.75,26030.8835,26045.5,2,3,24.25,37.50,15.25,16.75
2026-01-27 10:05:00,LONG,26066.25,25974.8835,26042.75,1,2,5.75,20.75,7.00,14.00
2026-01-14 05:30:00,SHORT,25746,25839.8665,25809.25,1,2,15.50,-15.00,-28.75,13.75
2026-01-27 06:50:00,LONG,26037,25997.1335,26025.75,3,4,-23.75,-32.25,-47.50,38.25
2026-01-26 21:10:00,LONG,25947.5,25910.1335,25926.5,18,19,12.75,26.00,51.50,70.25
2026-01-18 19:25:00,SHORT,25386.25,25453.6045,25435.5,7,8,-54.25,-15.25,-28.75,5.50
2026-01-15 14:30:00,SHORT,25773.25,25865.84175,25841.5,2,3,31.25,62.50,69.75,20.75
2026-01-26 21:10:00,LONG,25947.5,25910.40825,25925.75,7,8,12.75,26.00,51.50,70.25
2026-01-26 21:15:00,LONG,25952.5,25916.15825,25938,1,2,7.00,12.75,40.50,68.25
2026-01-26 11:00:00,LONG,25885.25,25833.90425,25873.25,4,5,25.25,22.25,0.50,-5.75
2026-01-23 10:45:00,LONG,25810,25739.90425,25752.75,2,3,9.50,-14.25,-71.50,-69.00
2026-01-22 03:45:00,LONG,25673,25632.40425,25654,1,2,32.00,29.00,17.50,10.75
2026-01-21 14:45:00,LONG,25615.5,25416.16475,25470,4,5,-44.75,-136.75,-106.50,-53.50
2026-01-19 20:35:00,LONG,25416,25388.16475,25410.75,3,4,0.75,12.00,-0.50,-7.25
2026-01-20 03:25:00,SHORT,25237.25,25284.08525,25257.75,5,6,18.75,73.75,54.50,7.25
2026-01-21 07:00:00,SHORT,25054,25123.76475,25095.25,1,2,-9.75,-24.50,-47.75,-415.25
2026-01-21 10:45:00,LONG,25470.5,25373.23525,25417,3,4,-11.75,-183.50,-294.50,117.75
2026-01-21 10:45:00,LONG,25470.5,25373.23525,25428.25,1,2,-11.75,-183.50,-294.50,117.75
2026-02-01 18:25:00,SHORT,25433.75,25542.10325,25446,1,2,-100.25,-164.50,-105.75,72.75
2026-02-01 18:15:00,SHORT,25420.75,25542.4625,25483.75,2,3,-128.50,-165.25,-88.00,77.25
2026-01-23 10:35:00,LONG,25778.5,25668.5375,25739.75,1,2,46.25,3.25,3.25,-25.75
2026-01-25 18:15:00,SHORT,25513.25,25590.7125,25536.75,1,2,5.25,-74.25,-103.00,-125.50
2026-01-23 10:35:00,LONG,25778.5,25668.5375,25723.5,4,5,46.25,3.25,3.25,-25.75
2026-01-23 04:45:00,SHORT,25556.75,25608.2125,25584.75,4,5,1.00,-4.50,-74.00,-23.50
2026-01-23 10:35:00,LONG,25778.5,25668.53475,25731.5,1,2,46.25,3.25,3.25,-25.75
2026-01-26 01:10:00,LONG,25687.25,25636.6095,25668.75,1,2,-12.75,-8.00,25.25,-66.00
2026-01-29 11:00:00,SHORT,25559.25,25648.6405,25595.25,1,2,-132.75,-167.75,-216.00,-291.25
2026-02-01 19:25:00,LONG,25612.75,25540.6095,25582,3,4,-3.50,-73.25,-187.50,-301.00
2026-01-26 21:15:00,LONG,25952.5,25915.8595,25936.5,1,2,7.00,12.75,40.50,68.25
2026-01-29 10:15:00,SHORT,25759.25,25873.6405,25834,1,2,126.00,97.25,-53.25,-112.25
2026-04-15 15:25:00,LONG,26336.5,26279.95225,26301,1,2,27.25,15.75,33.50,68.00
2026-01-29 09:45:00,SHORT,25986.25,26180.54775,26100.75,5,6,237.00,353.00,283.25,129.75
2026-01-29 09:45:00,SHORT,25986.25,26180.54775,26112.75,4,5,237.00,353.00,283.25,129.75
2026-01-30 02:45:00,SHORT,25740.25,25785.6225,25749,2,3,-5.75,21.75,57.25,-86.00
2026-04-15 10:05:00,LONG,26067.25,25984.3775,26050,3,4,78.50,101.75,140.50,140.75
2026-04-14 21:15:00,LONG,26039.25,25997.1275,26020,9,10,-4.75,-12.25,-41.00,-32.75
2026-02-03 02:45:00,LONG,26024,25977.8775,25993.75,6,7,-6.25,-37.75,-51.75,-67.75
2026-02-02 12:10:00,LONG,25905.25,25870.6275,25888,18,19,5.75,27.25,34.50,-16.25
2026-01-30 13:20:00,SHORT,25618.5,25742.014,25682,2,3,-84.25,-129.25,28.25,199.00
2026-02-02 12:25:00,LONG,25915.5,25870.236,25905.25,10,11,19.50,5.00,14.25,-35.50
2026-02-02 18:40:00,LONG,25961.25,25915.736,25940,8,9,-28.00,7.50,-1.75,-10.50
2026-02-02 18:40:00,LONG,25961.25,25912.236,25934,6,7,-28.00,7.50,-1.75,-10.50
2026-02-01 19:20:00,LONG,25614,25491.736,25568.75,2,3,0.25,-107.00,-202.50,-297.50
2026-02-04 10:55:00,SHORT,25152.25,25265.59675,25216.25,6,7,47.50,151.75,278.00,64.75
2026-02-04 02:20:00,LONG,25497.5,25455.413,25477,1,2,13.00,-25.00,-133.25,-46.50
2026-02-04 09:10:00,SHORT,25348.75,25399.087,25362,3,4,44.75,133.75,277.25,510.50
2026-04-13 16:05:00,LONG,25546.75,25463.6595,25490.5,3,4,22.00,39.75,55.25,36.50
2026-02-08 18:15:00,LONG,25254.25,25147.1595,25181.25,1,2,18.00,65.25,-16.50,-26.00
2026-02-08 18:15:00,LONG,25254.25,25147.1595,25169,2,3,18.00,65.25,-16.50,-26.00
2026-02-06 15:25:00,LONG,25109.75,25076.6595,25094.5,14,15,71.50,4.50,146.25,136.50
2026-02-05 07:35:00,SHORT,24834.75,24986.0905,24948.25,3,4,24.00,-13.25,36.50,34.25
2026-02-06 15:25:00,LONG,25109.75,25076.27825,25096.75,8,9,71.50,4.50,146.25,136.50
2026-02-06 09:45:00,LONG,24931.5,24693.77825,24869.25,5,6,-155.25,0.75,95.00,169.00
2026-02-05 16:40:00,SHORT,24462.5,24621.22175,24550,2,3,23.25,91.75,96.75,-84.25
2026-02-06 09:45:00,LONG,24931.5,24693.77825,24856.5,7,8,-155.25,0.75,95.00,169.00
2026-03-03 10:30:00,SHORT,24405.25,24525.47175,24425.25,4,5,-35.75,-200.50,-277.25,-358.50
2026-03-03 05:00:00,SHORT,24472.5,24510.15525,24490.75,6,7,40.25,32.50,-17.75,-21.50
2026-02-12 19:50:00,SHORT,24716.25,24794.90525,24758.25,5,6,-98.00,-98.00,-87.25,-49.50
2026-02-12 11:20:00,SHORT,24882.75,25014.3065,24968.5,1,2,24.25,14.75,52.75,59.00
2026-02-25 16:40:00,LONG,25459,25368.9435,25416.5,14,15,-61.00,-140.25,-146.50,-164.00
2026-02-25 16:40:00,LONG,25459,25368.9435,25428.75,9,10,-61.00,-140.25,-146.50,-164.00
2026-02-10 15:15:00,SHORT,25268,25304.0565,25278.5,7,8,17.50,32.50,-12.25,-43.50
2026-02-25 16:40:00,LONG,25459,25368.74725,25421.5,9,10,-61.00,-140.25,-146.50,-164.00
2026-02-10 15:10:00,SHORT,25251.5,25320.50275,25292.25,5,6,13.75,16.00,-19.75,-55.25
2026-02-11 09:05:00,LONG,25417.75,25361.24725,25410,6,7,-31.00,-124.25,-211.25,-167.75
2026-04-13 15:30:00,LONG,25473.5,25427.49725,25447.25,4,5,65.75,80.25,107.75,110.75
2026-04-13 16:00:00,LONG,25541.5,25440.23775,25465.25,2,3,12.25,29.75,54.50,40.50
2026-02-12 10:45:00,SHORT,25096.5,25261.26225,25200.75,3,4,183.75,203.75,195.75,166.00
2026-02-13 12:35:00,LONG,24979.5,24909.20025,24940.75,3,4,-68.25,5.75,-41.50,-193.75
2026-02-13 01:00:00,SHORT,24707.5,24749.54975,24721.5,1,2,36.25,-35.75,-41.00,-70.00
2026-02-13 11:45:00,LONG,24879.75,24776.95025,24856.75,5,6,62.50,81.50,78.25,-128.00
2026-02-16 22:15:00,SHORT,24623.75,24673.4445,24642.25,5,6,30.75,12.75,21.75,21.25
2026-02-16 21:55:00,SHORT,24662,24768.9445,24675,12,13,39.00,56.75,46.75,32.50
2026-02-16 22:40:00,SHORT,24606.25,24673.4445,24624,3,4,-13.00,-4.25,20.00,-27.00
2026-02-16 22:40:00,SHORT,24606.25,24673.4445,24620.5,2,3,-13.00,-4.25,20.00,-27.00
2026-02-17 08:10:00,SHORT,24548.75,24612.6945,24578.75,9,10,-52.50,-98.00,29.50,-169.50
2026-02-16 21:05:00,SHORT,24649.75,24769.06175,24692.75,5,6,-11.00,40.50,36.50,49.50
2026-02-17 14:40:00,LONG,24873,24813.43825,24842.5,2,3,-65.75,-115.00,-113.75,-122.75
2026-03-03 04:55:00,SHORT,24453.75,24549.50775,24518,9,10,-7.50,9.75,-48.25,-28.25
2026-03-02 01:20:00,SHORT,24644.25,24724.50775,24700.75,8,9,75.75,104.50,135.50,-11.50
2026-02-20 09:20:00,SHORT,24713.5,24783.6165,24752,5,6,-171.50,-251.00,-302.00,-247.25
2026-02-25 08:00:00,LONG,25139.5,25101.8835,25128.25,6,7,-5.50,13.25,202.75,177.00
2026-02-20 08:50:00,SHORT,24747.75,24870.96675,24763,7,8,45.00,-137.25,-326.00,-253.25
2026-02-20 04:25:00,LONG,24976.25,24934.78325,24956.5,6,7,-34.50,-52.50,-92.00,-147.00
2026-02-20 09:20:00,SHORT,24713.5,24783.46675,24749,2,3,-171.50,-251.00,-302.00,-247.25
2026-03-02 01:30:00,SHORT,24670.25,24706.73225,24678.5,9,10,77.75,112.50,164.50,8.00
2026-02-25 07:30:00,LONG,25138.75,25102.01775,25122.25,2,3,-0.75,-4.75,73.00,167.50
2026-02-24 11:15:00,LONG,25019.25,24966.09,25004,3,4,-27.50,47.00,22.75,-19.00
2026-03-02 01:45:00,SHORT,24581.5,24706.91,24677.5,7,8,17.50,12.25,16.75,-85.50
2026-03-02 01:30:00,SHORT,24670.25,24706.91,24678.75,3,4,77.75,112.50,164.50,8.00
2026-03-01 19:00:00,SHORT,24736.25,24787.54975,24761,4,5,4.25,-48.25,-123.00,-52.75
2026-03-02 01:25:00,SHORT,24668.25,24724.79975,24694.5,1,2,83.25,86.00,174.00,27.50
2026-03-04 11:05:00,LONG,25110,25035.4735,25085.5,13,14,17.75,55.75,56.25,76.00
2026-03-04 11:40:00,LONG,25159.75,25050.9735,25099,8,9,5.50,12.75,40.50,-7.25
2026-03-04 11:40:00,LONG,25159.75,25051.13225,25098.75,7,8,5.50,12.75,40.50,-7.25
2026-03-02 10:10:00,LONG,24930.5,24793.63225,24873,6,7,-22.00,36.75,90.00,102.00
2026-03-03 03:45:00,SHORT,24533.5,24644.00125,24609.75,3,4,-18.75,38.25,53.50,-56.50
2026-03-04 11:05:00,LONG,25110,25035.74875,25076.5,5,6,17.75,55.75,56.25,76.00
2026-03-08 18:15:00,SHORT,24275.25,24481.3375,24370,2,3,-32.50,-2.50,80.00,262.00
2026-03-04 06:05:00,LONG,24847.25,24803.1625,24832.5,3,4,-7.00,-30.50,2.75,89.25
2026-03-09 10:55:00,LONG,24549,24455.1625,24525,3,4,85.75,105.00,171.00,121.75
2026-03-09 10:50:00,LONG,24577,24413.64775,24499,2,3,30.50,47.75,153.00,110.00
2026-03-06 08:45:00,SHORT,24693,24916.85225,24826,12,13,61.25,4.75,-132.75,-85.50
2026-04-08 05:20:00,LONG,25231.25,25175.39775,25217.75,7,8,-17.75,-39.50,-39.75,-27.25
2026-04-09 21:05:00,LONG,25266,25230.39775,25250,12,13,31.50,9.75,14.50,13.25
2026-03-05 12:35:00,SHORT,24886.5,25041.6375,24981,6,7,45.75,76.25,80.50,-121.25
2026-04-08 05:15:00,LONG,25229.75,25175.6125,25205.75,8,9,-40.75,-41.25,-36.75,-9.00
2026-04-08 05:15:00,LONG,25229.75,25175.6125,25209.75,3,4,-40.75,-41.25,-36.75,-9.00
2026-03-05 23:05:00,LONG,25111.5,25081.6125,25098,8,9,5.50,6.75,16.00,-9.00
2026-03-10 11:25:00,LONG,25143.25,25065.1125,25123,16,17,-8.50,8.25,53.00,-127.00
2026-03-06 08:45:00,SHORT,24693,24916.6375,24789,4,5,61.25,4.75,-132.75,-85.50
2026-03-10 12:40:00,LONG,25161.25,25112.34275,25141.5,12,13,10.75,-34.25,-126.00,-144.75
2026-03-09 15:40:00,LONG,24969.5,24838.59275,24908.75,2,3,-26.00,-8.50,-68.00,-33.25
2026-03-09 11:55:00,LONG,24642.5,24559.84275,24608.75,1,2,31.75,77.50,-30.00,329.00
2026-03-22 20:45:00,SHORT,23984.25,24064.46125,24000,4,5,-22.00,-73.00,-30.00,-1.50
2026-03-20 10:05:00,SHORT,24293,24424.71125,24340,5,6,-23.25,32.00,-46.50,103.75
2026-03-20 10:05:00,SHORT,24293,24424.71125,24350,7,8,-23.25,32.00,-46.50,103.75
2026-03-20 10:10:00,SHORT,24255,24378.96125,24313,1,2,-38.75,-19.25,-73.00,74.50
2026-03-19 04:40:00,SHORT,24507.25,24593.71125,24575.75,8,9,-63.25,-56.00,-81.75,34.50
2026-03-10 13:25:00,LONG,25212.75,25113.017,25150.5,7,8,-38.25,-165.50,-196.50,-218.25
2026-03-11 18:30:00,SHORT,24852,24914.483,24892,8,9,6.75,75.50,82.25,101.50
2026-03-11 18:30:00,SHORT,24852,24914.483,24892.25,6,7,6.75,75.50,82.25,101.50
2026-03-18 02:30:00,LONG,25194,25158.017,25182,5,6,-11.75,-18.50,-27.00,0.50
2026-04-08 05:20:00,LONG,25231.25,25175.517,25217.5,1,2,-17.75,-39.50,-39.75,-27.25
2026-03-18 00:05:00,LONG,25141.25,25103.267,25125,4,5,-8.00,3.00,30.00,33.50
2026-03-11 18:30:00,SHORT,24852,24914.55925,24895.75,6,7,6.75,75.50,82.25,101.50
2026-03-17 22:10:00,LONG,25107,25071.44075,25090,4,5,19.75,5.00,35.00,73.00
2026-03-11 18:30:00,SHORT,24852,24914.55925,24888,3,4,6.75,75.50,82.25,101.50
2026-03-17 09:45:00,LONG,25114,24955.94075,25026.5,2,3,-94.50,-28.00,-112.25,-110.75
2026-03-17 08:15:00,LONG,24893.5,24804.69075,24842.25,8,9,27.25,79.25,126.00,83.75
2026-04-07 18:45:00,LONG,24801.25,24347.57625,24725.25,1,2,173.00,218.75,252.50,302.50
2026-04-07 18:45:00,LONG,24801.25,24347.596,24650.25,16,17,173.00,218.75,252.50,302.50
2026-03-20 10:10:00,SHORT,24255,24378.654,24326.75,2,3,-38.75,-19.25,-73.00,74.50
2026-03-19 15:15:00,LONG,24662.5,24498.596,24546.75,2,3,-80.75,-42.50,-39.50,-31.25
2026-03-20 06:15:00,SHORT,24350.25,24447.654,24407.25,4,5,-62.00,-100.25,-118.75,73.50
2026-03-20 06:15:00,SHORT,24350.25,24447.654,24397,1,2,-62.00,-100.25,-118.75,73.50
2026-04-07 18:45:00,LONG,24801.25,24347.596,24691.5,4,5,173.00,218.75,252.50,302.50
2026-04-07 18:45:00,LONG,24801.25,24347.596,24660.5,7,8,173.00,218.75,252.50,302.50
2026-03-23 07:20:00,LONG,24572,23882.63275,24095,1,2,-114.25,-59.25,-17.00,43.50
2026-03-23 07:20:00,LONG,24572,23882.63275,24072.75,1,2,-114.25,-59.25,-17.00,43.50
2026-03-27 05:10:00,SHORT,23740.75,23812.61725,23772.5,3,4,-30.50,-5.25,101.00,158.00
2026-03-23 20:50:00,SHORT,24322.25,24390.61725,24345,4,5,37.25,66.00,70.00,63.75
2026-04-07 18:45:00,LONG,24801.25,24347.38275,24648,6,7,173.00,218.75,252.50,302.50
2026-04-07 18:45:00,LONG,24801.25,24347.38275,24688.25,2,3,173.00,218.75,252.50,302.50
2026-03-23 21:10:00,SHORT,24279.75,24346.11725,24308.5,4,5,12.50,45.50,33.75,71.00
2026-04-07 18:15:00,LONG,24600,24494.88275,24536.75,4,5,173.25,374.25,452.25,506.25
2026-03-25 04:20:00,LONG,24513.5,24444.38275,24489.75,6,7,-32.75,-45.00,-47.25,-65.25
2026-03-26 04:50:00,SHORT,24182.5,24226.12675,24193.5,12,13,16.75,34.25,14.25,73.50
2026-04-07 18:15:00,LONG,24600,24494.87325,24507.25,12,13,173.25,374.25,452.25,506.25
2026-03-24 20:40:00,LONG,24471.75,24380.87325,24434,8,9,-20.00,-40.75,-107.50,-65.00
2026-03-24 16:35:00,LONG,24524.75,24248.62325,24385.25,1,2,-81.00,-112.00,-94.50,-80.00
2026-03-25 19:20:00,SHORT,24304.25,24349.62675,24320.5,8,9,-4.00,-68.75,-42.75,-13.25
2026-04-07 18:15:00,LONG,24600,24495.00625,24535,1,2,173.25,374.25,452.25,506.25
2026-04-07 18:15:00,LONG,24600,24495.00625,24526,1,2,173.25,374.25,452.25,506.25
2026-04-07 18:10:00,LONG,24612.75,24380.75625,24410,7,8,209.00,327.00,444.25,488.50
2026-04-01 10:55:00,LONG,24260,24123.5065,24202.25,9,10,8.25,50.75,58.25,-101.75
2026-03-27 04:45:00,SHORT,23786.5,23853.7435,23812.5,2,3,32.25,20.25,104.25,152.75
2026-03-31 10:00:00,LONG,23558.75,23409.379,23436.25,3,4,4.75,-130.50,-98.00,218.50
2026-04-02 07:35:00,SHORT,23712.75,23768.63875,23747.5,2,3,18.50,-27.25,-22.00,-466.25
2026-04-01 10:50:00,LONG,24247,24123.2605,24181.25,7,8,29.50,38.75,79.75,-85.75
2026-04-01 21:30:00,SHORT,23942.25,24156.4895,24036,1,2,-3.75,68.00,63.75,119.00
2026-04-06 04:40:00,LONG,24389,24312.2605,24348.25,1,2,-12.00,-9.00,-39.25,-75.00
2026-04-05 22:25:00,LONG,24311.25,24219.0105,24255.75,2,3,-71.75,-123.00,-79.75,-68.25
2026-04-02 10:20:00,LONG,23978.5,23851.2605,23894.75,2,3,126.25,168.50,96.00,142.75
2026-04-05 18:15:00,SHORT,24023.25,24101.90275,24057.5,1,2,-40.25,-52.00,-144.50,-232.75
2026-04-05 20:15:00,LONG,24161.5,24079.94575,24114.25,2,3,36.00,55.25,94.50,66.50
2026-04-07 10:10:00,SHORT,24034.75,24215.55425,24183.75,9,10,-48.50,44.75,-114.25,-167.50
2026-04-07 18:10:00,LONG,24612.75,24364.69575,24398.25,8,9,209.00,327.00,444.25,488.50
2026-04-06 21:50:00,SHORT,24200,24284.30425,24245.75,4,5,17.00,-10.75,-25.25,-16.50
2026-04-09 21:05:00,LONG,25266,25231.077,25249.75,8,9,31.50,9.75,14.50,13.25
2026-04-09 21:35:00,LONG,25293.5,25234.329,25265.75,1,2,-17.75,-26.00,-5.25,-19.00
2026-04-13 09:20:00,LONG,25203.5,25140.329,25161.75,7,8,88.00,70.00,128.00,219.50
2026-04-13 10:00:00,LONG,25316.5,25152.57625,25202.75,3,4,-23.00,1.75,-13.50,96.50
2026-04-13 12:55:00,LONG,25410.75,25337.82625,25386,1,2,12.50,4.00,42.50,165.25
2026-04-13 10:00:00,LONG,25316.5,25152.57625,25222.25,4,5,-23.00,1.75,-13.50,96.50
2026-04-22 10:20:00,LONG,26967.25,26844.46075,26884.75,10,11,17.50,17.50,17.00,44.25
2026-04-21 20:15:00,LONG,26810,26764.58125,26782.75,3,4,-3.75,-6.75,15.50,2.00
2026-04-21 20:20:00,LONG,26810,26764.58125,26786.5,1,2,-14.75,-12.75,18.50,-8.00
2026-04-24 06:25:00,LONG,27183,27114.37925,27136,6,7,-8.50,146.75,114.75,44.25
2026-04-28 02:50:00,SHORT,27334.5,27382.25025,27344.25,10,11,-5.00,9.25,-2.25,82.50
2026-04-29 20:05:00,LONG,27587.25,27511.24975,27542.5,3,4,12.50,-16.00,-23.50,-220.75
2026-04-29 19:50:00,LONG,27544,27473.99975,27500.25,7,8,29.50,59.00,16.00,-116.75
2026-04-29 15:20:00,LONG,27319,27245.50975,27288.5,5,6,-50.25,-130.50,173.00,254.50
2026-04-29 18:20:00,LONG,27476.5,27296.25975,27315.5,3,4,13.50,-19.00,97.00,65.00
2026-07-29 12:05:00,SHORT,27462,27573.01125,27536.25,6,7,-52.00,-180.25,-380.75,156.75
2026-05-03 22:55:00,LONG,27928.75,27892.48875,27909.25,6,7,2.50,-6.00,10.75,-30.25
2026-05-04 06:20:00,SHORT,27715.25,27791.26125,27751,1,2,-110.25,-122.00,-150.25,-187.50
2026-05-03 23:00:00,LONG,27938,27898.48875,27917,5,6,-8.25,-6.50,1.00,-53.75
2026-05-03 21:45:00,LONG,27912,27865.98875,27897,4,5,-15.25,4.25,15.75,36.00
2026-05-04 06:15:00,SHORT,27687,27903.51125,27794.75,2,3,-132.25,-148.50,-158.00,-203.00
2026-07-29 10:30:00,SHORT,27622.25,27753.72175,27662.25,9,10,27.50,62.75,50.75,-180.75
2026-07-29 10:50:00,SHORT,27599.25,27630.72175,27613,2,3,29.25,43.25,49.25,-443.25
2026-07-27 10:35:00,SHORT,28031,28267.30025,28248,5,6,-159.75,16.50,-99.75,-14.75
2026-07-24 10:45:00,SHORT,28321.5,28402.078,28336,9,10,-221.75,-196.00,-185.25,16.50
2026-05-07 10:10:00,LONG,28837,28764.422,28800,3,4,72.25,40.75,-103.50,-157.25
2026-05-07 18:10:00,SHORT,28627.25,28662.578,28637,10,11,2.25,-5.75,-96.50,-131.25
2026-06-09 12:30:00,SHORT,28486.25,28633.8945,28552,1,2,-30.00,-238.50,-537.50,-618.25
2026-05-07 21:05:00,LONG,28760.25,28702.3555,28721.5,6,7,6.75,-1.25,-12.25,29.50
2026-06-09 12:30:00,SHORT,28486.25,28633.8945,28582.75,3,4,-30.00,-238.50,-537.50,-618.25
2026-05-12 03:00:00,SHORT,29201.25,29260.228,29237.75,3,4,-34.25,-40.00,-5.25,2.75
2026-05-11 11:30:00,LONG,29420.5,29353.522,29386.75,7,8,48.50,53.75,28.75,-27.25
2026-05-12 03:10:00,SHORT,29215.75,29254.53875,29225.75,1,2,-30.25,17.25,18.50,46.00
2026-05-12 03:00:00,SHORT,29201.25,29265.28875,29245,3,4,-34.25,-40.00,-5.25,2.75
2026-05-12 02:35:00,SHORT,29239.5,29280.53875,29263.25,6,7,42.25,-5.00,22.00,30.25
2026-05-12 02:45:00,SHORT,29249,29280.53875,29259.25,4,5,19.00,11.00,54.00,53.50
2026-05-12 02:15:00,SHORT,29272.75,29304.78875,29281.5,6,7,26.75,42.75,91.25,39.25
2026-05-12 03:00:00,SHORT,29201.25,29265.28875,29246.75,2,3,-34.25,-40.00,-5.25,2.75
2026-05-13 14:15:00,LONG,29544.25,29434.96125,29480,7,8,-22.75,-21.00,-29.25,97.00
2026-05-11 21:25:00,SHORT,29316.5,29391.28875,29369,6,7,44.25,-20.50,-20.00,20.00
2026-05-13 13:10:00,LONG,29488,29432.21125,29455.75,2,3,-18.00,10.00,29.75,63.75
2026-05-17 20:10:00,SHORT,29012.75,29151.38175,29103,7,8,41.50,-5.75,12.25,-72.00
2026-05-15 01:20:00,SHORT,29432.25,29466.0885,29448.75,3,4,97.25,152.25,-32.00,228.50
2026-05-15 01:05:00,SHORT,29409.75,29523.43375,29480.5,3,4,16.00,91.25,-15.75,123.50
2026-05-24 18:40:00,LONG,29804.25,29669.56625,29773.75,3,4,19.25,54.00,101.00,101.25
2026-05-24 18:15:00,LONG,29779.5,29669.56625,29752.5,1,2,28.00,43.75,90.75,141.25
2026-05-14 21:30:00,SHORT,29568.75,29668.43375,29640.5,2,3,32.00,46.25,-4.25,147.00
2026-05-24 18:15:00,LONG,29779.5,29669.56625,29737.75,2,3,28.00,43.75,90.75,141.25
2026-05-24 18:15:00,LONG,29779.5,29669.56625,29734,1,2,28.00,43.75,90.75,141.25
2026-05-22 04:25:00,LONG,29634.5,29576.06625,29600.25,5,6,-39.50,-130.75,-147.50,-81.75
2026-05-21 13:50:00,LONG,29541.25,29427.28125,29469.25,3,4,-78.00,-122.00,-100.50,-9.50
2026-05-17 20:00:00,SHORT,29064.75,29171.71875,29142.5,7,8,60.75,32.00,68.75,3.75
2026-05-15 16:05:00,SHORT,29127.75,29306.96875,29240.5,1,2,-47.00,-133.25,-79.50,134.50
2026-05-21 01:20:00,LONG,29427,29388.28125,29407,3,4,-84.75,-78.75,-193.50,-18.25
2026-05-18 14:20:00,SHORT,28866.75,28975.6105,28937.5,4,5,35.00,-81.50,-209.75,-284.00
2026-05-18 12:35:00,SHORT,28938.75,29080.8605,28996.5,7,8,-68.75,-39.00,42.75,-139.00
2026-05-21 13:45:00,LONG,29500.5,29400.3895,29419.75,9,10,-53.25,-50.00,-90.75,22.50
2026-05-19 10:20:00,SHORT,28728.5,28932.8605,28842.5,9,10,12.75,-56.50,-140.25,-324.75
2026-05-20 10:40:00,LONG,29223.75,29110.6395,29185,3,4,32.50,81.25,26.25,105.25
2026-05-19 05:40:00,SHORT,28841.5,28950.8605,28929.75,9,10,-49.50,-39.75,-54.25,-142.00
2026-05-20 06:10:00,LONG,29139.25,29093.607,29125.25,4,5,-12.00,-23.00,-33.75,-75.50
2026-05-20 03:15:00,LONG,29043.5,28990.857,29024.25,3,4,-3.50,30.75,28.50,58.00
2026-06-09 12:10:00,SHORT,28621.75,28869.393,28797.25,3,4,364.25,61.50,-221.50,-501.00
2026-05-20 02:30:00,LONG,28996.5,28966.357,28984.75,3,4,35.00,53.75,95.25,138.50
2026-06-05 16:20:00,SHORT,28843.75,28932.143,28858.25,3,4,28.00,-177.50,-127.00,-272.25
2026-06-05 16:10:00,SHORT,28832.25,29137.023,29063.5,8,9,13.00,-72.00,-135.50,-352.75
2026-06-05 16:10:00,SHORT,28832.25,29137.023,29023.25,2,3,13.00,-72.00,-135.50,-352.75
2026-05-21 01:05:00,LONG,29412.25,29372.227,29395.5,2,3,-23.75,-22.75,-136.00,-21.00
2026-05-21 13:45:00,LONG,29500.5,29394.37025,29439.75,2,3,-53.25,-50.00,-90.75,22.50
2026-06-05 14:50:00,SHORT,29152.5,29238.12975,29200,11,12,104.25,-15.75,336.75,74.50
2026-06-05 14:50:00,SHORT,29152.5,29238.12975,29192.25,10,11,104.25,-15.75,336.75,74.50
2026-06-05 15:15:00,SHORT,29015,29218.37975,29174,6,7,-109.25,165.00,38.00,-128.25
2026-05-24 18:15:00,LONG,29779.5,29668.91725,29715.5,4,5,28.00,43.75,90.75,141.25
2026-05-26 10:15:00,LONG,30047,29941.74075,29995,8,9,63.25,-25.00,-116.25,-17.00
2026-05-26 21:10:00,LONG,30146.75,30100.56325,30118.75,4,5,1.00,-7.25,-5.75,-40.00
2026-05-27 23:45:00,SHORT,29829,29918.68675,29886,4,5,39.75,37.50,-50.25,-113.75
2026-05-27 04:25:00,LONG,30208.5,30134.81325,30159.25,5,6,-11.75,-26.00,29.50,131.00
2026-05-27 23:45:00,SHORT,29829,29918.73625,29877.5,2,3,39.75,37.50,-50.25,-113.75
2026-06-05 11:20:00,SHORT,29711,29830.33475,29763,2,3,52.75,173.75,342.50,662.75
2026-06-04 20:20:00,SHORT,30183.5,30258.58475,30216.5,8,9,25.50,69.25,-29.75,5.50
2026-05-31 18:50:00,LONG,30465,30416.19975,30439.75,7,8,3.75,7.50,80.00,83.75
2026-06-04 06:40:00,SHORT,30253.5,30313.30025,30291,6,7,13.50,61.25,-28.00,-77.25
2026-06-01 13:50:00,LONG,30690.25,30561.483,30595.25,5,6,-39.25,-70.50,-125.50,-245.25
2026-06-04 06:40:00,SHORT,30253.5,30313.267,30291.5,6,7,13.50,61.25,-28.00,-77.25
2026-06-03 12:30:00,SHORT,30564.75,30618.84,30598.5,6,7,-31.50,19.25,-111.25,4.75
2026-06-03 07:20:00,LONG,30771.25,30745.66,30763.25,8,9,2.50,-3.00,-31.75,-94.50
2026-06-16 10:30:00,SHORT,30608.25,30832.92025,30799,9,10,2.75,55.25,95.50,149.50
2026-06-16 10:30:00,SHORT,30608.25,30832.92025,30807.75,14,15,2.75,55.25,95.50,149.50
2026-06-04 04:55:00,SHORT,30344.5,30403.17025,30368.5,3,4,33.50,1.75,122.25,30.25
2026-06-04 04:55:00,SHORT,30344.5,30408.17025,30370.75,2,3,33.50,1.75,122.25,30.25
2026-06-04 13:55:00,LONG,30559.5,30503.82975,30531,3,4,28.50,11.50,-63.00,-199.50
2026-06-04 21:00:00,SHORT,30140.75,30215.09225,30164.25,2,3,44.25,-51.50,-73.50,-84.00
2026-06-17 15:25:00,SHORT,30129,30377.34225,30249,6,7,100.75,10.00,-121.00,-237.00
2026-06-17 15:25:00,SHORT,30129,30377.40175,30243,6,7,100.75,10.00,-121.00,-237.00
2026-06-23 04:05:00,SHORT,29891.5,29960.15175,29942.5,5,6,40.75,23.50,-4.25,26.50
2026-06-08 07:25:00,LONG,29407.75,29257.2035,29287.5,1,2,-27.25,33.50,167.00,283.50
2026-06-09 10:55:00,SHORT,29239.75,29476.7965,29331.5,6,7,235.50,433.50,894.00,244.00
2026-06-23 14:35:00,SHORT,29698.75,29770.7965,29743,10,11,-40.50,-36.75,-44.25,52.50
2026-06-09 01:55:00,LONG,29633.25,29583.7035,29624.25,5,6,22.75,-23.00,-40.75,56.50
2026-06-09 10:55:00,SHORT,29239.75,29476.7965,29321.25,3,4,235.50,433.50,894.00,244.00
2026-07-08 04:35:00,SHORT,28980.25,29298.22475,29196.25,5,6,-0.75,-21.00,-71.25,-170.75
2026-06-10 10:30:00,LONG,29244.75,29038.02525,29102.75,7,8,-388.50,-416.75,-522.50,-534.50
2026-07-08 04:35:00,SHORT,28980.25,29298.22475,29169,5,6,-0.75,-21.00,-71.25,-170.75
2026-07-08 04:30:00,SHORT,29084.75,29424.04125,29250,11,12,72.25,115.25,82.50,-82.75
2026-07-24 15:20:00,SHORT,28229.75,28321.29125,28265.75,3,4,-6.50,-83.50,-411.25,-371.50
2026-06-18 10:55:00,LONG,30623.5,30513.14725,30575,8,9,-22.50,2.25,31.75,85.50
2026-06-18 10:45:00,LONG,30645.75,30453.274,30542.25,6,7,-5.00,-125.25,48.75,35.25
2026-06-18 08:55:00,LONG,30514.75,30448.024,30472.25,10,11,71.25,-58.00,108.50,140.50
2026-06-18 08:55:00,LONG,30514.75,30452.774,30484.75,7,8,71.25,-58.00,108.50,140.50
2026-06-18 04:10:00,LONG,30482.5,30400.274,30438.25,4,5,-38.00,-69.25,-17.00,-66.00
2026-06-22 23:45:00,SHORT,30337.75,30375.7105,30355,3,4,-0.25,46.75,188.75,386.75
2026-06-21 19:55:00,SHORT,30355.75,30422.9605,30391,1,2,-174.00,-256.00,-262.75,-212.00
2026-06-22 08:30:00,LONG,30843.5,30752.5395,30783.25,5,6,18.25,48.50,-142.25,-261.25
2026-06-22 20:25:00,SHORT,30495.5,30572.99025,30524,4,5,-98.00,-69.75,47.25,170.50
2026-06-22 20:25:00,SHORT,30495.5,30572.99025,30545,12,13,-98.00,-69.75,47.25,170.50
2026-06-24 13:20:00,SHORT,29455.75,29671.3715,29616.5,11,12,19.50,-46.50,151.50,-623.25
2026-06-24 16:35:00,LONG,30034.5,29867.6285,29915.75,2,3,43.75,35.25,71.25,-28.75
2026-06-24 13:20:00,SHORT,29455.75,29671.3715,29577.25,3,4,19.50,-46.50,151.50,-623.25
2026-06-24 16:35:00,LONG,30034.5,29867.6285,29891.75,3,4,43.75,35.25,71.25,-28.75
2026-06-24 16:30:00,LONG,29968,29716.45075,29884.25,2,3,184.75,105.50,113.75,-2.00
2026-06-24 16:30:00,LONG,29968,29716.45075,29872.75,3,4,184.75,105.50,113.75,-2.00
2026-06-29 12:50:00,LONG,29928,29823.1225,29872,6,7,65.25,78.25,114.00,75.25
2026-06-29 12:50:00,LONG,29928,29832.1225,29891.25,3,4,65.25,78.25,114.00,75.25
2026-06-26 11:35:00,LONG,29665,29470.1495,29562.75,6,7,-68.75,-43.50,-67.75,-178.00
2026-06-29 04:10:00,LONG,29686.25,29620.8995,29665.25,12,13,-0.75,-28.50,19.00,42.25
2026-07-08 04:30:00,SHORT,29084.75,29426.3505,29255,4,5,72.25,115.25,82.50,-82.75
2026-07-07 10:30:00,SHORT,29282.75,29455.119,29363.25,6,7,-14.50,-20.00,-268.00,-232.75
2026-07-07 10:25:00,SHORT,29303.25,29455.119,29389,7,8,-2.00,13.75,-217.25,-245.75
2026-07-08 04:30:00,SHORT,29084.75,29426.619,29273.75,10,11,72.25,115.25,82.50,-82.75
2026-07-01 20:15:00,SHORT,29978.25,30058.26375,30018.75,7,8,-31.75,-188.75,-259.25,-146.75
2026-07-02 02:20:00,SHORT,29970.75,30041.26375,29997,3,4,63.50,109.75,76.75,31.75
2026-08-14 07:55:00,LONG,30263.75,30207.967,30239.5,19,20,-30.25,13.50,-25.00,-207.25
2026-07-02 11:15:00,SHORT,29639.5,29864.52375,29826.25,2,3,-102.50,10.25,190.75,230.25
2026-08-17 02:40:00,LONG,30314.5,30260.22625,30293.5,2,3,-18.25,3.50,-12.75,-15.50
2026-07-06 10:40:00,LONG,30037.75,29902.019,30011.25,2,3,-19.75,14.00,-8.75,-66.25
2026-07-06 23:50:00,SHORT,29637,29738.481,29683,1,2,7.50,24.25,-31.00,-51.50
2026-07-09 09:40:00,LONG,29858.5,29660.11275,29744,3,4,-36.50,-67.25,22.00,113.25
2026-07-09 02:15:00,LONG,29625.25,29547.61275,29580.75,5,6,-0.75,29.00,91.50,26.75
2026-07-08 04:30:00,SHORT,29084.75,29426.63725,29271,4,5,72.25,115.25,82.50,-82.75
2026-07-13 23:20:00,SHORT,29332,29402.2425,29353.25,2,3,-61.50,-86.50,-218.75,-269.50
2026-07-13 19:05:00,SHORT,29383.25,29459.4925,29426,9,10,17.00,24.25,-141.75,21.25
2026-07-13 12:40:00,SHORT,29537.25,29626.4515,29564.5,5,6,-25.00,47.75,33.00,105.00
2026-07-13 09:50:00,SHORT,29540.25,29683.9515,29614.5,9,10,-43.50,-147.75,-81.50,56.75
2026-07-10 12:25:00,LONG,30013.5,29952.0485,29993.5,3,4,3.75,27.50,45.25,38.75
2026-07-12 23:15:00,SHORT,29702,29759.86375,29717.25,2,3,0.25,38.00,37.00,34.75
2026-08-13 10:00:00,LONG,30177,29995.38625,30077.75,3,4,59.75,41.50,-47.50,27.75
2026-08-13 10:00:00,LONG,30177,29995.5135,30041,7,8,59.75,41.50,-47.50,27.75
2026-07-14 11:15:00,LONG,29848,29744.0135,29799.75,9,10,-9.25,-129.75,-28.00,-24.75
2026-07-16 12:20:00,SHORT,29279.75,29365.2365,29325.75,4,5,-21.25,-10.00,-1.50,88.75
2026-08-13 09:55:00,LONG,30176,29985.973,30062.5,2,3,37.00,28.25,-53.25,32.75
2026-08-04 13:10:00,LONG,29797.25,29716.723,29742.75,15,16,57.00,38.75,129.50,29.50
2026-07-16 04:00:00,SHORT,29535,29638.777,29589,1,2,-3.75,-83.25,13.50,81.25
2026-08-04 13:15:00,LONG,29790.25,29729.723,29763.25,2,3,90.00,73.25,136.75,43.75
2026-07-20 07:45:00,LONG,29062.25,28986.01525,29026,5,6,-64.50,-53.00,108.25,-45.25
2026-07-23 10:55:00,SHORT,28596.75,28782.796,28718.5,11,12,109.00,33.50,-27.00,58.00
2026-07-23 10:55:00,SHORT,28596.75,28783.36475,28709.75,10,11,109.00,33.50,-27.00,58.00
2026-07-20 18:15:00,SHORT,28721.25,28813.61475,28762.75,7,8,-0.50,-49.50,1.50,-159.75
2026-07-20 06:50:00,LONG,28979.75,28921.38525,28948,5,6,23.00,73.00,58.00,-47.50
2026-07-21 02:40:00,LONG,29153,29086.13525,29109.5,4,5,-9.25,-40.50,21.75,13.25
2026-07-23 10:55:00,SHORT,28596.75,28783.36475,28701,7,8,109.00,33.50,-27.00,58.00
2026-07-22 08:05:00,SHORT,29035.5,29099.0745,29064.25,6,7,-24.00,-7.75,-238.75,-289.00
2026-08-04 09:45:00,LONG,29460,29198.1755,29364.75,1,2,76.25,86.75,224.25,420.25
2026-07-23 03:20:00,SHORT,29009.25,29072.65525,29025.75,8,9,58.75,-37.00,-80.00,-27.50
2026-07-23 08:15:00,SHORT,28893.75,28977.65525,28952,4,5,103.50,172.75,197.75,253.75
2026-08-04 09:45:00,LONG,29460,29198.34475,29342.25,3,4,76.25,86.75,224.25,420.25
2026-08-04 09:45:00,LONG,29460,29198.34475,29260,5,6,76.25,86.75,224.25,420.25
2026-07-23 03:40:00,SHORT,28940.5,29072.65525,29021.75,1,2,-87.50,-91.50,-131.75,15.50
2026-08-04 09:45:00,LONG,29460,29198.34475,29282.5,2,3,76.25,86.75,224.25,420.25
2026-07-24 10:05:00,SHORT,28429.25,28511.51475,28486.25,6,7,92.75,19.00,-161.50,-25.00
2026-07-27 02:15:00,LONG,28721.25,28684.682,28706.25,5,6,-31.25,-1.25,-31.75,19.25
2026-08-03 11:50:00,LONG,28805,28722.79825,28763.25,2,3,26.50,36.50,86.25,116.75
2026-07-27 23:10:00,SHORT,27968.75,28006.95175,27980.25,6,7,-88.25,-37.75,2.50,4.50
2026-07-28 20:00:00,LONG,28143.75,27980.79825,28070.5,5,6,-96.50,-128.00,-365.25,-456.25
2026-07-28 20:00:00,LONG,28143.75,27980.91725,28052,7,8,-96.50,-128.00,-365.25,-456.25
2026-07-28 19:55:00,LONG,28102.5,27881.16725,28032.75,8,9,-18.25,-57.75,-286.25,-400.00
2026-07-28 20:00:00,LONG,28143.75,27980.91725,28068.75,2,3,-96.50,-128.00,-365.25,-456.25
2026-07-30 10:00:00,LONG,28160.25,27964.5075,28060,1,2,59.25,-133.25,-90.25,30.75
2026-08-02 21:55:00,LONG,28644,28589.2585,28611.75,16,17,14.00,10.75,37.75,-13.00
2026-08-02 22:20:00,LONG,28662,28610.5085,28640.75,5,6,-11.75,7.00,14.25,-24.00
2026-08-05 09:45:00,LONG,30055.5,29900.32775,29990,1,2,-42.50,-210.25,-251.25,-308.25
2026-08-09 19:10:00,LONG,29862.75,29804.57775,29839.75,8,9,-9.00,35.75,-32.25,12.25
2026-08-07 08:40:00,LONG,29801.75,29608.57775,29679.5,4,5,-36.25,-65.00,-101.25,-51.50
2026-08-07 05:05:00,LONG,29634.75,29589.32775,29621,9,10,7.25,-10.00,-0.25,159.75
2026-08-20 08:10:00,SHORT,29272,29434.9375,29364.75,1,2,-5.75,-71.75,-123.75,-54.00
2026-08-24 01:55:00,SHORT,29200.75,29276.4375,29241.25,4,5,29.50,27.00,57.25,-33.00
2026-08-07 08:35:00,LONG,29797.5,29608.5625,29667,7,8,-3.00,-9.50,-91.50,-69.00
2026-08-19 10:20:00,SHORT,29415.5,29524.1875,29448.5,5,6,-128.25,-203.75,-241.75,-97.50
2026-08-19 10:20:00,SHORT,29415.5,29514.2535,29453.5,7,8,-128.25,-203.75,-241.75,-97.50
2026-08-09 21:55:00,LONG,29885,29835.9965,29867.75,9,10,-22.75,7.00,-13.75,42.75
2026-08-18 11:15:00,SHORT,29536,29630.0035,29564.5,4,5,-77.50,-100.00,-79.50,-36.50
2026-08-09 21:45:00,LONG,29889.25,29813.2465,29855.25,7,8,-27.25,0.25,6.75,17.25
2026-08-11 12:25:00,SHORT,29645.75,29691.7535,29668.75,5,6,9.00,40.75,60.25,-20.75
2026-08-13 09:50:00,LONG,30146,29930.1035,29984,3,4,47.50,65.00,-11.00,73.50
2026-08-12 08:40:00,LONG,29917.25,29740.5315,29861.75,6,7,13.00,-47.25,4.00,-27.00
2026-08-11 11:30:00,SHORT,29674.25,29786.9685,29717.75,3,4,3.25,25.00,71.75,42.25
2026-08-18 20:10:00,SHORT,29460.25,29562.4685,29533.5,4,5,-111.75,-135.00,-82.50,-55.50
2026-08-13 09:50:00,LONG,30146,29930.30075,29960,2,3,47.50,65.00,-11.00,73.50
2026-08-17 02:10:00,LONG,30287.5,30227.948,30267.5,11,12,35.25,8.75,34.25,-5.25
2026-08-17 02:10:00,LONG,30287.5,30251.948,30272.75,7,8,35.25,8.75,34.25,-5.25
2026-08-14 11:15:00,SHORT,30104.25,30159.552,30124.25,2,3,40.25,20.00,34.00,17.75
2026-08-17 02:35:00,LONG,30322,30257.49225,30283,2,3,-10.50,-21.50,-8.00,-22.25
2026-08-19 10:20:00,SHORT,29415.5,29512.914,29442,2,3,-128.25,-203.75,-241.75,-97.50
2026-08-19 08:50:00,LONG,29743.5,29569.38075,29640.75,1,2,-19.75,-271.75,-199.75,-163.00
2026-08-27 22:05:00,LONG,29694,29635.38075,29667.25,25,26,-21.50,-9.00,-44.25,-90.00
2026-08-28 10:55:00,LONG,29796.5,29665.88075,29689.75,11,12,-12.25,-212.00,-282.75,-344.50
2026-08-24 01:55:00,SHORT,29200.75,29275.234,29240,3,4,29.50,27.00,57.25,-33.00
2026-08-26 18:15:00,LONG,29584,29490.699,29539,1,2,29.25,7.25,-5.25,-44.75
2026-08-26 20:55:00,SHORT,29445.75,29530.051,29488.75,1,2,-46.50,-101.50,-105.00,-50.25
2026-08-27 02:05:00,SHORT,29406,29473.4015,29449,5,6,-62.50,-112.25,-170.25,-192.00
2026-08-25 02:10:00,LONG,29248,29192.5985,29224.75,5,6,3.75,14.00,-21.00,149.75
2026-09-02 05:15:00,SHORT,28990.75,29045.6515,29017,3,4,37.75,9.00,-21.75,-77.75
2026-08-26 18:10:00,LONG,29566,29378.229,29409.5,1,2,41.50,34.75,38.00,-29.00
2026-08-26 15:00:00,LONG,29366.25,29286.729,29309.75,5,6,-33.75,-62.75,178.75,271.00
2026-08-26 15:05:00,LONG,29347.5,29286.729,29313.5,4,5,-6.25,14.50,214.75,277.00
2026-09-01 14:40:00,SHORT,29014.5,29123.771,29096,5,6,-93.25,-100.25,-121.25,-122.00
2026-08-26 14:40:00,LONG,29295,29256.92875,29283.25,9,10,53.50,30.25,57.50,311.75
2026-08-27 13:10:00,LONG,29669.75,29629.17875,29654.75,3,4,-30.75,-90.75,-75.75,-54.75
2026-08-30 19:20:00,SHORT,29380.25,29457.07125,29432.5,7,8,52.50,12.50,55.25,32.25
2026-08-27 22:00:00,LONG,29689.75,29634.74925,29662,9,10,-5.75,-24.75,-23.50,-93.25
2026-08-28 12:30:00,SHORT,29476.75,29578.00075,29532,4,5,20.00,1.75,-5.00,-14.50
2026-08-27 22:10:00,LONG,29692.75,29651.74925,29678.5,3,4,-30.50,-5.50,-43.00,-78.75
2026-08-28 10:50:00,LONG,29769.5,29663.74925,29708,6,7,-0.75,-146.00,-246.00,-322.50
2026-08-30 19:20:00,SHORT,29380.25,29456.297,29436.25,2,3,52.50,12.50,55.25,32.25
2026-09-01 02:00:00,LONG,29541.5,29508.703,29529.25,8,9,-18.25,-18.25,-116.00,-320.75
2026-09-03 14:10:00,LONG,29573.5,29518.22375,29546.25,8,9,-5.00,-22.25,-54.00,-64.50
2026-09-03 14:00:00,LONG,29574.5,29504.97375,29535,11,12,-1.50,-18.25,-66.50,-68.50
2026-09-01 04:20:00,SHORT,29306,29455.77625,29377.5,7,8,54.50,111.00,82.75,159.50
2026-09-01 01:50:00,LONG,29542.25,29485.22375,29516.75,14,15,2.75,-13.25,-68.75,-323.75
2026-09-03 14:10:00,LONG,29573.5,29518.22375,29538.25,13,14,-5.00,-22.25,-54.00,-64.50
2026-09-04 00:30:00,LONG,29600.25,29550.94125,29571.25,6,7,-4.00,18.25,29.00,71.00
2026-09-02 04:55:00,SHORT,28977.75,29061.30875,29040.25,11,12,11.75,16.75,5.00,-62.00
2026-09-02 23:35:00,LONG,29227.5,29196.37375,29213,5,6,6.75,3.00,-98.50,-24.50
2026-09-03 07:55:00,SHORT,29105.5,29157.37625,29132.75,6,7,-27.75,-149.50,-223.75,-422.25
2026-09-03 09:45:00,LONG,29359.75,29193.90925,29255,5,6,-44.50,-61.50,154.75,170.50
2026-09-04 01:05:00,LONG,29611.75,29561.90925,29584.25,2,3,7.00,11.75,-18.00,36.50
2026-09-09 05:55:00,SHORT,29400.5,29507.34075,29482,14,15,-13.75,0.00,-5.50,-135.25
2026-09-09 05:55:00,SHORT,29400.5,29501.0305,29478,8,9,-13.75,0.00,-5.50,-135.25
2026-09-06 22:40:00,LONG,29606.5,29569.7195,29595.75,4,5,-33.75,3.50,-25.00,72.50
2026-09-09 05:55:00,SHORT,29400.5,29501.0305,29468,3,4,-13.75,0.00,-5.50,-135.25
2026-09-08 04:50:00,SHORT,29501.5,29528.2805,29514.5,2,3,-33.25,-88.25,-68.00,-126.25
2026-09-08 04:10:00,SHORT,29512.5,29567.9585,29535.5,3,4,5.25,-19.75,-70.50,-60.25
2026-09-09 05:55:00,SHORT,29400.5,29500.859,29477.75,3,4,-13.75,0.00,-5.50,-135.25
2026-09-09 05:50:00,SHORT,29417.25,29544.609,29496,1,2,-8.50,31.50,-14.25,-79.25