setup_type,condition,group,n,wr,ev,distinct_dates,max_date_pct
POOLED_OR_FAMILY,Gap_Into_Level,aligned,553,0.483,3.63,370,0.5
POOLED_OR_FAMILY,Gap_Into_Level,against,563,0.469,0.61,371,0.5
OR5_HIGH_FADE_LONG,Gap_Into_Level,aligned,10,0.400,-10.80,10,10.0
OR5_HIGH_FADE_LONG,Gap_Into_Level,against,15,0.400,-13.37,15,6.7
OR5_HIGH_FADE_SHORT,Gap_Into_Level,aligned,191,0.440,1.59,191,0.5
OR5_HIGH_FADE_SHORT,Gap_Into_Level,against,145,0.462,5.68,145,0.7
OR5_LOW_FADE_LONG,Gap_Into_Level,aligned,147,0.544,7.77,147,0.7
OR5_LOW_FADE_LONG,Gap_Into_Level,against,194,0.490,-2.08,194,0.5
OR5_LOW_FADE_SHORT,Gap_Into_Level,aligned,19,0.421,-9.89,19,5.3
OR5_LOW_FADE_SHORT,Gap_Into_Level,against,10,0.600,23.60,10,10.0
OR5_MID_FADE_LONG,Gap_Into_Level,aligned,86,0.535,6.60,86,1.2
OR5_MID_FADE_LONG,Gap_Into_Level,against,116,0.431,-7.40,116,0.9
OR5_MID_FADE_SHORT,Gap_Into_Level,aligned,100,0.450,2.90,100,1.0
OR5_MID_FADE_SHORT,Gap_Into_Level,against,83,0.482,8.96,83,1.2
POOLED_OR_FAMILY,First_vs_Repeat,first,1119,0.477,2.30,429,0.3
POOLED_OR_FAMILY,First_vs_Repeat,repeat,0,0.000,0.00,0,0.0
OR5_HIGH_FADE_LONG,First_vs_Repeat,first,26,0.423,-9.10,26,3.8
OR5_HIGH_FADE_LONG,First_vs_Repeat,repeat,0,0.000,0.00,0,0.0
OR5_HIGH_FADE_SHORT,First_vs_Repeat,first,336,0.449,3.36,336,0.3
OR5_HIGH_FADE_SHORT,First_vs_Repeat,repeat,0,0.000,0.00,0,0.0
OR5_LOW_FADE_LONG,First_vs_Repeat,first,342,0.515,2.40,342,0.3
OR5_LOW_FADE_LONG,First_vs_Repeat,repeat,0,0.000,0.00,0,0.0
OR5_LOW_FADE_SHORT,First_vs_Repeat,first,29,0.483,1.66,29,3.4
OR5_LOW_FADE_SHORT,First_vs_Repeat,repeat,0,0.000,0.00,0,0.0
OR5_MID_FADE_LONG,First_vs_Repeat,first,203,0.478,-1.10,203,0.5
OR5_MID_FADE_LONG,First_vs_Repeat,repeat,0,0.000,0.00,0,0.0
OR5_MID_FADE_SHORT,First_vs_Repeat,first,183,0.464,5.65,183,0.5
OR5_MID_FADE_SHORT,First_vs_Repeat,repeat,0,0.000,0.00,0,0.0
POOLED_OR_FAMILY,IB_Close,before_ib,1031,0.477,2.28,429,0.3
POOLED_OR_FAMILY,IB_Close,after_ib,88,0.477,2.55,74,2.3
OR5_HIGH_FADE_LONG,IB_Close,before_ib,26,0.423,-9.10,26,3.8
OR5_HIGH_FADE_LONG,IB_Close,after_ib,0,0.000,0.00,0,0.0
OR5_HIGH_FADE_SHORT,IB_Close,before_ib,300,0.440,1.69,300,0.3
OR5_HIGH_FADE_SHORT,IB_Close,after_ib,36,0.528,17.25,36,2.8
OR5_LOW_FADE_LONG,IB_Close,before_ib,313,0.524,4.09,313,0.3
OR5_LOW_FADE_LONG,IB_Close,after_ib,29,0.414,-15.81,29,3.4
OR5_LOW_FADE_SHORT,IB_Close,before_ib,27,0.481,1.26,27,3.7
OR5_LOW_FADE_SHORT,IB_Close,after_ib,2,0.500,7.00,2,50.0
OR5_MID_FADE_LONG,IB_Close,before_ib,191,0.476,-1.29,191,0.5
OR5_MID_FADE_LONG,IB_Close,after_ib,12,0.500,2.00,12,8.3
OR5_MID_FADE_SHORT,IB_Close,before_ib,174,0.466,5.80,174,0.6
OR5_MID_FADE_SHORT,IB_Close,after_ib,9,0.444,2.67,9,11.1
POOLED_OR_FAMILY,Approach_Vel,top_tercile,202,0.431,-4.66,163,1.5
POOLED_OR_FAMILY,Approach_Vel,bottom_two_terciles,917,0.487,3.83,411,0.3
OR5_HIGH_FADE_LONG,Approach_Vel,top_tercile,7,0.286,-26.57,7,14.3
OR5_HIGH_FADE_LONG,Approach_Vel,bottom_two_terciles,19,0.474,-2.66,19,5.3
OR5_HIGH_FADE_SHORT,Approach_Vel,top_tercile,49,0.429,1.66,49,2.0
OR5_HIGH_FADE_SHORT,Approach_Vel,bottom_two_terciles,287,0.453,3.65,287,0.3
OR5_LOW_FADE_LONG,Approach_Vel,top_tercile,80,0.487,-2.05,80,1.3
OR5_LOW_FADE_LONG,Approach_Vel,bottom_two_terciles,262,0.523,3.76,262,0.4
OR5_LOW_FADE_SHORT,Approach_Vel,top_tercile,8,0.250,-34.50,8,12.5
OR5_LOW_FADE_SHORT,Approach_Vel,bottom_two_terciles,21,0.571,15.43,21,4.8
OR5_MID_FADE_LONG,Approach_Vel,top_tercile,30,0.300,-24.40,30,3.3
OR5_MID_FADE_LONG,Approach_Vel,bottom_two_terciles,173,0.509,2.95,173,0.6
OR5_MID_FADE_SHORT,Approach_Vel,top_tercile,28,0.500,12.00,28,3.6
OR5_MID_FADE_SHORT,Approach_Vel,bottom_two_terciles,155,0.458,4.50,155,0.6
POOLED_OR_FAMILY,Norm_Distance,low,496,0.472,2.39,318,0.6
POOLED_OR_FAMILY,Norm_Distance,mid,398,0.503,5.12,292,0.8
POOLED_OR_FAMILY,Norm_Distance,high,189,0.418,-7.92,156,1.6
OR5_HIGH_FADE_LONG,Norm_Distance,low,12,0.333,-16.67,12,8.3
OR5_HIGH_FADE_LONG,Norm_Distance,mid,8,0.500,-6.81,8,12.5
OR5_HIGH_FADE_LONG,Norm_Distance,high,4,0.500,3.00,4,25.0
OR5_HIGH_FADE_SHORT,Norm_Distance,low,148,0.459,4.92,148,0.7
OR5_HIGH_FADE_SHORT,Norm_Distance,mid,109,0.477,8.06,109,0.9
OR5_HIGH_FADE_SHORT,Norm_Distance,high,68,0.353,-13.63,68,1.5
OR5_LOW_FADE_LONG,Norm_Distance,low,123,0.520,3.39,123,0.8
OR5_LOW_FADE_LONG,Norm_Distance,mid,136,0.529,4.77,136,0.7
OR5_LOW_FADE_LONG,Norm_Distance,high,76,0.474,-4.32,76,1.3
OR5_LOW_FADE_SHORT,Norm_Distance,low,8,0.500,7.00,8,12.5
OR5_LOW_FADE_SHORT,Norm_Distance,mid,9,0.556,8.22,9,11.1
OR5_LOW_FADE_SHORT,Norm_Distance,high,9,0.333,-20.67,9,11.1
OR5_MID_FADE_LONG,Norm_Distance,low,114,0.439,-5.77,114,0.9
OR5_MID_FADE_LONG,Norm_Distance,mid,67,0.567,9.78,67,1.5
OR5_MID_FADE_LONG,Norm_Distance,high,17,0.412,-9.65,17,5.9
OR5_MID_FADE_SHORT,Norm_Distance,low,91,0.484,9.23,91,1.1
OR5_MID_FADE_SHORT,Norm_Distance,mid,69,0.420,-2.41,69,1.4
OR5_MID_FADE_SHORT,Norm_Distance,high,15,0.467,6.40,15,6.7
POOLED_OR_FAMILY,OR5_Volume,high,549,0.497,5.48,217,0.5
POOLED_OR_FAMILY,OR5_Volume,low,570,0.458,-0.77,212,0.5
OR5_HIGH_FADE_LONG,OR5_Volume,high,11,0.364,-15.82,11,9.1
OR5_HIGH_FADE_LONG,OR5_Volume,low,15,0.467,-4.17,15,6.7
OR5_HIGH_FADE_SHORT,OR5_Volume,high,168,0.464,6.34,168,0.6
OR5_HIGH_FADE_SHORT,OR5_Volume,low,168,0.435,0.38,168,0.6
OR5_LOW_FADE_LONG,OR5_Volume,high,169,0.521,3.11,169,0.6
OR5_LOW_FADE_LONG,OR5_Volume,low,173,0.509,1.71,173,0.6
OR5_LOW_FADE_SHORT,OR5_Volume,high,14,0.286,-28.57,14,7.1
OR5_LOW_FADE_SHORT,OR5_Volume,low,15,0.667,29.87,15,6.7
OR5_MID_FADE_LONG,OR5_Volume,high,105,0.533,6.40,105,1.0
OR5_MID_FADE_LONG,OR5_Volume,low,98,0.418,-9.13,98,1.0
OR5_MID_FADE_SHORT,OR5_Volume,high,82,0.524,16.10,82,1.2
OR5_MID_FADE_SHORT,OR5_Volume,low,101,0.416,-2.83,101,1.0
