Config,K,RejectFrac,FlatBaseN,FlatBaseRate,SigN,SigRate,SigTMBaseRate,SameSelN,SameSelRate,SameSelTMBaseRate,Z_SigVsFlatBase,Z_SigVsTMBase,Z_SigVsSame,ThirdsStable
PD_VAH_TO_PD_VAL_GLOBEX,3,0.02,412,61.2%,255,40.0%,50.5%,44,45.5%,50.5%,-5.32,-3.36,-0.68,YES_NEG
PD_VAH_TO_PD_VAL_GLOBEX,3,0.05,412,61.2%,272,41.2%,50.7%,27,37.0%,48.9%,-5.13,-3.14,0.42,YES_NEG
PD_VAH_TO_PD_VAL_GLOBEX,3,0.1,412,61.2%,286,41.6%,50.5%,13,23.1%,50.4%,-5.09,-3.02,1.33,YES_NEG
PD_VAH_TO_PD_VAL_GLOBEX,5,0.02,412,61.2%,245,40.0%,50.2%,54,44.4%,50.9%,-5.26,-3.21,-0.60,YES_NEG
PD_VAH_TO_PD_VAL_GLOBEX,5,0.05,412,61.2%,265,40.4%,50.4%,34,44.1%,50.5%,-5.29,-3.25,-0.42,YES_NEG
PD_VAH_TO_PD_VAL_GLOBEX,5,0.1,412,61.2%,280,41.4%,50.2%,19,31.6%,52.6%,-5.11,-2.94,0.85,YES_NEG
PD_VAH_TO_PD_VAL_GLOBEX,10,0.02,412,61.2%,214,40.2%,50.1%,84,41.7%,50.3%,-5.00,-2.91,-0.23,YES_NEG
PD_VAH_TO_PD_VAL_GLOBEX,10,0.05,412,61.2%,246,38.6%,50.3%,52,50.0%,49.3%,-5.61,-3.68,-1.52,YES_NEG
PD_VAH_TO_PD_VAL_GLOBEX,10,0.1,412,61.2%,266,41.0%,50.1%,32,37.5%,50.7%,-5.14,-2.98,0.38,YES_NEG
PD_VAH_TO_PD_VAL_GLOBEX,20,0.02,412,61.2%,184,40.2%,49.1%,113,38.9%,49.7%,-4.75,-2.40,0.22,YES_NEG
PD_VAH_TO_PD_VAL_GLOBEX,20,0.05,412,61.2%,227,38.3%,49.4%,70,44.3%,49.0%,-5.54,-3.35,-0.89,YES_NEG
PD_VAH_TO_PD_VAL_GLOBEX,20,0.1,412,61.2%,260,39.6%,49.3%,37,40.5%,49.5%,-5.45,-3.12,-0.11,YES_NEG
PD_VAL_TO_PD_VAH_GLOBEX,3,0.02,412,72.6%,184,53.3%,61.3%,68,55.9%,62.6%,-4.62,-2.23,-0.37,NO
PD_VAL_TO_PD_VAH_GLOBEX,3,0.05,412,72.6%,212,52.8%,61.5%,40,60.0%,62.6%,-4.93,-2.58,-0.83,YES_NEG
PD_VAL_TO_PD_VAH_GLOBEX,3,0.1,412,72.6%,231,52.8%,61.5%,21,66.7%,62.8%,-5.06,-2.72,-1.22,YES_NEG
PD_VAL_TO_PD_VAH_GLOBEX,5,0.02,412,72.6%,165,54.5%,61.0%,87,51.7%,61.5%,-4.18,-1.70,0.43,NO
PD_VAL_TO_PD_VAH_GLOBEX,5,0.05,412,72.6%,195,53.3%,61.1%,57,54.4%,61.3%,-4.69,-2.24,-0.14,NO
PD_VAL_TO_PD_VAH_GLOBEX,5,0.1,412,72.6%,227,52.9%,61.1%,25,60.0%,61.9%,-5.02,-2.55,-0.68,YES_NEG
PD_VAL_TO_PD_VAH_GLOBEX,10,0.02,412,72.6%,145,56.6%,61.2%,107,49.5%,60.6%,-3.57,-1.16,1.10,NO
PD_VAL_TO_PD_VAH_GLOBEX,10,0.05,412,72.6%,180,53.9%,61.4%,72,52.8%,59.7%,-4.44,-2.08,0.16,NO
PD_VAL_TO_PD_VAH_GLOBEX,10,0.1,412,72.6%,204,52.5%,61.1%,48,58.3%,60.4%,-4.96,-2.52,-0.74,YES_NEG
PD_VAL_TO_PD_VAH_GLOBEX,20,0.02,412,72.6%,134,56.0%,60.2%,118,49.2%,59.6%,-3.59,-0.99,1.08,NO
PD_VAL_TO_PD_VAH_GLOBEX,20,0.05,412,72.6%,158,53.2%,60.2%,94,52.1%,59.5%,-4.42,-1.80,0.16,NO
PD_VAL_TO_PD_VAH_GLOBEX,20,0.1,412,72.6%,192,50.5%,60.0%,60,60.0%,59.8%,-5.31,-2.67,-1.28,YES_NEG
PD_VAH_TO_PD_VAL_RTH,3,0.02,411,50.9%,142,43.0%,40.4%,98,53.1%,44.9%,-1.62,0.62,-1.54,NO
PD_VAH_TO_PD_VAL_RTH,3,0.05,411,50.9%,182,45.6%,41.0%,58,51.7%,46.2%,-1.18,1.27,-0.81,YES_POS
PD_VAH_TO_PD_VAL_RTH,3,0.1,411,50.9%,213,45.1%,41.8%,27,63.0%,45.7%,-1.37,0.96,-1.75,YES_POS
PD_VAH_TO_PD_VAL_RTH,5,0.02,411,50.9%,126,42.1%,40.3%,114,52.6%,43.5%,-1.73,0.41,-1.64,NO
PD_VAH_TO_PD_VAL_RTH,5,0.05,411,50.9%,161,44.7%,40.8%,79,51.9%,43.9%,-1.32,1.01,-1.05,YES_POS
PD_VAH_TO_PD_VAL_RTH,5,0.1,411,50.9%,203,43.8%,41.3%,37,64.9%,44.9%,-1.63,0.74,-2.36,YES_POS
PD_VAH_TO_PD_VAL_RTH,10,0.02,411,50.9%,90,41.1%,39.7%,148,50.0%,42.2%,-1.67,0.28,-1.33,NO
PD_VAH_TO_PD_VAL_RTH,10,0.05,411,50.9%,120,45.0%,39.9%,118,48.3%,42.6%,-1.13,1.14,-0.51,YES_POS
PD_VAH_TO_PD_VAL_RTH,10,0.1,411,50.9%,167,44.3%,40.6%,71,52.1%,42.8%,-1.43,0.98,-1.10,YES_POS
PD_VAH_TO_PD_VAL_RTH,20,0.02,411,50.9%,67,38.8%,37.6%,171,46.8%,39.7%,-1.83,0.21,-1.11,NO
PD_VAH_TO_PD_VAL_RTH,20,0.05,411,50.9%,91,42.9%,37.3%,147,45.6%,40.2%,-1.38,1.10,-0.41,YES_POS
PD_VAH_TO_PD_VAL_RTH,20,0.1,411,50.9%,132,40.9%,38.1%,106,49.1%,40.3%,-1.99,0.66,-1.26,YES_POS
PD_VAL_TO_PD_VAH_RTH,3,0.02,411,58.4%,121,49.6%,48.0%,88,50.0%,49.0%,-1.72,0.35,-0.06,NO
PD_VAL_TO_PD_VAH_RTH,3,0.05,411,58.4%,152,48.7%,47.8%,57,52.6%,50.0%,-2.06,0.22,-0.51,NO
PD_VAL_TO_PD_VAH_RTH,3,0.1,411,58.4%,172,49.4%,48.0%,37,51.4%,50.6%,-1.99,0.38,-0.21,NO
PD_VAL_TO_PD_VAH_RTH,5,0.02,411,58.4%,96,51.0%,47.1%,113,46.9%,48.7%,-1.31,0.78,0.60,NO
PD_VAL_TO_PD_VAH_RTH,5,0.05,411,58.4%,125,49.6%,46.9%,84,47.6%,49.4%,-1.74,0.60,0.28,NO
PD_VAL_TO_PD_VAH_RTH,5,0.1,411,58.4%,158,50.0%,47.5%,51,45.1%,49.4%,-1.81,0.64,0.61,NO
PD_VAL_TO_PD_VAH_RTH,10,0.02,411,58.4%,78,52.6%,45.6%,129,46.5%,48.3%,-0.95,1.23,0.84,YES_POS
PD_VAL_TO_PD_VAH_RTH,10,0.05,411,58.4%,100,53.0%,45.6%,107,44.9%,48.9%,-0.98,1.49,1.17,YES_POS
PD_VAL_TO_PD_VAH_RTH,10,0.1,411,58.4%,127,54.3%,46.4%,80,40.0%,48.7%,-0.81,1.79,2.01,YES_POS
PD_VAL_TO_PD_VAH_RTH,20,0.02,411,58.4%,58,44.8%,43.2%,148,48.6%,45.9%,-1.95,0.25,-0.49,NO
PD_VAL_TO_PD_VAH_RTH,20,0.05,411,58.4%,78,47.4%,44.0%,128,47.7%,45.9%,-1.79,0.62,-0.03,NO
PD_VAL_TO_PD_VAH_RTH,20,0.1,411,58.4%,100,48.0%,43.9%,106,47.2%,46.4%,-1.88,0.83,0.12,NO
IB_HIGH_TO_IB_LOW_RTH,3,0.02,392,62.0%,190,33.2%,53.5%,73,26.0%,55.8%,-6.53,-5.61,1.12,YES_NEG
IB_HIGH_TO_IB_LOW_RTH,3,0.05,392,62.0%,230,31.3%,54.0%,33,30.3%,55.2%,-7.39,-6.89,0.12,YES_NEG
IB_HIGH_TO_IB_LOW_RTH,3,0.1,392,62.0%,256,31.6%,54.3%,7,14.3%,47.1%,-7.55,-7.28,0.98,YES_NEG
IB_HIGH_TO_IB_LOW_RTH,5,0.02,392,62.0%,166,35.5%,53.0%,97,23.7%,54.1%,-5.73,-4.50,2.00,YES_NEG
IB_HIGH_TO_IB_LOW_RTH,5,0.05,392,62.0%,219,32.9%,53.1%,44,22.7%,54.8%,-6.91,-6.00,1.33,YES_NEG
IB_HIGH_TO_IB_LOW_RTH,5,0.1,392,62.0%,248,32.3%,53.4%,15,13.3%,52.4%,-7.33,-6.69,1.54,YES_NEG
IB_HIGH_TO_IB_LOW_RTH,10,0.02,392,62.0%,131,40.5%,51.7%,131,22.1%,53.2%,-4.30,-2.59,3.20,YES_NEG
IB_HIGH_TO_IB_LOW_RTH,10,0.05,392,62.0%,182,36.3%,51.9%,80,20.0%,53.7%,-5.75,-4.23,2.61,YES_NEG
IB_HIGH_TO_IB_LOW_RTH,10,0.1,392,62.0%,229,32.3%,52.4%,33,24.2%,53.1%,-7.14,-6.08,0.93,YES_NEG
IB_HIGH_TO_IB_LOW_RTH,20,0.02,392,62.0%,98,50.0%,50.1%,160,20.0%,51.4%,-2.16,-0.02,5.04,NO
IB_HIGH_TO_IB_LOW_RTH,20,0.05,392,62.0%,141,42.6%,51.0%,117,17.9%,50.9%,-4.00,-2.00,4.24,NO
IB_HIGH_TO_IB_LOW_RTH,20,0.1,392,62.0%,195,34.9%,50.8%,63,20.6%,51.3%,-6.20,-4.45,2.12,YES_NEG
IB_LOW_TO_IB_HIGH_RTH,3,0.02,392,67.1%,147,37.4%,58.3%,95,23.2%,60.4%,-6.24,-5.14,2.33,YES_NEG
IB_LOW_TO_IB_HIGH_RTH,3,0.05,392,67.1%,177,35.6%,58.6%,65,21.5%,60.6%,-7.03,-6.21,2.08,YES_NEG
IB_LOW_TO_IB_HIGH_RTH,3,0.1,392,67.1%,213,33.8%,58.9%,29,17.2%,61.0%,-7.87,-7.43,1.80,YES_NEG
IB_LOW_TO_IB_HIGH_RTH,5,0.02,392,67.1%,118,42.4%,57.6%,124,21.8%,59.6%,-4.83,-3.35,3.44,YES_NEG
IB_LOW_TO_IB_HIGH_RTH,5,0.05,392,67.1%,150,39.3%,58.4%,92,19.6%,59.1%,-5.89,-4.73,3.20,YES_NEG
IB_LOW_TO_IB_HIGH_RTH,5,0.1,392,67.1%,197,35.0%,58.5%,45,17.8%,59.2%,-7.40,-6.68,2.24,YES_NEG
IB_LOW_TO_IB_HIGH_RTH,10,0.02,392,67.1%,94,45.7%,56.2%,148,23.0%,58.7%,-3.85,-2.05,3.71,NO
IB_LOW_TO_IB_HIGH_RTH,10,0.05,392,67.1%,118,44.1%,56.9%,124,20.2%,58.5%,-4.51,-2.81,3.99,NO
IB_LOW_TO_IB_HIGH_RTH,10,0.1,392,67.1%,157,39.5%,57.3%,85,17.6%,58.5%,-5.95,-4.51,3.48,YES_NEG
IB_LOW_TO_IB_HIGH_RTH,20,0.02,392,67.1%,77,48.1%,54.2%,164,23.2%,57.0%,-3.18,-1.09,3.89,NO
IB_LOW_TO_IB_HIGH_RTH,20,0.05,392,67.1%,99,47.5%,55.1%,142,19.7%,56.8%,-3.62,-1.52,4.58,NO
IB_LOW_TO_IB_HIGH_RTH,20,0.1,392,67.1%,134,43.3%,55.4%,107,15.9%,57.0%,-4.88,-2.82,4.56,NO
ONH_TO_ONL_RTH,3,0.02,411,62.5%,165,34.5%,52.1%,109,30.3%,58.1%,-6.10,-4.52,0.74,YES_NEG
ONH_TO_ONL_RTH,3,0.05,411,62.5%,193,33.2%,52.8%,81,32.1%,58.7%,-6.74,-5.45,0.17,YES_NEG
ONH_TO_ONL_RTH,3,0.1,411,62.5%,236,35.2%,53.7%,38,18.4%,59.8%,-6.71,-5.70,2.04,YES_NEG
ONH_TO_ONL_RTH,5,0.02,411,62.5%,145,35.9%,51.3%,129,29.5%,56.6%,-5.56,-3.73,1.13,YES_NEG
ONH_TO_ONL_RTH,5,0.05,411,62.5%,175,33.7%,51.6%,99,31.3%,57.8%,-6.40,-4.73,0.41,YES_NEG
ONH_TO_ONL_RTH,5,0.1,411,62.5%,223,36.3%,52.8%,51,17.6%,58.5%,-6.32,-4.92,2.56,YES_NEG
ONH_TO_ONL_RTH,10,0.02,411,62.5%,114,38.6%,49.7%,159,28.9%,54.9%,-4.57,-2.37,1.68,YES_NEG
ONH_TO_ONL_RTH,10,0.05,411,62.5%,142,35.2%,50.1%,131,30.5%,55.6%,-5.65,-3.55,0.82,YES_NEG
ONH_TO_ONL_RTH,10,0.1,411,62.5%,198,35.9%,51.4%,75,25.3%,56.2%,-6.18,-4.37,1.65,YES_NEG
ONH_TO_ONL_RTH,20,0.02,411,62.5%,78,37.2%,47.1%,194,30.4%,51.8%,-4.17,-1.75,1.08,YES_NEG
ONH_TO_ONL_RTH,20,0.05,411,62.5%,102,40.2%,48.0%,170,27.6%,51.9%,-4.09,-1.58,2.14,YES_NEG
ONH_TO_ONL_RTH,20,0.1,411,62.5%,152,36.8%,48.6%,120,26.7%,52.8%,-5.45,-2.89,1.78,YES_NEG
ONL_TO_ONH_RTH,3,0.02,411,66.7%,136,29.4%,49.8%,121,30.6%,55.7%,-7.62,-4.76,-0.20,YES_NEG
ONL_TO_ONH_RTH,3,0.05,411,66.7%,175,33.7%,50.9%,82,22.0%,56.2%,-7.37,-4.56,1.92,YES_NEG
ONL_TO_ONH_RTH,3,0.1,411,66.7%,218,31.7%,51.8%,39,20.5%,57.0%,-8.39,-5.96,1.40,YES_NEG
ONL_TO_ONH_RTH,5,0.02,411,66.7%,116,31.9%,48.5%,141,28.4%,54.4%,-6.72,-3.59,0.61,YES_NEG
ONL_TO_ONH_RTH,5,0.05,411,66.7%,151,35.8%,49.8%,106,21.7%,54.6%,-6.59,-3.44,2.42,YES_NEG
ONL_TO_ONH_RTH,5,0.1,411,66.7%,195,34.4%,50.6%,62,16.1%,55.4%,-7.49,-4.53,2.73,YES_NEG
ONL_TO_ONH_RTH,10,0.02,411,66.7%,92,34.8%,47.7%,164,27.4%,51.7%,-5.66,-2.47,1.23,YES_NEG
ONL_TO_ONH_RTH,10,0.05,411,66.7%,120,39.2%,48.5%,136,22.1%,51.8%,-5.42,-2.05,2.98,NO
ONL_TO_ONH_RTH,10,0.1,411,66.7%,160,37.5%,49.3%,96,17.7%,51.9%,-6.35,-2.98,3.34,YES_NEG
ONL_TO_ONH_RTH,20,0.02,411,66.7%,71,38.0%,45.1%,184,27.2%,48.3%,-4.60,-1.20,1.69,NO
ONL_TO_ONH_RTH,20,0.05,411,66.7%,97,44.3%,45.7%,158,21.5%,48.5%,-4.09,-0.27,3.85,NO
ONL_TO_ONH_RTH,20,0.1,411,66.7%,126,43.7%,46.3%,129,17.1%,48.5%,-4.64,-0.60,4.63,NO