id,trade_date,setup_type,fired_at,actual_pnl,prior_id,prior_resolved_at
54090,2026-07-15,VWAP_MAGNET_LONG,2026-07-15T16:06:00.000Z,38,52128,2026-07-15T14:43:00.000Z
58681,2026-07-16,OR5_LOW_FADE_LONG,2026-07-16T14:49:00.000Z,-142,58680,2026-07-16T14:47:00.000Z
59061,2026-07-17,IB_BULLISH,2026-07-17T15:04:00.000Z,648.5,59056,2026-07-17T14:46:00.000Z
59119,2026-07-17,IB_HIGH_FADE_SHORT,2026-07-17T18:30:00.000Z,64,59109,2026-07-17T18:11:00.000Z
59121,2026-07-17,IB_HIGH_FADE_SHORT,2026-07-17T18:54:00.000Z,64,59119,2026-07-17T18:32:00.000Z
65468,2026-07-20,IB_BEARISH,2026-07-20T16:56:00.000Z,90,65448,2026-07-20T16:55:00.000Z
65646,2026-07-20,VWAP_MAGNET_LONG,2026-07-20T19:56:00.000Z,-6.5,65642,2026-07-20T19:55:00.000Z
65655,2026-07-20,VWAP_MAGNET_LONG,2026-07-20T20:01:00.000Z,-62,65652,2026-07-20T20:00:00.000Z
66373,2026-07-22,IB_BULLISH,2026-07-22T15:21:00.000Z,60,66333,2026-07-22T15:20:00.000Z
66397,2026-07-22,IB_BULLISH,2026-07-22T15:31:00.000Z,-160,66373,2026-07-22T15:26:00.000Z
66927,2026-07-22,STOP_SWEEP_SHORT,2026-07-22T18:49:00.000Z,-46,66787,2026-07-22T18:41:00.000Z
67011,2026-07-22,STOP_SWEEP_SHORT,2026-07-22T19:11:00.000Z,58,66927,2026-07-22T18:55:00.000Z
67194,2026-07-22,STOP_SWEEP_SHORT,2026-07-22T20:00:00.000Z,58,67189,2026-07-22T19:59:00.000Z
67235,2026-07-22,STOP_SWEEP_SHORT,2026-07-22T20:13:00.000Z,-79,67214,2026-07-22T20:04:00.000Z
67539,2026-07-23,FAILED_AUCTION_LONG,2026-07-23T17:34:00.000Z,-82,67502,2026-07-23T17:05:00.000Z
67536,2026-07-23,IB_BEARISH,2026-07-23T17:34:00.000Z,88,67499,2026-07-23T17:05:00.000Z
67542,2026-07-23,TRT_MAH_SHORT,2026-07-23T19:48:00.000Z,-244.5,67501,2026-07-23T17:39:00.000Z
67540,2026-07-23,IB_BEARISH,2026-07-23T19:48:00.000Z,-176,67536,2026-07-23T17:40:00.000Z
67543,2026-07-23,FAILED_AUCTION_LONG,2026-07-23T19:48:00.000Z,68,67539,2026-07-23T17:40:00.000Z
67541,2026-07-23,TRT_SHORT,2026-07-23T19:48:00.000Z,-244.5,67500,2026-07-23T17:39:00.000Z
68022,2026-07-24,IB_BEARISH,2026-07-24T18:29:00.000Z,88,68011,2026-07-24T18:28:00.000Z
68147,2026-07-24,VWAP_MAGNET_LONG,2026-07-24T19:07:00.000Z,38,68062,2026-07-24T18:43:00.000Z
68261,2026-07-24,VWAP_MAGNET_LONG,2026-07-24T19:42:00.000Z,38,68227,2026-07-24T19:31:00.000Z
68279,2026-07-24,VWAP_MAGNET_LONG,2026-07-24T19:50:00.000Z,38,68261,2026-07-24T19:44:00.000Z
72081,2026-07-28,IB_HIGH_FADE_SHORT,2026-07-28T16:36:55.263Z,-108,72072,2026-07-28T16:30:00.000Z
72133,2026-07-28,IB_HIGH_FADE_SHORT,2026-07-28T17:24:41.965Z,64,72121,2026-07-28T17:21:00.000Z
72141,2026-07-28,IB_HIGH_FADE_LONG,2026-07-28T17:30:20.647Z,64,72135,2026-07-28T17:28:00.000Z
72153,2026-07-28,IB_HIGH_FADE_LONG,2026-07-28T17:41:40.927Z,-108,72141,2026-07-28T17:35:00.000Z
72234,2026-07-28,OR5_MID_FADE_LONG,2026-07-28T18:43:40.511Z,62,72194,2026-07-28T18:33:00.000Z
72280,2026-07-28,CAM_S3_FADE_SHORT,2026-07-28T19:23:36.617Z,84,72256,2026-07-28T19:13:00.000Z
72326,2026-07-28,PD_LOW_FADE_LONG,2026-07-28T20:00:56.890Z,126,72299,2026-07-28T20:00:47.888Z
72335,2026-07-28,OR5_MID_FADE_LONG,2026-07-28T20:08:11.567Z,62,72327,2026-07-28T20:05:00.000Z
79537,2026-07-29,GLOBEX_VWAP_MAGNET_LONG,2026-07-29T14:34:00.000Z,-62,79529,2026-07-29T14:32:00.000Z
79597,2026-07-29,GLOBEX_VWAP_MAGNET_LONG,2026-07-29T14:51:00.000Z,38,79596,2026-07-29T14:50:00.000Z
79690,2026-07-29,GLOBEX_VWAP_MAGNET_LONG,2026-07-29T15:19:00.000Z,38,79664,2026-07-29T15:16:00.000Z
79716,2026-07-29,GLOBEX_VWAP_MAGNET_LONG,2026-07-29T15:27:00.000Z,38,79690,2026-07-29T15:23:00.000Z
79741,2026-07-29,GLOBEX_VWAP_MAGNET_LONG,2026-07-29T15:38:00.000Z,-62,79716,2026-07-29T15:36:00.000Z
79754,2026-07-29,GLOBEX_VWAP_MAGNET_LONG,2026-07-29T15:42:00.000Z,38,79751,2026-07-29T15:41:00.000Z
79821,2026-07-29,VWAP_MAGNET_LONG,2026-07-29T16:00:00.000Z,-62,79801,2026-07-29T15:59:00.000Z
79867,2026-07-29,VWAP_MAGNET_LONG,2026-07-29T16:09:00.000Z,-62,79849,2026-07-29T16:08:00.000Z
79868,2026-07-29,GLOBEX_VWAP_MAGNET_LONG,2026-07-29T16:09:00.000Z,-62,79850,2026-07-29T16:08:00.000Z
79929,2026-07-29,GLOBEX_VWAP_MAGNET_LONG,2026-07-29T16:23:00.000Z,38,79918,2026-07-29T16:22:00.000Z
79928,2026-07-29,IB_BEARISH,2026-07-29T16:23:00.000Z,-102,79848,2026-07-29T16:22:00.000Z
80289,2026-07-29,IB_BEARISH,2026-07-29T18:03:00.000Z,88,80254,2026-07-29T18:00:00.000Z
80324,2026-07-29,VWAP_MAGNET_SHORT,2026-07-29T18:12:00.000Z,38,80290,2026-07-29T18:04:00.000Z
80323,2026-07-29,IB_BEARISH,2026-07-29T18:12:00.000Z,88,80294,2026-07-29T18:06:00.000Z
80345,2026-07-29,VALUE_AREA_RESPONSIVE_LONG,2026-07-29T18:17:00.000Z,-62,80335,2026-07-29T18:15:00.000Z
80539,2026-07-29,IB_BEARISH,2026-07-29T19:18:00.000Z,88,80409,2026-07-29T18:40:00.000Z
80596,2026-07-29,IB_BEARISH,2026-07-29T19:33:00.000Z,88,80582,2026-07-29T19:32:00.000Z
80600,2026-07-29,STOP_SWEEP_LONG,2026-07-29T19:34:00.000Z,-88.5,80583,2026-07-29T19:33:00.000Z
80658,2026-07-29,IB_BEARISH,2026-07-29T19:48:00.000Z,88,80642,2026-07-29T19:47:00.000Z
80719,2026-07-29,VWAP_MAGNET_LONG,2026-07-29T20:00:00.000Z,-62,80715,2026-07-29T19:59:00.000Z
80720,2026-07-29,GLOBEX_VWAP_MAGNET_LONG,2026-07-29T20:00:00.000Z,-62,80716,2026-07-29T19:59:00.000Z
80770,2026-07-29,IB_BEARISH,2026-07-29T20:11:00.000Z,88,80763,2026-07-29T20:10:00.000Z
80823,2026-07-29,GLOBEX_VWAP_MAGNET_LONG,2026-07-29T20:23:00.000Z,-62,80805,2026-07-29T20:22:00.000Z
80822,2026-07-29,VWAP_MAGNET_LONG,2026-07-29T20:23:00.000Z,-62,80804,2026-07-29T20:22:00.000Z
81000,2026-07-30,PD_HIGH_FADE_SHORT,2026-07-30T13:55:33.977Z,-188,80994,2026-07-30T13:52:00.000Z
81037,2026-07-30,VWAP_MAGNET_SHORT,2026-07-30T14:31:00.000Z,38,81027,2026-07-30T14:30:00.000Z
81056,2026-07-30,VWAP_MAGNET_SHORT,2026-07-30T14:36:00.000Z,38,81037,2026-07-30T14:35:00.000Z
81091,2026-07-30,IB_BULLISH,2026-07-30T14:53:00.000Z,62,81082,2026-07-30T14:52:00.000Z
81128,2026-07-30,ZONE_EDGE_FADE,2026-07-30T15:02:00.000Z,-6,81117,2026-07-30T15:00:00.000Z
81127,2026-07-30,GLOBEX_VWAP_MAGNET_SHORT,2026-07-30T15:02:00.000Z,-62,81116,2026-07-30T15:00:00.000Z
81164,2026-07-30,IB_BULLISH,2026-07-30T15:10:00.000Z,-160,81146,2026-07-30T15:09:00.000Z
81165,2026-07-30,GLOBEX_VWAP_MAGNET_SHORT,2026-07-30T15:10:00.000Z,38,81154,2026-07-30T15:09:00.000Z
81303,2026-07-30,GLOBEX_VWAP_MAGNET_SHORT,2026-07-30T15:51:00.000Z,38,81281,2026-07-30T15:50:00.000Z
81318,2026-07-30,GLOBEX_VWAP_MAGNET_SHORT,2026-07-30T15:54:00.000Z,38,81303,2026-07-30T15:52:00.000Z
81427,2026-07-30,GLOBEX_VWAP_MAGNET_SHORT,2026-07-30T16:30:00.000Z,38,81409,2026-07-30T16:29:00.000Z
81479,2026-07-30,ZONE_EDGE_FADE,2026-07-30T16:44:00.000Z,-4,81471,2026-07-30T16:43:00.000Z
82134,2026-07-30,PM_LOW_FADE_SHORT,2026-07-30T20:00:19.983Z,-172,81897,2026-07-30T20:00:04.463Z
82195,2026-07-30,VWAP_MAGNET_SHORT,2026-07-30T20:12:00.000Z,-62,82155,2026-07-30T20:11:00.000Z
82310,2026-07-30,VWAP_MAGNET_SHORT,2026-07-30T20:36:00.000Z,-3,82295,2026-07-30T20:35:00.000Z
82311,2026-07-30,GLOBEX_VWAP_MAGNET_SHORT,2026-07-30T20:36:00.000Z,38,82296,2026-07-30T20:35:00.000Z
83432,2026-07-31,STOP_SWEEP_LONG,2026-07-31T18:48:00.000Z,-58.5,83347,2026-07-31T18:47:00.000Z
83635,2026-07-31,FAILED_AUCTION_LONG,2026-07-31T20:00:00.000Z,-82,83628,2026-07-31T19:59:00.000Z
83632,2026-07-31,IB_BEARISH,2026-07-31T20:00:00.000Z,88,83626,2026-07-31T19:59:00.000Z
83922,2026-08-03,GLOBEX_VWAP_FADE_LONG,2026-08-02T23:50:15.387Z,-168,83668,2026-07-31T20:58:00.000Z
84119,2026-08-03,GLOBEX_VWAP_MAGNET_SHORT,2026-08-03T15:20:00.000Z,38,83985,2026-08-03T15:12:00.000Z
84639,2026-08-03,GLOBEX_VWAP_MAGNET_SHORT,2026-08-03T17:11:00.000Z,-60,84308,2026-08-03T17:10:00.000Z
84735,2026-08-03,VWAP_MAGNET_SHORT,2026-08-03T17:28:00.000Z,-60,84638,2026-08-03T17:27:00.000Z
84736,2026-08-03,GLOBEX_VWAP_MAGNET_SHORT,2026-08-03T17:28:00.000Z,-60,84639,2026-08-03T17:27:00.000Z
85877,2026-08-04,FLOOR_R2_FADE_SHORT,2026-08-04T13:38:00.825Z,-78,85873,2026-08-04T13:36:00.000Z
85901,2026-08-04,IB_HIGH_FADE_SHORT,2026-08-04T14:46:28.072Z,-68,85890,2026-08-04T14:37:00.000Z
85937,2026-08-04,FLOOR_R3_FADE_SHORT,2026-08-04T17:12:33.779Z,-30,85927,2026-08-04T17:11:00.000Z
85960,2026-08-04,FLOOR_R3_FADE_LONG,2026-08-04T20:19:14.308Z,80,85940,2026-08-04T17:37:00.000Z
86388,2026-08-05,ONL_FADE_SHORT,2026-08-05T18:06:24.867Z,118,86340,2026-08-05T18:04:00.000Z
86471,2026-08-05,ONL_FADE_SHORT,2026-08-05T19:06:59.000Z,118,86388,2026-08-05T19:00:00.000Z
86521,2026-08-05,CAM_S3_FADE_LONG,2026-08-05T20:00:37.023Z,-140,86516,2026-08-05T20:00:24.262Z
87220,2026-08-06,GLOBEX_VWAP_FADE_SHORT,2026-08-06T15:54:00.000Z,78,87164,2026-08-06T15:46:00.000Z
87295,2026-08-06,GLOBEX_VWAP_FADE_SHORT,2026-08-06T16:08:00.000Z,78,87220,2026-08-06T16:01:00.000Z
87487,2026-08-06,GLOBEX_VWAP_FADE_SHORT,2026-08-06T16:52:00.000Z,-68,87436,2026-08-06T16:44:00.000Z
88049,2026-08-06,GLOBEX_VWAP_FADE_SHORT,2026-08-06T18:34:00.000Z,-68,87615,2026-08-06T18:16:00.000Z
88277,2026-08-06,GLOBEX_VWAP_FADE_SHORT,2026-08-06T19:14:00.000Z,78,88049,2026-08-06T19:08:00.000Z
88278,2026-08-06,ZONE_EDGE_FADE,2026-08-06T19:14:00.000Z,-66,88059,2026-08-06T19:07:20.163Z
88390,2026-08-06,GLOBEX_VWAP_FADE_SHORT,2026-08-06T19:32:00.000Z,78,88277,2026-08-06T19:30:00.000Z
88497,2026-08-06,IB_BULLISH,2026-08-06T19:55:00.000Z,-20,88480,2026-08-06T19:54:00.000Z
88518,2026-08-06,PD2_VAL_FADE_SHORT,2026-08-06T20:02:19.204Z,82,88496,2026-08-06T20:00:26.738Z
88675,2026-08-07,OR5_MID_FADE_LONG,2026-08-07T13:42:16.003Z,68,88674,2026-08-07T13:41:00.000Z
89086,2026-08-07,IB_BEARISH,2026-08-07T16:35:00.000Z,98,89066,2026-08-07T16:34:00.000Z
89450,2026-08-07,GLOBEX_VWAP_FADE_SHORT,2026-08-07T18:50:00.000Z,-68,89277,2026-08-07T18:44:00.000Z
89718,2026-08-10,VALUE_AREA_RESPONSIVE_SHORT,2026-08-10T15:13:00.000Z,72,89684,2026-08-10T15:12:00.000Z
89755,2026-08-10,STOP_SWEEP_LONG,2026-08-10T15:27:00.000Z,-56,89717,2026-08-10T15:25:00.000Z
90053,2026-08-10,C_PAIRED_LONG,2026-08-10T16:26:00.000Z,-166,89730,2026-08-10T15:45:00.000Z
90054,2026-08-10,FAILED_AUCTION_LONG,2026-08-10T16:26:00.000Z,-98,89720,2026-08-10T15:35:00.000Z
90362,2026-08-10,C_PAIRED_LONG,2026-08-10T17:35:00.000Z,-94,90053,2026-08-10T16:43:00.000Z
90363,2026-08-10,FAILED_AUCTION_LONG,2026-08-10T17:35:00.000Z,-55.5,90054,2026-08-10T16:32:00.000Z
92048,2026-08-11,STOP_SWEEP_LONG,2026-08-11T15:21:00.000Z,-74,91950,2026-08-11T15:18:00.000Z
92464,2026-08-11,FAILED_SWEEP_REVERSAL_LONG,2026-08-11T16:08:00.000Z,-136.5,92049,2026-08-11T15:58:00.000Z
92572,2026-08-11,IB_BEARISH,2026-08-11T16:26:00.000Z,99,92209,2026-08-11T16:25:00.000Z
93797,2026-08-12,OR5_LOW_FADE_SHORT,2026-08-12T13:47:52.023Z,-66,93796,2026-08-12T13:47:00.000Z
93976,2026-08-12,OR5_LOW_FADE_LONG,2026-08-12T15:07:45.935Z,-66,93952,2026-08-12T15:03:00.000Z
94649,2026-08-12,FAILED_AUCTION_LONG,2026-08-12T17:54:00.000Z,-0.5,94588,2026-08-12T17:47:03.990Z
95347,2026-08-12,ZONE_EDGE_FADE,2026-08-12T20:51:00.000Z,-4,95293,2026-08-12T20:43:00.000Z
95513,2026-08-13,IB_HIGH_FADE_LONG,2026-08-13T14:47:56.788Z,-66,95505,2026-08-13T14:45:00.000Z
95628,2026-08-13,FLOOR_R3_FADE_SHORT,2026-08-13T16:03:48.586Z,-66,95577,2026-08-13T15:52:00.000Z
95994,2026-08-13,IB_BULLISH,2026-08-13T19:01:00.000Z,-102,95779,2026-08-13T19:00:00.000Z
96675,2026-08-14,FAILED_SWEEP_REVERSAL_LONG,2026-08-14T14:29:00.000Z,-138.5,96483,2026-08-14T14:18:00.000Z
98073,2026-08-14,C_PAIRED_SHORT,2026-08-14T20:28:00.000Z,-20,97019,2026-08-14T20:00:04.829Z
98071,2026-08-14,IB_BEARISH,2026-08-14T20:28:00.000Z,-20,97107,2026-08-14T19:42:00.000Z
98330,2026-08-17,IB_BEARISH,2026-08-17T14:53:00.000Z,-104,98259,2026-08-17T14:50:00.000Z
98345,2026-08-17,PD_VAH_FADE_SHORT,2026-08-17T15:05:47.461Z,72,98337,2026-08-17T15:04:00.000Z
99716,2026-08-18,IB_LOW_FADE_SHORT,2026-08-18T19:03:17.748Z,-32,99639,2026-08-18T18:21:00.000Z
99786,2026-08-18,IB_LOW_FADE_SHORT,2026-08-18T20:02:10.551Z,-3.5,99716,2026-08-18T20:00:23.264Z
99791,2026-08-18,IB_LOW_FADE_SHORT,2026-08-18T20:05:33.149Z,-2,99786,2026-08-18T20:03:00.000Z
99792,2026-08-18,IB_LOW_FADE_SHORT,2026-08-18T20:08:51.873Z,8,99791,2026-08-18T20:06:00.000Z
99795,2026-08-18,IB_LOW_FADE_SHORT,2026-08-18T20:11:32.438Z,12.5,99792,2026-08-18T20:09:00.000Z
99803,2026-08-18,IB_LOW_FADE_SHORT,2026-08-18T20:17:35.906Z,2.5,99800,2026-08-18T20:16:00.000Z
99806,2026-08-18,IB_LOW_FADE_SHORT,2026-08-18T20:20:06.877Z,-0.5,99803,2026-08-18T20:18:00.000Z
99810,2026-08-18,IB_LOW_FADE_SHORT,2026-08-18T20:23:08.212Z,6,99806,2026-08-18T20:21:00.000Z
99819,2026-08-18,IB_LOW_FADE_SHORT,2026-08-18T20:29:32.717Z,2,99816,2026-08-18T20:28:00.000Z
99822,2026-08-18,IB_LOW_FADE_SHORT,2026-08-18T20:32:01.231Z,-10.5,99819,2026-08-18T20:30:00.000Z
99826,2026-08-18,IB_LOW_FADE_SHORT,2026-08-18T20:35:22.543Z,-6.5,99822,2026-08-18T20:33:00.000Z
99828,2026-08-18,IB_LOW_FADE_SHORT,2026-08-18T20:37:44.983Z,-3,99826,2026-08-18T20:36:00.000Z
99831,2026-08-18,IB_LOW_FADE_SHORT,2026-08-18T20:40:19.497Z,-2.5,99828,2026-08-18T20:38:00.000Z
99834,2026-08-18,IB_LOW_FADE_SHORT,2026-08-18T20:43:36.962Z,10.5,99831,2026-08-18T20:41:00.000Z
99838,2026-08-18,IB_LOW_FADE_SHORT,2026-08-18T20:46:20.636Z,41,99834,2026-08-18T20:44:00.000Z
99849,2026-08-18,IB_LOW_FADE_LONG,2026-08-18T20:53:59.793Z,0.5,99846,2026-08-18T20:52:00.000Z
99852,2026-08-18,IB_LOW_FADE_LONG,2026-08-18T20:56:17.355Z,8.5,99849,2026-08-18T20:54:00.000Z
99855,2026-08-18,IB_LOW_FADE_LONG,2026-08-18T20:58:28.848Z,-7.5,99852,2026-08-18T20:57:00.000Z
100042,2026-08-19,PD_VAL_FADE_LONG,2026-08-19T15:53:23.048Z,72,100010,2026-08-19T15:49:00.000Z
100413,2026-08-19,STOP_SWEEP_LONG,2026-08-19T18:25:00.000Z,58.5,100369,2026-08-19T18:17:00.000Z
100772,2026-08-19,STOP_SWEEP_LONG,2026-08-19T20:07:00.000Z,-3,100768,2026-08-19T20:06:00.000Z
100773,2026-08-19,C_PAIRED_SHORT,2026-08-19T20:07:00.000Z,-1,100769,2026-08-19T20:06:00.000Z
100771,2026-08-19,IB_BEARISH,2026-08-19T20:07:00.000Z,-1,100767,2026-08-19T20:06:00.000Z
100815,2026-08-19,STOP_SWEEP_LONG,2026-08-19T20:18:00.000Z,-0.5,100812,2026-08-19T20:17:00.000Z
100816,2026-08-19,C_PAIRED_SHORT,2026-08-19T20:18:00.000Z,-4,100813,2026-08-19T20:17:00.000Z
100814,2026-08-19,IB_BEARISH,2026-08-19T20:18:00.000Z,-4,100811,2026-08-19T20:17:00.000Z
100867,2026-08-19,IB_BEARISH,2026-08-19T20:32:00.000Z,-12,100862,2026-08-19T20:31:00.000Z
100869,2026-08-19,C_PAIRED_SHORT,2026-08-19T20:32:00.000Z,-12,100864,2026-08-19T20:31:00.000Z
100868,2026-08-19,STOP_SWEEP_LONG,2026-08-19T20:32:00.000Z,8,100863,2026-08-19T20:31:00.000Z
100980,2026-08-19,IB_MID_SCALP_FADE_SHORT,2026-08-19T20:58:38.690Z,-17,100966,2026-08-19T20:57:00.000Z
101025,2026-08-20,PD_LOW_FADE_LONG,2026-08-20T13:51:28.938Z,-66,101021,2026-08-20T13:50:00.000Z
102178,2026-08-20,IB_BEARISH,2026-08-20T20:04:00.000Z,15.5,102173,2026-08-20T20:03:00.000Z
102221,2026-08-20,BRACKET_BREAKOUT_SHORT,2026-08-20T20:19:00.000Z,-1,102219,2026-08-20T20:18:00.000Z
102220,2026-08-20,IB_BEARISH,2026-08-20T20:19:00.000Z,-6,102218,2026-08-20T20:18:00.000Z
102257,2026-08-20,IB_BEARISH,2026-08-20T20:32:00.000Z,-11,102253,2026-08-20T20:31:00.000Z
102295,2026-08-20,IB_BEARISH,2026-08-20T20:43:00.000Z,1.5,102292,2026-08-20T20:42:00.000Z
102335,2026-08-20,IB_BEARISH,2026-08-20T20:54:00.000Z,-8.5,102330,2026-08-20T20:53:00.000Z
102378,2026-08-21,PD_SESSION_MID_FADE_LONG,2026-08-21T13:46:48.325Z,-76,102364,2026-08-21T13:45:00.000Z
102512,2026-08-21,PD_IB_LOW_FADE_LONG,2026-08-21T14:53:02.107Z,72,102458,2026-08-21T14:37:00.000Z
102667,2026-08-21,OR5_MID_FADE_LONG,2026-08-21T15:51:27.864Z,103,102664,2026-08-21T15:51:00.000Z
102711,2026-08-21,PD_VAH_FADE_LONG,2026-08-21T16:22:27.432Z,-66,102693,2026-08-21T16:21:00.000Z
103033,2026-08-21,PD_IB_MID_FADE_LONG,2026-08-21T19:53:29.308Z,9.5,102954,2026-08-21T19:48:00.000Z
103043,2026-08-21,PD_VAH_FADE_SHORT,2026-08-21T20:00:43.936Z,54.5,102961,2026-08-21T19:58:00.000Z
103049,2026-08-21,PD_IB_MID_FADE_LONG,2026-08-21T20:05:00.350Z,5,103046,2026-08-21T20:03:00.000Z
103053,2026-08-21,PD_IB_MID_FADE_LONG,2026-08-21T20:08:12.781Z,-7.5,103049,2026-08-21T20:06:00.000Z
103057,2026-08-21,PD_IB_MID_FADE_LONG,2026-08-21T20:11:20.802Z,2,103053,2026-08-21T20:09:00.000Z
103061,2026-08-21,PD_IB_MID_FADE_LONG,2026-08-21T20:14:17.543Z,-5,103057,2026-08-21T20:12:00.000Z
103065,2026-08-21,PD_IB_MID_FADE_LONG,2026-08-21T20:17:14.445Z,-10.5,103061,2026-08-21T20:15:00.000Z
103068,2026-08-21,PD_IB_MID_FADE_LONG,2026-08-21T20:19:31.939Z,-5.5,103065,2026-08-21T20:18:00.000Z
103071,2026-08-21,PD_IB_MID_FADE_LONG,2026-08-21T20:21:38.112Z,-12,103068,2026-08-21T20:20:00.000Z
103078,2026-08-21,CAM_R3_FADE_LONG,2026-08-21T20:26:41.236Z,0,103074,2026-08-21T20:24:00.000Z
103089,2026-08-21,PD_IB_MID_FADE_LONG,2026-08-21T20:34:12.671Z,4.5,103085,2026-08-21T20:32:00.000Z
103093,2026-08-21,PD_IB_MID_FADE_LONG,2026-08-21T20:37:14.193Z,1,103089,2026-08-21T20:35:00.000Z
103097,2026-08-21,PD_IB_MID_FADE_LONG,2026-08-21T20:40:15.057Z,-1.5,103093,2026-08-21T20:38:00.000Z
103100,2026-08-21,PD_IB_MID_FADE_LONG,2026-08-21T20:42:33.412Z,4,103097,2026-08-21T20:41:00.000Z
103103,2026-08-21,PD_IB_MID_FADE_LONG,2026-08-21T20:44:57.360Z,-3,103100,2026-08-21T20:43:00.000Z
103106,2026-08-21,PD_IB_MID_FADE_LONG,2026-08-21T20:47:30.655Z,-22,103103,2026-08-21T20:45:00.000Z
103110,2026-08-21,PD_IB_MID_FADE_LONG,2026-08-21T20:50:28.999Z,1.5,103106,2026-08-21T20:48:00.000Z
103113,2026-08-21,PD_IB_MID_FADE_LONG,2026-08-21T20:52:46.407Z,2,103110,2026-08-21T20:51:00.000Z
103117,2026-08-21,PD_IB_MID_FADE_LONG,2026-08-21T20:55:45.485Z,-1.5,103113,2026-08-21T20:53:00.000Z
103120,2026-08-21,PD_IB_MID_FADE_LONG,2026-08-21T20:58:09.036Z,-6.5,103117,2026-08-21T20:56:00.000Z
103292,2026-08-24,BRACKET_BREAKOUT_SHORT,2026-08-24T14:42:00.000Z,74,103236,2026-08-24T14:41:00.000Z
103628,2026-08-24,PW_LOW_FADE_SHORT,2026-08-24T17:08:27.457Z,72,103570,2026-08-24T17:02:00.000Z
103651,2026-08-24,OR5_MID_FADE_SHORT,2026-08-24T17:28:08.717Z,-76,103613,2026-08-24T17:23:00.000Z
103719,2026-08-24,PW_LOW_FADE_SHORT,2026-08-24T18:26:01.085Z,72,103709,2026-08-24T18:24:00.000Z
103737,2026-08-24,PW_LOW_FADE_LONG,2026-08-24T18:42:40.885Z,-66,103727,2026-08-24T18:39:00.000Z
103825,2026-08-24,3M_VAL_FADE_LONG,2026-08-24T20:00:16.776Z,6,103805,2026-08-24T20:00:01.245Z
103828,2026-08-24,3M_VAL_FADE_LONG,2026-08-24T20:02:22.510Z,5.5,103825,2026-08-24T20:01:00.000Z
103831,2026-08-24,3M_VAL_FADE_LONG,2026-08-24T20:04:38.431Z,8.5,103828,2026-08-24T20:03:00.000Z
103835,2026-08-24,3M_VAL_FADE_LONG,2026-08-24T20:07:14.992Z,5,103831,2026-08-24T20:05:00.000Z
103839,2026-08-24,3M_VAL_FADE_LONG,2026-08-24T20:10:57.702Z,-13,103835,2026-08-24T20:08:00.000Z
103843,2026-08-24,3M_VAL_FADE_LONG,2026-08-24T20:13:55.218Z,-1.5,103839,2026-08-24T20:11:00.000Z
103846,2026-08-24,3M_VAL_FADE_LONG,2026-08-24T20:16:00.249Z,-2.5,103843,2026-08-24T20:14:00.000Z
103850,2026-08-24,3M_VAL_FADE_LONG,2026-08-24T20:18:57.128Z,5,103846,2026-08-24T20:17:00.000Z
103853,2026-08-24,3M_VAL_FADE_LONG,2026-08-24T20:21:27.506Z,-36,103850,2026-08-24T20:19:00.000Z
103866,2026-08-24,OPEN_DRIVE_SHORT,2026-08-24T20:26:00.000Z,-2,103862,2026-08-24T20:25:00.000Z
103916,2026-08-24,FLOOR_S2_FADE_LONG,2026-08-24T20:39:28.469Z,9,103907,2026-08-24T20:37:00.000Z
103922,2026-08-24,3M_VAL_FADE_LONG,2026-08-24T20:42:26.044Z,2,103919,2026-08-24T20:41:00.000Z
103925,2026-08-24,3M_VAL_FADE_LONG,2026-08-24T20:44:31.976Z,-2,103922,2026-08-24T20:43:00.000Z
103928,2026-08-24,3M_VAL_FADE_LONG,2026-08-24T20:47:01.757Z,5.5,103925,2026-08-24T20:45:00.000Z
103932,2026-08-24,3M_VAL_FADE_LONG,2026-08-24T20:50:00.374Z,-20.5,103928,2026-08-24T20:48:00.000Z
103940,2026-08-24,FLOOR_S2_FADE_LONG,2026-08-24T20:54:36.187Z,27.5,103934,2026-08-24T20:52:00.000Z
103948,2026-08-24,3M_VAL_FADE_LONG,2026-08-24T20:59:11.888Z,40.5,103945,2026-08-24T20:57:00.000Z
104016,2026-08-25,PW_VAL_FADE_LONG,2026-08-25T14:16:29.088Z,-66,103996,2026-08-25T14:14:00.000Z
104380,2026-08-25,GLOBEX_VWAP_FADE_SHORT,2026-08-25T15:34:00.000Z,90,104336,2026-08-25T15:33:00.000Z
105485,2026-08-25,GLOBEX_VWAP_FADE_LONG,2026-08-25T18:50:00.000Z,-86,105398,2026-08-25T18:48:00.000Z
105903,2026-08-25,FAILED_SWEEP_REVERSAL_LONG,2026-08-25T20:10:00.000Z,-8,105900,2026-08-25T20:09:00.000Z
105904,2026-08-25,FAILED_AUCTION_LONG,2026-08-25T20:10:00.000Z,-8,105901,2026-08-25T20:09:00.000Z
105999,2026-08-25,FAILED_AUCTION_LONG,2026-08-25T20:34:00.000Z,-6,105993,2026-08-25T20:33:00.000Z
105998,2026-08-25,FAILED_SWEEP_REVERSAL_LONG,2026-08-25T20:34:00.000Z,-6,105992,2026-08-25T20:33:00.000Z
106043,2026-08-25,FAILED_SWEEP_REVERSAL_LONG,2026-08-25T20:46:00.000Z,-10,106040,2026-08-25T20:45:00.000Z
106044,2026-08-25,FAILED_AUCTION_LONG,2026-08-25T20:46:00.000Z,-11,106041,2026-08-25T20:45:00.000Z
106116,2026-08-26,PD_VAL_FADE_LONG,2026-08-26T00:02:23.935Z,-76,106113,2026-08-26T00:00:00.000Z
106127,2026-08-26,PD_VAL_FADE_LONG,2026-08-26T03:18:51.775Z,78,106123,2026-08-26T03:14:00.000Z
106129,2026-08-26,PD_POC_FADE_SHORT,2026-08-26T04:46:58.102Z,58,106126,2026-08-26T03:51:00.000Z
106132,2026-08-26,PD_POC_FADE_LONG,2026-08-26T06:05:20.422Z,74,106131,2026-08-26T05:32:00.000Z
106135,2026-08-26,PD_POC_FADE_SHORT,2026-08-26T06:35:53.589Z,-86,106129,2026-08-26T06:16:00.000Z
106137,2026-08-26,PD_POC_FADE_SHORT,2026-08-26T06:54:24.543Z,58,106135,2026-08-26T06:48:00.000Z
106142,2026-08-26,PD_POC_FADE_SHORT,2026-08-26T07:14:51.548Z,58,106137,2026-08-26T07:11:00.000Z
106151,2026-08-26,PD_POC_FADE_SHORT,2026-08-26T10:35:23.899Z,-86,106149,2026-08-26T10:14:00.000Z
106153,2026-08-26,PD_POC_FADE_SHORT,2026-08-26T11:37:21.749Z,58,106151,2026-08-26T11:18:00.000Z
106568,2026-08-26,PW_VAL_FADE_SHORT,2026-08-26T17:48:31.247Z,-76,106522,2026-08-26T17:38:00.000Z
106611,2026-08-26,PW_VAL_FADE_LONG,2026-08-26T18:13:23.202Z,74,106529,2026-08-26T18:09:00.000Z
106691,2026-08-26,IB_HIGH_FADE_SHORT,2026-08-26T19:01:52.735Z,-46,106671,2026-08-26T19:00:00.000Z
106747,2026-08-26,IB_HIGH_FADE_LONG,2026-08-26T19:42:38.373Z,-66,106702,2026-08-26T19:41:00.000Z
106773,2026-08-26,PD_VAH_FADE_LONG,2026-08-26T20:00:21.211Z,34,106766,2026-08-26T19:58:00.000Z
106781,2026-08-26,IB_HIGH_FADE_SHORT,2026-08-26T20:04:53.005Z,-46,106778,2026-08-26T20:03:00.000Z
106787,2026-08-26,CAM_R3_FADE_SHORT,2026-08-26T20:11:57.950Z,-11.5,106784,2026-08-26T20:10:00.000Z
106790,2026-08-26,CAM_R3_FADE_SHORT,2026-08-26T20:14:10.962Z,-4.5,106787,2026-08-26T20:12:00.000Z
106792,2026-08-26,CAM_R3_FADE_SHORT,2026-08-26T20:18:35.722Z,-50,106790,2026-08-26T20:15:00.000Z
106805,2026-08-26,IB_HIGH_FADE_SHORT,2026-08-26T20:27:33.060Z,-15,106801,2026-08-26T20:25:00.000Z
106809,2026-08-26,IB_HIGH_FADE_SHORT,2026-08-26T20:30:25.332Z,48.5,106805,2026-08-26T20:28:00.000Z
106812,2026-08-26,IB_HIGH_FADE_SHORT,2026-08-26T20:32:39.206Z,-10,106809,2026-08-26T20:31:00.000Z
106815,2026-08-26,IB_HIGH_FADE_SHORT,2026-08-26T20:34:31.037Z,-16.5,106812,2026-08-26T20:33:00.000Z
106819,2026-08-26,IB_HIGH_FADE_SHORT,2026-08-26T20:37:10.257Z,-31,106815,2026-08-26T20:35:00.000Z
106823,2026-08-26,IB_HIGH_FADE_SHORT,2026-08-26T20:39:59.697Z,-11.5,106819,2026-08-26T20:38:00.000Z
106831,2026-08-26,IB_HIGH_FADE_SHORT,2026-08-26T20:46:01.848Z,-26,106828,2026-08-26T20:44:00.000Z
106842,2026-08-26,WEEKLY_OPEN_FADE_SHORT,2026-08-26T20:54:48.779Z,-12,106837,2026-08-26T20:52:00.000Z
106845,2026-08-26,WEEKLY_OPEN_FADE_SHORT,2026-08-26T20:56:48.887Z,-27,106842,2026-08-26T20:55:00.000Z
106848,2026-08-26,WEEKLY_OPEN_FADE_SHORT,2026-08-26T20:59:08.676Z,-80,106845,2026-08-26T20:57:00.000Z
106854,2026-08-27,MONTHLY_VWAP_FADE_SHORT_OVERNIGHT,2026-08-27T00:09:59.124Z,178,106851,2026-08-26T23:56:00.000Z
106858,2026-08-27,GLOBEX_VWAP_FADE_LONG,2026-08-27T01:39:27.717Z,48,106857,2026-08-27T00:32:00.000Z
106860,2026-08-27,GLOBEX_VWAP_FADE_LONG,2026-08-27T03:08:00.347Z,48,106858,2026-08-27T02:52:00.000Z
106861,2026-08-27,GLOBEX_VWAP_FADE_LONG,2026-08-27T03:41:35.338Z,-92,106860,2026-08-27T03:24:00.000Z
106866,2026-08-27,GLOBEX_VWAP_FADE_LONG,2026-08-27T07:39:02.995Z,48,106864,2026-08-27T07:29:00.000Z
106870,2026-08-27,3M_POC_FADE_SHORT_OVERNIGHT,2026-08-27T09:04:01.043Z,144.5,106867,2026-08-27T08:25:00.000Z
106872,2026-08-27,PW_VAH_FADE_LONG_OVERNIGHT,2026-08-27T09:35:02.946Z,-92,106869,2026-08-27T09:15:00.000Z
106873,2026-08-27,PW_VAH_FADE_LONG_OVERNIGHT,2026-08-27T11:13:24.420Z,-92,106872,2026-08-27T10:35:00.000Z
107006,2026-08-27,FAILED_SWEEP_REVERSAL_LONG,2026-08-27T14:49:00.000Z,-137.5,106940,2026-08-27T14:47:00.000Z
108341,2026-08-27,C_PAIRED_LONG,2026-08-27T20:04:00.000Z,2,108338,2026-08-27T20:03:00.000Z
108387,2026-08-27,C_PAIRED_LONG,2026-08-27T20:20:00.000Z,8,108385,2026-08-27T20:19:00.000Z
108454,2026-08-27,C_PAIRED_LONG,2026-08-27T20:44:00.000Z,-6,108452,2026-08-27T20:43:00.000Z
108487,2026-08-27,C_PAIRED_LONG,2026-08-27T20:55:00.000Z,-1,108483,2026-08-27T20:54:00.000Z
108494,2026-08-27,IB_HIGH_FADE_LONG,2026-08-27T20:59:43.321Z,-15.5,108488,2026-08-27T20:58:00.000Z
108505,2026-08-28,PD_VAH_FADE_SHORT,2026-08-28T00:16:30.378Z,-48,108504,2026-08-28T00:13:00.000Z
108506,2026-08-28,PD_VAH_FADE_SHORT,2026-08-28T00:59:04.386Z,-48,108505,2026-08-28T00:50:00.000Z
108507,2026-08-28,PD_VAH_FADE_SHORT,2026-08-28T01:26:33.636Z,-48,108506,2026-08-28T01:10:00.000Z
108509,2026-08-28,PD_VAH_FADE_SHORT,2026-08-28T01:42:27.581Z,-48,108507,2026-08-28T01:35:00.000Z
108510,2026-08-28,GLOBEX_VWAP_FADE_SHORT,2026-08-28T02:43:30.339Z,-76,108508,2026-08-28T02:00:00.000Z
108513,2026-08-28,GLOBEX_VWAP_FADE_SHORT,2026-08-28T03:44:32.171Z,90,108510,2026-08-28T03:11:00.000Z
108516,2026-08-28,PD_VAH_FADE_SHORT,2026-08-28T04:07:54.720Z,-48,108514,2026-08-28T03:50:00.000Z
108518,2026-08-28,GLOBEX_VWAP_FADE_LONG,2026-08-28T04:34:37.044Z,-92,108517,2026-08-28T04:16:00.000Z
108525,2026-08-28,PD_VAH_FADE_SHORT,2026-08-28T06:58:26.907Z,78,108523,2026-08-28T06:57:00.000Z
108531,2026-08-28,PD_VAH_FADE_SHORT,2026-08-28T08:33:00.758Z,-48,108528,2026-08-28T08:05:00.000Z
108535,2026-08-28,PD_VAH_FADE_SHORT,2026-08-28T11:32:30.694Z,-48,108531,2026-08-28T11:31:00.000Z
108945,2026-08-28,IB_LOW_FADE_SHORT,2026-08-28T19:11:29.363Z,-19.5,108864,2026-08-28T18:50:00.000Z
109002,2026-08-28,IB_LOW_FADE_SHORT,2026-08-28T20:00:45.529Z,15,108945,2026-08-28T19:58:00.000Z
109014,2026-08-28,PD_VAL_FADE_LONG,2026-08-28T20:21:00.447Z,-1.5,109012,2026-08-28T20:16:00.000Z
109018,2026-08-28,PD_VAL_FADE_LONG,2026-08-28T20:24:01.699Z,3.5,109014,2026-08-28T20:22:00.000Z
109039,2026-08-28,IB_LOW_FADE_SHORT,2026-08-28T20:40:58.932Z,-5.5,109035,2026-08-28T20:39:00.000Z
109042,2026-08-28,IB_LOW_FADE_SHORT,2026-08-28T20:43:10.984Z,-30,109039,2026-08-28T20:41:00.000Z
109051,2026-08-28,PD_IB_MID_FADE_SHORT,2026-08-28T20:50:14.719Z,11,109047,2026-08-28T20:48:00.000Z
109056,2026-08-28,PD_IB_MID_FADE_SHORT,2026-08-28T20:53:44.527Z,-18.5,109051,2026-08-28T20:51:00.000Z
109059,2026-08-28,PD_IB_MID_FADE_SHORT,2026-08-28T20:55:37.338Z,6.5,109056,2026-08-28T20:54:00.000Z
109063,2026-08-28,PD_IB_MID_FADE_SHORT,2026-08-28T20:58:13.360Z,2.5,109059,2026-08-28T20:56:00.000Z
109439,2026-08-31,GLOBEX_VWAP_FADE_LONG,2026-08-31T03:03:50.406Z,48,109438,2026-08-31T02:25:00.000Z
109444,2026-08-31,PD_POC_FADE_LONG,2026-08-31T08:05:40.384Z,74,109442,2026-08-31T06:22:00.000Z
109847,2026-08-31,GLOBEX_VWAP_FADE_LONG,2026-08-31T15:55:00.000Z,48,109734,2026-08-31T15:51:00.000Z
110424,2026-08-31,GLOBEX_VWAP_FADE_SHORT,2026-08-31T18:34:00.000Z,-76,110368,2026-08-31T18:20:00.000Z
110737,2026-08-31,PD_POC_FADE_LONG_TRAIL,2026-08-31T20:00:51.432Z,80,110732,2026-08-31T20:00:08.219Z
110824,2026-09-01,GLOBEX_VWAP_FADE_LONG,2026-09-01T00:13:24.875Z,-102,110822,2026-09-01T00:09:00.000Z
110828,2026-09-01,PD_VAH_FADE_SHORT,2026-09-01T03:27:38.077Z,-48,110825,2026-09-01T02:59:00.000Z
110831,2026-09-01,GLOBEX_VWAP_FADE_SHORT,2026-09-01T05:31:58.449Z,-76,110829,2026-09-01T05:21:00.000Z
110843,2026-09-01,GLOBEX_VWAP_MAGNET_LONG,2026-09-01T08:39:33.260Z,-62,110842,2026-09-01T08:37:00.000Z
110845,2026-09-01,GLOBEX_VWAP_MAGNET_LONG,2026-09-01T09:00:44.993Z,-62,110843,2026-09-01T08:59:00.000Z
110846,2026-09-01,GLOBEX_VWAP_MAGNET_LONG,2026-09-01T09:07:45.012Z,38,110845,2026-09-01T09:06:00.000Z
110847,2026-09-01,GLOBEX_VWAP_MAGNET_LONG,2026-09-01T10:22:48.935Z,-62,110846,2026-09-01T10:21:00.000Z
110848,2026-09-01,GLOBEX_VWAP_MAGNET_LONG,2026-09-01T10:52:22.710Z,-62,110847,2026-09-01T10:50:00.000Z
110849,2026-09-01,GLOBEX_VWAP_MAGNET_LONG,2026-09-01T11:06:41.651Z,38,110848,2026-09-01T11:05:00.000Z
110850,2026-09-01,GLOBEX_VWAP_MAGNET_LONG,2026-09-01T11:17:57.696Z,38,110849,2026-09-01T11:16:00.000Z
110851,2026-09-01,GLOBEX_VWAP_MAGNET_LONG,2026-09-01T11:47:19.590Z,-62,110850,2026-09-01T11:36:00.000Z
110852,2026-09-01,GLOBEX_VWAP_MAGNET_LONG,2026-09-01T11:57:08.056Z,-62,110851,2026-09-01T11:55:00.000Z
110869,2026-09-01,OR5_MID_FADE_SHORT,2026-09-01T13:44:58.549Z,-76,110855,2026-09-01T13:41:00.000Z
110875,2026-09-01,OR5_HIGH_FADE_SHORT,2026-09-01T13:49:12.417Z,-52,110858,2026-09-01T13:47:00.000Z
111138,2026-09-01,ONL_FADE_LONG,2026-09-01T17:00:00.000Z,-76,111101,2026-09-01T16:58:00.000Z
111312,2026-09-01,OR5_LOW_FADE_SHORT,2026-09-01T18:57:13.748Z,-44,111310,2026-09-01T18:57:00.000Z
111317,2026-09-01,OR5_LOW_FADE_SHORT,2026-09-01T18:59:51.295Z,-44,111312,2026-09-01T18:58:00.000Z
111417,2026-09-01,OR5_HIGH_FADE_SHORT,2026-09-01T20:01:06.858Z,-52,111369,2026-09-01T19:58:00.000Z
111508,2026-09-02,GLOBEX_VWAP_FADE_LONG,2026-09-02T00:05:28.657Z,48,111507,2026-09-01T23:45:00.000Z
111530,2026-09-02,PD_POC_FADE_LONG,2026-09-02T05:45:28.230Z,-50,111528,2026-09-02T05:36:00.000Z
111545,2026-09-02,WS1_FADE_SHORT_OVERNIGHT,2026-09-02T11:15:26.589Z,-92,111542,2026-09-02T09:36:00.000Z
112058,2026-09-02,PD_SESSION_MID_FADE_LONG,2026-09-02T18:25:14.424Z,33,112003,2026-09-02T18:18:00.000Z
112209,2026-09-02,IB_HIGH_FADE_SHORT,2026-09-02T20:00:09.312Z,-60,112176,2026-09-02T20:00:00.101Z
112226,2026-09-02,IB_HIGH_FADE_SHORT,2026-09-02T20:12:40.370Z,98,112209,2026-09-02T20:07:00.000Z
112312,2026-09-03,PD_POC_FADE_SHORT,2026-09-03T01:26:15.299Z,-96,112307,2026-09-03T01:19:00.000Z
112325,2026-09-03,PM_VAL_FADE_SHORT_OVERNIGHT,2026-09-03T04:38:11.310Z,178,112302,2026-09-03T03:56:00.000Z
112349,2026-09-03,PW_POC_FADE_SHORT_OVERNIGHT,2026-09-03T08:10:36.194Z,178,112346,2026-09-03T08:05:00.000Z
112362,2026-09-03,GLOBEX_VWAP_FADE_LONG,2026-09-03T11:34:25.556Z,-86,112360,2026-09-03T11:31:00.000Z