id,trade_date,setup_type,bet_class,is_long,res_time,base_distance,pressure,bucket_a,bucket_b,f5,f5_norm,f10,f10_norm,f20,f20_norm,f30,f30_norm
106256,2026-08-26,PW_LOW_FADE_LONG,VALUE_FADE,true,2026-08-26T14:50:00.000Z,38.00,0.315197,PASS,TOP_TERCILE,14.00,0.368,14.00,0.368,29.00,0.763,29.00,0.763
106398,2026-08-26,IB_MID_SCALP_FADE_SHORT,VALUE_FADE,false,2026-08-26T16:39:00.000Z,38.00,0.253945,PASS,TOP_TERCILE,12.75,0.336,12.75,0.336,12.75,0.336,12.75,0.336
104045,2026-08-25,STOP_SWEEP_LONG,VALUE_FADE,true,2026-08-25T14:38:00.000Z,30.00,0.234760,PASS,TOP_TERCILE,15.00,0.500,15.00,0.500,15.00,0.500,15.00,0.500
101287,2026-08-20,ONL_FADE_SHORT,VALUE_FADE,false,2026-08-20T15:38:00.000Z,43.00,0.232685,PASS,TOP_TERCILE,6.75,0.157,14.00,0.326,14.00,0.326,14.00,0.326
99883,2026-08-19,OR30_LOW_FADE_LONG,VALUE_FADE,true,2026-08-19T14:29:00.000Z,40.00,0.229529,PASS,TOP_TERCILE,34.50,0.863,84.50,2.112,92.50,2.313,142.00,3.550
112445,2026-09-03,MPP_FADE_SHORT,VALUE_FADE,false,2026-09-03T14:34:00.000Z,37.00,0.228954,PASS,TOP_TERCILE,8.00,0.216,14.75,0.399,14.75,0.399,41.50,1.122
106601,2026-08-26,C_PAIRED_LONG,CONTINUATION_LEGACY,true,2026-08-26T18:09:00.000Z,8.00,0.210054,PASS,TOP_TERCILE,1.25,0.156,1.25,0.156,1.50,0.188,12.75,1.594
112451,2026-09-03,IB_LOW_FADE_LONG,VALUE_FADE,true,2026-09-03T13:39:00.000Z,50.00,0.207203,PASS,TOP_TERCILE,30.00,0.600,39.00,0.780,46.00,0.920,46.00,0.920
112367,2026-09-03,PM_VAL_FADE_LONG,VALUE_FADE,true,2026-09-03T13:39:00.000Z,38.00,0.207203,PASS,TOP_TERCILE,30.00,0.789,39.00,1.026,46.00,1.211,46.00,1.211
110910,2026-09-01,OR5_HIGH_FADE_LONG,VALUE_FADE,true,2026-09-01T14:30:00.000Z,38.00,0.204288,PASS,TOP_TERCILE,28.75,0.757,33.25,0.875,81.75,2.151,81.75,2.151
106622,2026-08-26,C_PAIRED_LONG,CONTINUATION_LEGACY,true,2026-08-26T18:33:00.000Z,14.00,0.197531,PASS,TOP_TERCILE,1.75,0.125,1.75,0.125,28.50,2.036,56.75,4.054
108887,2026-08-28,TRT_SHORT,VALUE_FADE,false,2026-08-28T17:56:00.000Z,14.00,0.190594,PASS,TOP_TERCILE,4.50,0.321,5.50,0.393,12.75,0.911,29.25,2.089
100342,2026-08-19,IB_MID_SCALP_FADE_SHORT,VALUE_FADE,false,2026-08-19T18:17:00.000Z,43.00,0.182654,PASS,TOP_TERCILE,0.75,0.017,0.75,0.017,0.75,0.017,0.75,0.017
108541,2026-08-28,3M_POC_FADE_LONG,VALUE_FADE,true,2026-08-28T13:40:00.000Z,41.00,0.176221,PASS,TOP_TERCILE,9.25,0.226,10.75,0.262,13.50,0.329,13.50,0.329
111641,2026-09-02,PD_IB_MID_FADE_LONG,VALUE_FADE,true,2026-09-02T14:18:00.000Z,38.00,0.168380,PASS,TOP_TERCILE,37.50,0.987,38.00,1.000,62.00,1.632,62.00,1.632
104317,2026-08-25,FLOOR_R1_FADE_LONG,VALUE_FADE,true,2026-08-25T15:33:00.000Z,35.00,0.161036,PASS,TOP_TERCILE,10.75,0.307,10.75,0.307,10.75,0.307,10.75,0.307
102429,2026-08-21,CAM_S3_FADE_LONG,VALUE_FADE,true,2026-08-21T14:26:00.000Z,43.00,0.160570,PASS,TOP_TERCILE,18.25,0.424,18.25,0.424,27.25,0.634,37.00,0.860
108610,2026-08-28,PD_SESSION_MID_FADE_LONG,VALUE_FADE,true,2026-08-28T14:19:00.000Z,41.00,0.159059,PASS,TOP_TERCILE,70.75,1.726,70.75,1.726,108.00,2.634,150.00,3.659
99272,2026-08-18,FLOOR_S2_FADE_LONG,VALUE_FADE,true,2026-08-18T13:40:00.000Z,43.00,0.148083,PASS,TOP_TERCILE,5.00,0.116,5.00,0.116,5.00,0.116,5.00,0.116
106228,2026-08-26,PW_VAL_FADE_SHORT,VALUE_FADE,false,2026-08-26T14:25:00.000Z,38.00,0.147410,PASS,TOP_TERCILE,35.50,0.934,35.50,0.934,35.50,0.934,35.50,0.934
99331,2026-08-18,OR30_LOW_FADE_LONG,VALUE_FADE,true,2026-08-18T14:24:00.000Z,40.00,0.142069,PASS,TOP_TERCILE,43.25,1.081,49.75,1.244,49.75,1.244,49.75,1.244
107024,2026-08-27,OR5_HIGH_FADE_LONG,VALUE_FADE,true,2026-08-27T15:15:00.000Z,37.00,0.135294,PASS,TOP_TERCILE,4.00,0.108,4.00,0.108,4.00,0.108,4.00,0.108
111589,2026-09-02,PD_IB_MID_FADE_SHORT,VALUE_FADE,false,2026-09-02T13:49:00.000Z,38.00,0.134561,PASS,TOP_TERCILE,22.25,0.586,30.25,0.796,30.25,0.796,30.25,0.796
99278,2026-08-18,OR5_HIGH_FADE_SHORT,VALUE_FADE,false,2026-08-18T13:44:00.000Z,57.00,0.130732,PASS,TOP_TERCILE,42.50,0.746,54.50,0.956,82.75,1.452,119.00,2.088
110717,2026-08-31,PD_VAL_FADE_LONG,VALUE_FADE,true,2026-08-31T19:51:00.000Z,30.00,0.121639,PASS,TOP_TERCILE,8.50,0.283,12.25,0.408,12.25,0.408,12.25,0.408
99862,2026-08-19,OR5_HIGH_FADE_SHORT,VALUE_FADE,false,2026-08-19T13:36:00.000Z,57.00,0.120185,PASS,TOP_TERCILE,60.25,1.057,66.00,1.158,220.00,3.860,220.00,3.860
99860,2026-08-19,PD_OR_MID_FADE_SHORT,VALUE_FADE,false,2026-08-19T13:36:00.000Z,43.00,0.120185,PASS,TOP_TERCILE,60.25,1.401,66.00,1.535,220.00,5.116,220.00,5.116
109451,2026-08-31,IB_HIGH_FADE_SHORT,VALUE_FADE,false,2026-08-31T13:35:00.000Z,50.00,0.115156,PASS,TOP_TERCILE,19.00,0.380,19.00,0.380,21.50,0.430,21.50,0.430
106908,2026-08-27,OR10_MID_FADE_LONG,VALUE_FADE,true,2026-08-27T14:10:00.000Z,38.00,0.112867,PASS,TOP_TERCILE,25.25,0.664,30.00,0.789,60.25,1.586,60.25,1.586
99310,2026-08-18,WS1_FADE_SHORT,VALUE_FADE,false,2026-08-18T14:05:00.000Z,37.00,0.112224,PASS,TOP_TERCILE,54.75,1.480,72.75,1.966,72.75,1.966,72.75,1.966
106893,2026-08-27,OR5_HIGH_FADE_SHORT,VALUE_FADE,false,2026-08-27T13:49:00.000Z,76.00,0.108722,PASS,TOP_TERCILE,-0.50,-0.007,52.75,0.694,52.75,0.694,52.75,0.694
103969,2026-08-25,OR5_MID_FADE_LONG,VALUE_FADE,true,2026-08-25T13:48:00.000Z,42.00,0.104303,PASS,TOP_TERCILE,10.00,0.238,10.00,0.238,10.00,0.238,10.00,0.238
99345,2026-08-18,IB_HIGH_FADE_SHORT,VALUE_FADE,false,2026-08-18T13:33:00.000Z,30.00,0.102904,PASS,TOP_TERCILE,16.75,0.558,16.75,0.558,16.75,0.558,43.25,1.442
111086,2026-09-01,PM_VAL_FADE_SHORT,VALUE_FADE,false,2026-09-01T16:34:00.000Z,44.00,0.098734,FAIL,TOP_TERCILE,1.00,0.023,1.00,0.023,1.75,0.040,1.75,0.040
110855,2026-09-01,OR5_MID_FADE_SHORT,VALUE_FADE,false,2026-09-01T13:41:00.000Z,38.00,0.094391,FAIL,TOP_TERCILE,7.25,0.191,7.25,0.191,7.25,0.191,7.25,0.191
101179,2026-08-20,OR5_HIGH_FADE_SHORT,VALUE_FADE,false,2026-08-20T15:08:00.000Z,57.00,0.093488,FAIL,TOP_TERCILE,33.00,0.579,33.00,0.579,56.50,0.991,77.75,1.364
100339,2026-08-19,OR10_LOW_FADE_SHORT,VALUE_FADE,false,2026-08-19T18:07:00.000Z,38.00,0.091615,FAIL,TOP_TERCILE,20.00,0.526,26.50,0.697,26.50,0.697,26.50,0.697
100340,2026-08-19,PD_VAL_FADE_SHORT,VALUE_FADE,false,2026-08-19T18:07:00.000Z,43.00,0.091615,FAIL,TOP_TERCILE,20.00,0.465,26.50,0.616,26.50,0.616,26.50,0.616
106176,2026-08-26,PW_VAL_FADE_LONG,VALUE_FADE,true,2026-08-26T13:45:00.000Z,38.00,0.091155,FAIL,TOP_TERCILE,2.00,0.053,10.25,0.270,21.75,0.572,21.75,0.572
106171,2026-08-26,CAM_S1_FADE_LONG,VALUE_FADE,true,2026-08-26T13:45:00.000Z,46.00,0.091155,FAIL,TOP_TERCILE,2.00,0.043,10.25,0.223,21.75,0.473,21.75,0.473
110890,2026-09-01,OR5_MID_FADE_LONG,VALUE_FADE,true,2026-09-01T14:09:00.000Z,40.00,0.090654,FAIL,TOP_TERCILE,6.00,0.150,20.25,0.506,25.50,0.637,61.00,1.525
110888,2026-09-01,OR5_MID_FADE_LONG,VALUE_FADE,true,2026-09-01T14:09:00.000Z,40.00,0.090654,FAIL,MID_TERCILE,6.00,0.150,20.25,0.506,25.50,0.637,61.00,1.525
99872,2026-08-19,PD_VAL_FADE_LONG,VALUE_FADE,true,2026-08-19T13:44:00.000Z,37.00,0.087642,FAIL,MID_TERCILE,25.75,0.696,25.75,0.696,25.75,0.696,25.75,0.696
112488,2026-09-03,IB_MID_SCALP_FADE_LONG,VALUE_FADE,true,2026-09-03T15:00:00.000Z,38.00,0.086957,FAIL,MID_TERCILE,62.25,1.638,65.25,1.717,98.75,2.599,158.25,4.164
99876,2026-08-19,PD_POC_FADE_SHORT,VALUE_FADE,false,2026-08-19T13:49:00.000Z,47.00,0.084693,FAIL,MID_TERCILE,64.00,1.362,64.00,1.362,64.00,1.362,94.75,2.016
108640,2026-08-28,IB_LOW_FADE_LONG,VALUE_FADE,true,2026-08-28T14:17:00.000Z,38.00,0.079502,FAIL,MID_TERCILE,82.50,2.171,82.50,2.171,105.50,2.776,161.75,4.257
108607,2026-08-28,PD_VAL_FADE_LONG,VALUE_FADE,true,2026-08-28T14:17:00.000Z,40.00,0.079502,FAIL,MID_TERCILE,82.50,2.063,82.50,2.063,105.50,2.638,161.75,4.044
108606,2026-08-28,PD_IB_MID_FADE_LONG,VALUE_FADE,true,2026-08-28T14:17:00.000Z,38.00,0.079502,FAIL,MID_TERCILE,82.50,2.171,82.50,2.171,105.50,2.776,161.75,4.257
99271,2026-08-18,WS1_FADE_LONG,VALUE_FADE,true,2026-08-18T13:38:00.000Z,37.00,0.072407,FAIL,MID_TERCILE,39.50,1.068,39.50,1.068,39.50,1.068,39.50,1.068
110938,2026-09-01,IB_LOW_FADE_LONG,VALUE_FADE,true,2026-09-01T13:45:00.000Z,38.00,0.071119,FAIL,MID_TERCILE,44.00,1.158,44.00,1.158,44.00,1.158,57.75,1.520
108626,2026-08-28,CAM_S1_FADE_SHORT,VALUE_FADE,false,2026-08-28T14:27:00.000Z,43.00,0.069098,FAIL,MID_TERCILE,3.00,0.070,3.00,0.070,3.00,0.070,3.00,0.070
99861,2026-08-19,PD_IB_MID_FADE_SHORT,VALUE_FADE,false,2026-08-19T13:38:00.000Z,41.00,0.067609,FAIL,MID_TERCILE,50.75,1.238,96.25,2.348,204.75,4.994,204.75,4.994
108632,2026-08-28,OR5_MID_FADE_LONG,VALUE_FADE,true,2026-08-28T14:34:00.000Z,40.00,0.063470,FAIL,MID_TERCILE,29.75,0.744,60.75,1.519,95.25,2.381,128.25,3.206
101074,2026-08-20,CAM_S3_FADE_SHORT,VALUE_FADE,false,2026-08-20T14:27:00.000Z,41.00,0.063074,FAIL,MID_TERCILE,17.00,0.415,22.25,0.543,22.25,0.543,22.25,0.543
109586,2026-08-31,GLOBEX_VWAP_FADE_LONG,GLOBEX_LEVEL,true,2026-08-31T15:22:00.000Z,25.00,0.060802,FAIL,MID_TERCILE,12.75,0.510,12.75,0.510,12.75,0.510,12.75,0.510
101046,2026-08-20,ONL_FADE_LONG,VALUE_FADE,true,2026-08-20T14:10:00.000Z,43.00,0.060618,FAIL,MID_TERCILE,8.75,0.203,8.75,0.203,18.25,0.424,22.75,0.529
101045,2026-08-20,OR5_LOW_FADE_LONG_GAP_DOWN,VALUE_FADE,true,2026-08-20T14:10:00.000Z,42.00,0.060618,FAIL,MID_TERCILE,8.75,0.208,8.75,0.208,18.25,0.435,22.75,0.542
103963,2026-08-25,PM_POC_FADE_LONG,VALUE_FADE,true,2026-08-25T13:46:00.000Z,41.00,0.059541,FAIL,MID_TERCILE,31.00,0.756,31.00,0.756,31.00,0.756,31.00,0.756
106913,2026-08-27,OR5_MID_FADE_LONG,VALUE_FADE,true,2026-08-27T14:12:00.000Z,40.00,0.058065,FAIL,MID_TERCILE,13.50,0.338,20.00,0.500,48.50,1.212,48.50,1.212
111581,2026-09-02,CAM_S3_FADE_LONG,VALUE_FADE,true,2026-09-02T13:41:00.000Z,38.00,0.054134,FAIL,MID_TERCILE,12.25,0.322,12.25,0.322,12.25,0.322,18.25,0.480
110835,2026-09-01,GLOBEX_VWAP_FADE_SHORT,GLOBEX_LEVEL,false,2026-09-01T07:46:00.000Z,46.00,0.052960,FAIL,MID_TERCILE,2.25,0.049,8.50,0.185,98.00,2.130,126.50,2.750
108622,2026-08-28,GLOBEX_VWAP_FADE_LONG,GLOBEX_LEVEL,true,2026-08-28T14:22:00.000Z,25.00,0.052542,FAIL,MID_TERCILE,2.25,0.090,2.25,0.090,45.50,1.820,100.00,4.000
112393,2026-09-03,5D_OR_MID_FADE_SHORT,VALUE_FADE,false,2026-09-03T14:01:00.000Z,43.00,0.051554,FAIL,MID_TERCILE,15.00,0.349,23.50,0.547,23.50,0.547,23.50,0.547
108546,2026-08-28,GLOBEX_VWAP_FADE_LONG,GLOBEX_LEVEL,true,2026-08-28T13:39:00.000Z,25.00,0.047619,FAIL,MID_TERCILE,50.50,2.020,52.00,2.080,52.00,2.080,54.75,2.190
102452,2026-08-21,IB_HIGH_FADE_SHORT,VALUE_FADE,false,2026-08-21T13:35:00.000Z,50.00,0.045956,FAIL,MID_TERCILE,48.25,0.965,59.50,1.190,111.50,2.230,111.50,2.230
99955,2026-08-19,RTH_VWAP_FADE_LONG,VALUE_FADE,true,2026-08-19T14:54:00.000Z,40.00,0.045131,FAIL,MID_TERCILE,28.75,0.719,34.00,0.850,34.00,0.850,35.50,0.887
106187,2026-08-26,PW_VAL_FADE_LONG,VALUE_FADE,true,2026-08-26T13:56:00.000Z,38.00,0.044846,FAIL,MID_TERCILE,10.00,0.263,10.00,0.263,10.00,0.263,10.00,0.263
101064,2026-08-20,ONL_FADE_LONG,VALUE_FADE,true,2026-08-20T14:23:00.000Z,43.00,0.044762,FAIL,MID_TERCILE,8.00,0.186,8.00,0.186,24.00,0.558,27.50,0.640
101070,2026-08-20,PM_POC_FADE_LONG,VALUE_FADE,true,2026-08-20T14:23:00.000Z,41.00,0.044762,FAIL,MID_TERCILE,8.00,0.195,8.00,0.195,24.00,0.585,27.50,0.671
106905,2026-08-27,OR5_LOW_FADE_LONG,VALUE_FADE,true,2026-08-27T14:01:00.000Z,38.00,0.043175,FAIL,MID_TERCILE,38.75,1.020,53.25,1.401,76.25,2.007,104.75,2.757
99274,2026-08-18,ONL_FADE_LONG,VALUE_FADE,true,2026-08-18T13:39:00.000Z,43.00,0.037500,FAIL,MID_TERCILE,35.50,0.826,35.50,0.826,35.50,0.826,35.50,0.826
104074,2026-08-25,PW_VAL_FADE_SHORT,VALUE_FADE,false,2026-08-25T14:43:00.000Z,37.00,0.034356,FAIL,MID_TERCILE,6.75,0.182,6.75,0.182,12.25,0.331,15.75,0.426
106896,2026-08-27,FLOOR_R2_FADE_LONG,VALUE_FADE,true,2026-08-27T13:51:00.000Z,38.00,0.034033,FAIL,MID_TERCILE,21.25,0.559,21.25,0.559,26.00,0.684,49.00,1.289
106948,2026-08-27,IB_LOW_FADE_LONG,VALUE_FADE,true,2026-08-27T14:00:00.000Z,38.00,0.033619,FAIL,MID_TERCILE,52.75,1.388,61.50,1.618,88.50,2.329,118.75,3.125
106903,2026-08-27,OR10_LOW_FADE_LONG,VALUE_FADE,true,2026-08-27T14:00:00.000Z,38.00,0.033619,FAIL,MID_TERCILE,52.75,1.388,61.50,1.618,88.50,2.329,118.75,3.125
111774,2026-09-02,STOP_SWEEP_SHORT,VALUE_FADE,false,2026-09-02T15:50:00.000Z,30.25,0.033084,FAIL,MID_TERCILE,3.25,0.107,3.25,0.107,3.25,0.107,3.25,0.107
112680,2026-09-03,PD_IB_HIGH_FADE_LONG,VALUE_FADE,true,2026-09-03T13:38:00.000Z,38.00,0.030795,FAIL,MID_TERCILE,77.00,2.026,77.00,2.026,93.00,2.447,93.00,2.447
112679,2026-09-03,PD_CLOSE_FADE_LONG,VALUE_FADE,true,2026-09-03T13:38:00.000Z,38.00,0.030795,FAIL,MID_TERCILE,77.00,2.026,77.00,2.026,93.00,2.447,93.00,2.447
112677,2026-09-03,OR30_LOW_FADE_LONG,VALUE_FADE,true,2026-09-03T13:38:00.000Z,38.00,0.030795,FAIL,MID_TERCILE,77.00,2.026,77.00,2.026,93.00,2.447,93.00,2.447
112675,2026-09-03,OR10_LOW_FADE_LONG,VALUE_FADE,true,2026-09-03T13:38:00.000Z,38.00,0.030795,FAIL,MID_TERCILE,77.00,2.026,77.00,2.026,93.00,2.447,93.00,2.447
112674,2026-09-03,PD_VAH_FADE_LONG,VALUE_FADE,true,2026-09-03T13:38:00.000Z,38.00,0.030795,FAIL,MID_TERCILE,77.00,2.026,77.00,2.026,93.00,2.447,93.00,2.447
112676,2026-09-03,OR15_LOW_FADE_LONG,VALUE_FADE,true,2026-09-03T13:38:00.000Z,38.00,0.030795,FAIL,MID_TERCILE,77.00,2.026,77.00,2.026,93.00,2.447,93.00,2.447
106907,2026-08-27,FLOOR_R2_FADE_LONG,VALUE_FADE,true,2026-08-27T14:03:00.000Z,38.00,0.029637,FAIL,BOT_TERCILE,9.75,0.257,38.75,1.020,53.75,1.414,75.75,1.993
108589,2026-08-28,CAM_S2_FADE_SHORT,VALUE_FADE,false,2026-08-28T14:06:00.000Z,38.00,0.028737,FAIL,BOT_TERCILE,45.50,1.197,83.25,2.191,83.25,2.191,83.25,2.191
108587,2026-08-28,GLOBEX_VWAP_FADE_SHORT,GLOBEX_LEVEL,false,2026-08-28T14:06:00.000Z,46.00,0.028737,FAIL,BOT_TERCILE,45.50,0.989,83.25,1.810,83.25,1.810,83.25,1.810
101161,2026-08-20,PD_LOW_FADE_LONG,VALUE_FADE,true,2026-08-20T15:02:00.000Z,37.00,0.028061,FAIL,BOT_TERCILE,13.00,0.351,13.00,0.351,13.00,0.351,13.00,0.351
110720,2026-08-31,OR5_MID_FADE_LONG,VALUE_FADE,true,2026-08-31T19:52:00.000Z,40.00,0.026045,FAIL,BOT_TERCILE,2.25,0.056,7.25,0.181,7.25,0.181,7.25,0.181
101017,2026-08-20,CAM_S3_FADE_SHORT,VALUE_FADE,false,2026-08-20T13:49:00.000Z,41.00,0.021214,FAIL,BOT_TERCILE,75.50,1.841,75.50,1.841,75.50,1.841,75.50,1.841
101003,2026-08-20,CAM_S2_FADE_SHORT,VALUE_FADE,false,2026-08-20T13:49:00.000Z,55.00,0.021214,FAIL,BOT_TERCILE,75.50,1.373,75.50,1.373,75.50,1.373,75.50,1.373
108654,2026-08-28,CAM_S1_FADE_LONG,VALUE_FADE,true,2026-08-28T14:47:00.000Z,46.00,0.019141,FAIL,BOT_TERCILE,31.75,0.690,60.00,1.304,73.50,1.598,73.50,1.598
99903,2026-08-19,IB_HIGH_FADE_SHORT,VALUE_FADE,false,2026-08-19T13:35:00.000Z,50.00,0.018922,FAIL,BOT_TERCILE,96.25,1.925,113.25,2.265,267.25,5.345,267.25,5.345
100659,2026-08-19,OR10_LOW_FADE_SHORT,VALUE_FADE,false,2026-08-19T19:45:00.000Z,38.00,0.018433,FAIL,BOT_TERCILE,35.00,0.921,35.00,0.921,35.00,0.921,35.00,0.921
101066,2026-08-20,OR5_LOW_FADE_LONG_GAP_DOWN,VALUE_FADE,true,2026-08-20T14:21:00.000Z,42.00,0.016827,FAIL,BOT_TERCILE,40.75,0.970,40.75,0.970,45.25,1.077,60.25,1.435
106877,2026-08-27,OR5_LOW_FADE_LONG,VALUE_FADE,true,2026-08-27T13:41:00.000Z,38.00,0.014974,FAIL,BOT_TERCILE,101.25,2.664,101.25,2.664,101.25,2.664,101.25,2.664
108583,2026-08-28,PD_CLOSE_FADE_SHORT,VALUE_FADE,false,2026-08-28T14:04:00.000Z,43.00,0.011519,FAIL,BOT_TERCILE,70.00,1.628,124.00,2.884,124.00,2.884,124.00,2.884
108585,2026-08-28,STOP_SWEEP_SHORT,VALUE_FADE,false,2026-08-28T14:04:00.000Z,29.75,0.011519,FAIL,BOT_TERCILE,70.00,2.353,124.00,4.168,124.00,4.168,124.00,4.168
108851,2026-08-28,TRT_SHORT,VALUE_FADE,false,2026-08-28T17:00:00.000Z,3.00,0.010883,FAIL,BOT_TERCILE,10.75,3.583,20.50,6.833,20.50,6.833,20.50,6.833
108845,2026-08-28,OR5_LOW_FADE_SHORT,VALUE_FADE,false,2026-08-28T17:00:00.000Z,40.00,0.010883,FAIL,BOT_TERCILE,10.75,0.269,20.50,0.512,20.50,0.512,20.50,0.512
108821,2026-08-28,PD_IB_MID_FADE_SHORT,VALUE_FADE,false,2026-08-28T17:00:00.000Z,38.00,0.010883,FAIL,BOT_TERCILE,10.75,0.283,20.50,0.539,20.50,0.539,20.50,0.539
99269,2026-08-18,3M_POC_FADE_LONG,VALUE_FADE,true,2026-08-18T13:36:00.000Z,41.00,0.001125,FAIL,BOT_TERCILE,93.75,2.287,93.75,2.287,93.75,2.287,93.75,2.287
108788,2026-08-28,3M_POC_FADE_SHORT,VALUE_FADE,false,2026-08-28T16:16:00.000Z,41.00,0.000758,FAIL,BOT_TERCILE,55.75,1.360,69.25,1.689,69.25,1.689,69.25,1.689
108992,2026-08-28,TRT_SHORT,VALUE_FADE,false,2026-08-28T19:58:00.000Z,7.00,-0.003870,FAIL,BOT_TERCILE,17.00,2.429,21.25,3.036,21.25,3.036,21.25,3.036
106173,2026-08-26,OR5_MID_FADE_LONG,VALUE_FADE,true,2026-08-26T13:44:00.000Z,42.00,-0.005402,FAIL,BOT_TERCILE,25.00,0.595,25.00,0.595,41.75,0.994,41.75,0.994
102667,2026-08-21,OR5_MID_FADE_LONG,VALUE_FADE,true,2026-08-21T15:53:00.000Z,35.00,-0.006723,FAIL,BOT_TERCILE,1.50,0.043,1.50,0.043,1.50,0.043,1.50,0.043
99313,2026-08-18,ONL_FADE_SHORT,VALUE_FADE,false,2026-08-18T14:06:00.000Z,43.00,-0.009657,FAIL,BOT_TERCILE,71.00,1.651,80.25,1.866,80.25,1.866,80.25,1.866
98264,2026-08-17,IB_HIGH_FADE_SHORT,VALUE_FADE,false,2026-08-17T13:33:00.000Z,30.00,-0.010221,FAIL,BOT_TERCILE,50.00,1.667,59.50,1.983,59.50,1.983,59.50,1.983
111170,2026-09-01,OR10_HIGH_FADE_SHORT,VALUE_FADE,false,2026-09-01T18:28:00.000Z,38.00,-0.010753,FAIL,BOT_TERCILE,12.00,0.316,29.00,0.763,87.25,2.296,87.25,2.296
108634,2026-08-28,GLOBEX_VWAP_FADE_LONG,GLOBEX_LEVEL,true,2026-08-28T14:30:00.000Z,25.00,-0.010919,FAIL,BOT_TERCILE,48.50,1.940,66.25,2.650,123.00,4.920,162.25,6.490
106894,2026-08-27,FLOOR_R3_FADE_SHORT,VALUE_FADE,false,2026-08-27T13:48:00.000Z,41.00,-0.022373,FAIL,BOT_TERCILE,46.75,1.140,74.75,1.823,74.75,1.823,74.75,1.823
101033,2026-08-20,OR5_MID_FADE_SHORT,VALUE_FADE,false,2026-08-20T14:03:00.000Z,49.00,-0.028733,FAIL,BOT_TERCILE,27.00,0.551,27.00,0.551,38.50,0.786,38.50,0.786
108536,2026-08-28,ONL_FADE_LONG,VALUE_FADE,true,2026-08-28T13:37:00.000Z,38.00,-0.035675,FAIL,BOT_TERCILE,78.75,2.072,80.50,2.118,82.00,2.158,84.75,2.230
102412,2026-08-21,PD_IB_LOW_FADE_SHORT,VALUE_FADE,false,2026-08-21T14:15:00.000Z,43.00,-0.038111,FAIL,BOT_TERCILE,48.50,1.128,50.50,1.174,50.50,1.174,50.50,1.174
101011,2026-08-20,OR10_MID_FADE_LONG,VALUE_FADE,true,2026-08-20T13:45:00.000Z,38.00,-0.038755,FAIL,BOT_TERCILE,4.25,0.112,4.25,0.112,4.25,0.112,4.25,0.112
109447,2026-08-31,GLOBEX_VWAP_FADE_LONG,GLOBEX_LEVEL,true,2026-08-31T12:36:00.000Z,25.00,-0.039474,FAIL,BOT_TERCILE,1.25,0.050,1.25,0.050,1.25,0.050,1.25,0.050
110723,2026-08-31,CAM_S1_FADE_LONG,VALUE_FADE,true,2026-08-31T19:53:00.000Z,38.00,-0.041925,FAIL,BOT_TERCILE,7.00,0.184,19.25,0.507,19.25,0.507,19.25,0.507
101178,2026-08-20,CAM_S3_FADE_SHORT,VALUE_FADE,false,2026-08-20T15:06:00.000Z,41.00,-0.045283,FAIL,BOT_TERCILE,44.00,1.073,44.00,1.073,67.50,1.646,80.75,1.970
99863,2026-08-19,OR5_MID_FADE_LONG,VALUE_FADE,true,2026-08-19T13:33:00.000Z,35.00,-0.051437,FAIL,BOT_TERCILE,5.50,0.157,5.50,0.157,5.50,0.157,5.50,0.157
101058,2026-08-20,PD_LOW_FADE_SHORT,VALUE_FADE,false,2026-08-20T14:20:00.000Z,43.00,-0.060569,FAIL,BOT_TERCILE,18.25,0.424,35.00,0.814,40.25,0.936,40.25,0.936
101029,2026-08-20,PM_POC_FADE_LONG,VALUE_FADE,true,2026-08-20T13:56:00.000Z,41.00,-0.070259,FAIL,BOT_TERCILE,55.75,1.360,55.75,1.360,69.75,1.701,74.75,1.823
101030,2026-08-20,OR5_LOW_FADE_LONG_GAP_DOWN,VALUE_FADE,true,2026-08-20T13:56:00.000Z,42.00,-0.070259,FAIL,BOT_TERCILE,55.75,1.327,55.75,1.327,69.75,1.661,74.75,1.780
100661,2026-08-19,PD_VAL_FADE_SHORT,VALUE_FADE,false,2026-08-19T19:46:00.000Z,43.00,-0.080483,FAIL,BOT_TERCILE,26.75,0.622,26.75,0.622,26.75,0.622,26.75,0.622
100354,2026-08-19,C_PAIRED_SHORT,CONTINUATION_LEGACY,false,2026-08-19T18:10:00.000Z,7.00,-0.088608,FAIL,BOT_TERCILE,1.50,0.214,13.25,1.893,13.25,1.893,13.25,1.893
101122,2026-08-20,STOP_SWEEP_LONG,VALUE_FADE,true,2026-08-20T14:43:00.000Z,30.25,-0.089059,FAIL,BOT_TERCILE,17.00,0.562,17.00,0.562,41.00,1.355,41.00,1.355
106180,2026-08-26,PD_IB_MID_FADE_SHORT,VALUE_FADE,false,2026-08-26T13:51:00.000Z,38.00,-0.091516,FAIL,BOT_TERCILE,1.50,0.039,1.50,0.039,16.75,0.441,66.75,1.757