entryTime,direction,entryPrice,stopPrice,stallMid,priorType,confluenceCount,atr,volTag,maxVolZ,fwd30,fwd60,fwd120,fwd240,mfe,mae
2025-09-01 19:40:00,LONG,23437.25,23423.31,23437.625,LOW,3,247.2,CLEAN,-0.45,3.75,20.75,30.5,-0.25,47.25,21.75
2025-09-01 20:10:00,LONG,23441,23431.31,23444.5,LOW,3,247.2,CLEAN,-0.61,17,41.75,-5.75,0.75,43.50,25.50
2025-09-01 23:55:00,LONG,23438.25,23429.06,23438.125,LOW,3,247.2,CLEAN,-0.71,11.75,-0.75,-25.25,-160,13.75,168.25
2025-09-02 00:15:00,LONG,23442.75,23428.96,23438.875,LOW,3,239.5,CLEAN,-0.78,-3.25,-29,-17,-127.75,9.25,175.00
2025-09-02 02:50:00,LONG,23437.75,23426.96,23437.375,LOW,3,239.5,CLEAN,-0.87,-59.25,-155.25,-122.25,-189.25,14.25,206.00
2025-09-09 19:20:00,SHORT,23882,23899.47,23886,HIGH,2,236.2,CLEAN,-0.26,-7,-13.75,-5.5,-32,8.00,35.75
2025-09-09 19:45:00,SHORT,23883.75,23893.72,23881.625,HIGH,1,236.2,CLEAN,-0.65,-10.5,-4,-15.5,-31,5.75,35.00
2025-09-09 20:05:00,SHORT,23888.25,23896.22,23885.375,HIGH,2,236.2,CLEAN,-0.56,-9,7.25,-11,-30.75,10.25,34.50
2025-09-09 21:00:00,SHORT,23881.5,23900.47,23887.125,HIGH,2,236.2,CLEAN,-0.59,-21.5,-21.25,-33.5,-36.75,3.50,43.50
2025-09-09 21:20:00,SHORT,23887.5,23892.72,23883,HIGH,1,236.2,CLEAN,-0.87,-12.75,-17.5,-26.5,-31.75,0.75,37.50
2025-09-10 00:00:00,SHORT,23920,23925.31,23916.75,HIGH,2,228.0,CLEAN,-0.87,1,1.75,3.25,-9.25,8.00,34.00
2025-09-10 01:10:00,SHORT,23917.75,23928.06,23917.75,HIGH,1,228.0,CLEAN,0.54,0.75,-8.5,-33.25,23.5,32.50,36.25
2025-09-10 01:55:00,SHORT,23919,23925.56,23917.25,HIGH,2,228.0,CLEAN,-0.95,-17.5,-25.25,-19,9.75,36.75,35.00
2025-09-10 05:20:00,SHORT,23888.25,23900.31,23889,HIGH,1,228.0,CLEAN,-0.72,-19.25,-28.25,-38.75,-117.75,2.50,156.00
2025-09-10 07:10:00,SHORT,23928,23934.06,23925.625,HIGH,1,228.0,CLEAN,-1.03,-26.25,-20.25,-70.5,-41,27.75,116.25
2025-09-10 07:55:00,SHORT,23948.25,23962.06,23951,HIGH,1,228.0,CLEAN,-0.38,9.25,-56.25,18,-1.5,48.00,96.00
2025-09-10 18:40:00,LONG,23886.75,23865.19,23878.25,LOW,2,228.0,CLEAN,-0.51,15.75,11.5,14.5,20.75,30.00,15.25
2025-09-17 06:55:00,LONG,24260.25,24248.42,24260.625,LOW,2,216.7,CLEAN,-0.90,7.5,2,24.5,-80.25,40.25,89.75
2025-09-17 08:00:00,LONG,24264,24247.67,24260.375,LOW,2,216.7,CLEAN,-1.07,12.75,20.75,-33.5,-102.25,36.50,102.25
2025-10-03 01:05:00,SHORT,25428.25,25432.33,25422.375,HIGH,1,203.8,CLEAN,-0.99,35.5,49.5,99.75,151.25,161.75,8.50
2025-10-07 00:50:00,SHORT,25428.75,25434.94,25423.5,HIGH,2,197.2,CLEAN,-0.98,-4.75,-36.25,-60,157.25,187.50,94.25
2025-10-24 02:00:00,SHORT,25602,25608.26,25589.5,HIGH,1,313.2,CLEAN,-0.95,-8,-27.75,-107,-150.75,14.25,186.25
2025-10-24 03:55:00,SHORT,25587.75,25616.26,25598.875,HIGH,1,313.2,CLEAN,-0.82,-31.25,-29.5,-157.75,-178.5,0.00,202.25
2025-11-06 03:10:00,LONG,25908.25,25890.54,25905,LOW,2,335.5,CLEAN,-0.80,90.75,115.75,144,-178.75,169.25,242.25
2025-11-12 01:35:00,SHORT,26029.25,26035.47,26024.5,HIGH,3,311.2,CLEAN,-0.78,-43.75,-45.25,-16.5,159.25,196.25,62.75
2025-11-18 00:30:00,LONG,24989.5,24977.67,24997.125,LOW,4,329.2,CLEAN,-0.52,-21.5,-83,-33,54,113.75,129.00
2025-11-27 07:40:00,LONG,25298.5,25284.97,25301,LOW,5,438.9,CLEAN,-0.20,-3.75,12.5,0.25,1.5,19.25,12.75
2025-11-27 08:00:00,LONG,25301,25285.22,25298.75,LOW,6,438.9,CLEAN,-0.15,7.5,-1.25,-5.5,-3.5,16.75,15.25
2025-11-27 08:20:00,LONG,25300,25281.47,25297.875,LOW,6,438.9,CLEAN,-0.19,8,2.25,6.25,-3.75,17.75,14.25
2025-12-01 04:55:00,LONG,25283.25,25264.84,25286.875,LOW,1,420.4,COILED,1.33,30.5,29.75,11.75,-17.25,50.25,72.50
2025-12-01 06:40:00,LONG,25282,25271.34,25293,LOW,2,420.4,CLEAN,0.43,-16.25,-45.5,-26.75,51.25,107.00,72.75
2025-12-01 07:00:00,LONG,25279.5,25270.09,25293,LOW,2,420.4,CLEAN,0.44,-39.75,-47.5,-19.75,131.75,140.50,70.25
2025-12-02 01:25:00,SHORT,25339.25,25366.89,25346.375,HIGH,1,419.5,COILED,1.52,-30.25,-44.5,-17.5,-113.75,14.50,119.25
2025-12-02 06:10:00,SHORT,25491.25,25508.14,25489,HIGH,4,419.5,COILED,3.04,-0.25,15.5,-7.5,-143.25,33.25,163.50
2025-12-02 06:30:00,SHORT,25497,25517.14,25496.875,HIGH,3,419.5,COILED,1.77,12,33.25,7.75,-53.5,39.00,157.75
2025-12-02 06:50:00,SHORT,25491,25507.64,25491.5,HIGH,2,419.5,COILED,1.05,3,11.25,-1.5,-160.25,33.00,179.00
2025-12-02 08:10:00,SHORT,25498.75,25509.64,25489.375,HIGH,4,419.5,CLEAN,0.93,-8.75,-10,-135.75,-51,84.25,171.25
2025-12-02 23:55:00,SHORT,25659.5,25674.64,25661.75,HIGH,1,419.5,CLEAN,0.33,-13,-0.75,2.25,0,46.25,18.75
2025-12-03 00:15:00,SHORT,25671.75,25686.64,25668.125,HIGH,1,419.6,CLEAN,0.85,7.5,11,7,49,58.50,5.00
2025-12-03 00:35:00,SHORT,25666.25,25682.14,25668.875,HIGH,1,419.6,CLEAN,0.06,3,23.25,-2,32.25,53.00,10.50
2025-12-03 02:20:00,SHORT,25674,25684.39,25666.375,HIGH,1,419.6,CLEAN,0.81,19,45.25,56.25,45.25,68.75,2.75
2025-12-03 02:40:00,SHORT,25649.5,25685.14,25662.625,HIGH,2,419.6,COILED,1.19,-2.5,6.5,25.25,12.75,44.25,18.25
2025-12-03 08:10:00,SHORT,25676.25,25684.89,25665,HIGH,1,419.6,CLEAN,0.76,19.75,242.5,160.5,78.5,254.75,1.50
2025-12-04 04:50:00,SHORT,25688,25700.80,25677.625,HIGH,3,415.0,COILED,2.62,9.5,39.75,33.5,56.75,69.75,3.25
2025-12-04 05:10:00,SHORT,25675,25699.55,25683,HIGH,2,415.0,CLEAN,0.15,18,35.25,10.25,-49.25,56.75,57.50
2025-12-04 05:30:00,SHORT,25663,25689.55,25672.125,HIGH,1,415.0,CLEAN,0.47,10.75,17.75,3.25,96.5,103.00,69.50
2025-12-04 18:45:00,LONG,25619,25600.20,25621.5,LOW,2,415.0,CLEAN,0.78,3.5,31.5,63.5,72.75,94.25,8.00
2025-12-04 19:05:00,LONG,25616.75,25602.70,25620,LOW,2,415.0,CLEAN,0.06,32.5,43.25,72.75,98,99.75,1.75
2025-12-04 21:10:00,SHORT,25692,25700.30,25684.25,HIGH,2,415.0,COILED,1.32,-4.25,4.25,-20.5,-32.25,9.75,38.00
2025-12-04 22:00:00,SHORT,25689.25,25705.80,25689.875,HIGH,2,415.0,COILED,1.07,0.25,-22.25,-25.75,-27.5,6.00,40.75
2025-12-04 22:40:00,SHORT,25692.75,25705.05,25690.25,HIGH,1,415.0,CLEAN,0.27,-19.75,-10.5,-27,-25.75,2.75,37.25
2025-12-05 01:15:00,SHORT,25721.25,25738.15,25725.375,HIGH,1,407.3,CLEAN,0.85,5.5,9,-21.5,-5.75,19.00,34.50
2025-12-05 03:00:00,SHORT,25735,25753.40,25730.125,HIGH,1,407.3,COILED,2.08,-7.75,3.25,17.75,6.25,30.75,20.75
2025-12-05 03:50:00,SHORT,25727.75,25755.90,25736.5,HIGH,1,407.3,CLEAN,0.69,10,15.25,6.75,29.5,39.25,9.00
2025-12-05 05:15:00,SHORT,25727,25744.90,25724.625,HIGH,1,407.3,CLEAN,0.39,2.5,8,21,78.25,147.25,9.00
2025-12-05 05:40:00,SHORT,25731.5,25739.65,25725.5,HIGH,1,407.3,CLEAN,-0.14,11.25,13.25,26.5,23,151.75,45.75
2025-12-05 07:00:00,SHORT,25728.75,25744.15,25724.625,HIGH,1,407.3,CLEAN,0.50,13.25,21,99.25,-13.5,149.00,139.25
2025-12-09 08:20:00,LONG,25641.25,25629.75,25651.75,LOW,1,387.5,CLEAN,0.34,-31.5,-41,7,61.5,91.75,81.25
2025-12-09 20:05:00,LONG,25641.5,25632.75,25652.5,LOW,1,387.5,COILED,1.06,13.25,18.75,42.75,33.25,68.50,2.25
2025-12-09 20:30:00,LONG,25647.25,25636.00,25650.125,LOW,1,387.5,CLEAN,0.71,8.25,25,19.75,35.5,62.75,1.00
2025-12-09 20:50:00,LONG,25654,25638.50,25653.125,LOW,1,387.5,COILED,1.79,15.75,19.5,13.25,26.5,56.00,2.00
2025-12-10 01:35:00,SHORT,25710.5,25720.88,25705.25,HIGH,1,381.4,CLEAN,0.52,7.25,-10.25,-20.5,59.5,94.50,35.25
2025-12-10 01:55:00,SHORT,25703.75,25720.38,25705.5,HIGH,1,381.4,CLEAN,0.91,-10.5,-24.5,-16.75,53.5,87.75,42.00
2025-12-10 02:20:00,SHORT,25714.75,25725.63,25708.25,HIGH,2,381.4,COILED,1.14,-9.25,-19.25,4.75,47.25,98.75,31.00
2025-12-10 02:40:00,SHORT,25725.5,25735.13,25719.25,HIGH,3,381.4,CLEAN,0.84,-9.5,4,18.75,68.5,109.50,20.25
2025-12-10 03:05:00,SHORT,25740.75,25752.88,25733,HIGH,1,381.4,COILED,1.28,9.75,10.25,34.5,95.25,124.75,5.00
2025-12-10 03:25:00,SHORT,25731.25,25753.38,25736.625,HIGH,1,381.4,CLEAN,0.29,10.75,16.5,98,84,115.25,8.00
2025-12-10 04:00:00,SHORT,25721.5,25734.63,25716.125,HIGH,3,381.4,CLEAN,0.70,12.25,1.75,67.5,72,105.50,12.50
2025-12-10 04:20:00,SHORT,25710,25739.88,25718,HIGH,3,381.4,CLEAN,0.35,-4,32.75,42.5,9,94.00,24.00
2025-12-10 04:40:00,SHORT,25706.75,25724.63,25711.25,HIGH,1,381.4,CLEAN,-0.36,2.75,54,49.75,24.25,90.75,27.25
2025-12-10 05:00:00,SHORT,25719.75,25741.63,25720.125,HIGH,3,381.4,COILED,1.46,73,65.75,78.5,60,103.75,1.00
2025-12-10 05:50:00,LONG,25657.25,25633.62,25651.875,LOW,2,381.4,CLEAN,0.71,10.25,11,-18.25,-32.5,62.75,90.25
2025-12-10 07:20:00,LONG,25640.25,25624.37,25641.625,LOW,1,381.4,CLEAN,0.84,-1.25,60.75,14.75,-2.25,79.75,111.50
2025-12-10 07:40:00,LONG,25634.25,25619.62,25640.125,LOW,1,381.4,CLEAN,0.19,31,48.25,8.25,-8.75,85.75,105.50
2025-12-10 08:00:00,LONG,25649.5,25622.12,25642.625,LOW,2,381.4,CLEAN,0.12,35.25,10.25,-23.5,-3.5,70.50,120.75
2025-12-10 18:35:00,SHORT,25732.25,25742.13,25729.75,HIGH,1,381.4,CLEAN,0.76,18.75,31.75,52.5,270.5,349.25,6.75
2025-12-10 18:55:00,SHORT,25730.5,25746.63,25732.75,HIGH,1,381.4,CLEAN,0.19,1.5,46.5,69.75,244,347.50,3.50
2025-12-17 01:45:00,SHORT,25409.5,25425.07,25404.375,HIGH,3,366.2,COILED,1.29,3.75,-8.5,-12,-75,28.25,82.25
2025-12-17 02:40:00,SHORT,25405.75,25425.82,25406.75,HIGH,4,366.2,COILED,1.09,-2.75,-18.25,-49.75,-84.75,17.50,93.25
2025-12-17 03:20:00,SHORT,25409,25427.32,25406.25,HIGH,4,366.2,CLEAN,0.39,3.5,-33.5,-59.5,-76.5,15.50,90.00
2025-12-17 04:10:00,SHORT,25423.5,25432.57,25411.625,HIGH,3,366.2,CLEAN,0.45,-32,-54.75,-50.25,-32.25,1.50,85.00
2025-12-23 01:25:00,LONG,25657.75,25650.51,25667.125,LOW,2,286.9,COILED,1.14,10,15.75,39,49,70.75,4.50
2025-12-23 01:45:00,LONG,25660.5,25647.51,25661.875,LOW,1,286.9,COILED,1.39,3.5,8.75,31.75,45.5,68.00,2.50
2025-12-23 02:05:00,LONG,25666,25653.01,25665.875,LOW,1,286.9,CLEAN,0.13,3.5,24.5,31.25,35,62.50,8.00
2025-12-23 02:25:00,LONG,25673.5,25652.26,25667,LOW,2,286.9,CLEAN,0.12,-2.75,23.25,43.25,24,55.00,11.00
2025-12-29 01:25:00,LONG,25835.75,25816.42,25832.25,LOW,3,266.6,CLEAN,0.65,-19.5,-24.75,-58.25,-76,3.75,103.75
2025-12-29 22:50:00,LONG,25736.75,25725.67,25735.875,LOW,1,266.6,CLEAN,0.01,6.5,11.75,9,-36,18.25,52.00
2025-12-30 00:30:00,LONG,25730,25723.42,25736.5,LOW,5,266.7,CLEAN,0.93,7.25,-6,-43.25,17.75,20.75,45.25
2025-12-30 01:15:00,LONG,25727.75,25722.42,25736.125,LOW,5,266.7,CLEAN,0.25,2.25,-23.75,-6,14.5,24.50,43.00
2025-12-30 01:50:00,LONG,25728.5,25716.92,25727,LOW,4,266.7,CLEAN,-0.14,-35.5,-27.75,9.25,-0.75,23.75,43.75
2025-12-30 02:35:00,LONG,25692.5,25679.42,25694.75,LOW,6,266.7,COILED,2.11,30.75,38.5,55,18.5,59.75,1.75
2025-12-30 02:55:00,LONG,25703.75,25685.42,25698.5,LOW,5,266.7,CLEAN,-0.20,18.25,35,35.25,28.75,48.50,1.25
2025-12-30 03:40:00,LONG,25728.75,25715.67,25728.125,LOW,2,266.7,CLEAN,-0.34,8.25,10,11.25,5.25,23.50,26.25
2025-12-30 05:40:00,LONG,25740,25724.17,25736.875,LOW,5,266.7,CLEAN,-0.12,-23.25,-25.5,-6,-48.75,4.75,58.25
2025-12-30 07:05:00,LONG,25737,25723.67,25734.625,LOW,3,266.7,CLEAN,-0.21,-7,-3.25,-27,15,37.75,62.75
2025-12-30 07:25:00,LONG,25728,25719.42,25734.125,LOW,3,266.7,CLEAN,0.11,-1.5,5.75,-35,46.25,65.75,53.75
2025-12-30 07:55:00,LONG,25726.5,25716.17,25729,LOW,4,266.7,CLEAN,-0.24,7.25,-12.75,30.25,-6.75,67.25,52.25
2025-12-30 08:15:00,LONG,25738.5,25718.17,25732.875,LOW,3,266.7,CLEAN,-0.11,-38.75,-17.75,-42,-22.5,55.25,64.25
2025-12-31 01:35:00,LONG,25589,25574.08,25587.75,LOW,1,258.6,COILED,1.25,1.25,17.75,-32.5,-10,20.75,36.50
2025-12-31 01:55:00,LONG,25596,25583.33,25592.875,LOW,2,258.6,CLEAN,0.18,3.5,2.25,-37,-11.5,13.75,43.50
2025-12-31 03:20:00,LONG,25583,25575.33,25589.5,LOW,1,258.6,CLEAN,0.01,-16.25,-10.75,-8,42.5,44.50,30.50
2025-12-31 05:45:00,LONG,25577.5,25570.83,25583.75,LOW,1,258.6,CLEAN,-0.15,8,27.5,48,26.75,139.25,0.50
2025-12-31 06:05:00,LONG,25590.5,25571.83,25586.375,LOW,1,258.6,CLEAN,-0.27,11.5,20,37.75,16.75,126.25,9.00
2025-12-31 06:25:00,LONG,25595.75,25576.33,25590.25,LOW,1,258.6,CLEAN,0.27,13.75,27,51.5,6.75,121.00,27.75
2026-01-07 18:00:00,SHORT,25838.25,25855.16,25839.875,HIGH,3,270.3,COILED,1.27,9.25,16.5,11.25,51.5,64.25,8.75
2026-01-08 20:10:00,LONG,25668.5,25658.16,25671.375,LOW,2,266.8,CLEAN,0.79,-30.5,-15,15.75,7.5,25.50,41.00
2026-01-08 22:40:00,LONG,25680.75,25660.66,25674.375,LOW,2,266.8,CLEAN,0.10,-11,-9.25,-9.75,-9,21.75,28.50
2026-01-08 23:00:00,LONG,25667.75,25659.41,25674.375,LOW,2,266.8,CLEAN,-0.02,1.75,10.25,25.5,7.5,34.75,15.50
2026-01-08 23:25:00,LONG,25670,25651.66,25665.125,LOW,2,266.8,CLEAN,0.73,7.25,11,11.25,20.5,32.50,17.75
2026-01-08 23:45:00,LONG,25668,25660.16,25671,LOW,2,266.8,CLEAN,-0.00,10.5,2,29,3.25,34.50,15.75
2026-01-09 07:05:00,SHORT,25743.75,25760.89,25745.875,HIGH,2,269.7,CLEAN,0.31,26.25,-0.25,-52.75,-141.25,128.25,144.00
2026-01-09 08:05:00,SHORT,25744,25757.89,25742.75,HIGH,3,269.7,CLEAN,0.53,-46.75,-52.5,101.75,-175.75,128.50,182.25
2026-01-23 01:50:00,SHORT,25707,25728.97,25713.5,HIGH,3,260.8,COILED,1.35,-16.25,17,109.5,143,166.75,17.75
2026-02-03 01:00:00,SHORT,25979,26002.84,25985.125,HIGH,1,304.4,CLEAN,0.93,-20.25,-12.75,-32,-1,20.75,48.75
2026-02-03 07:45:00,SHORT,25991.75,26001.34,25988.75,HIGH,1,304.4,CLEAN,0.07,-3.5,11.5,192,481,521.50,11.75
2026-02-03 08:05:00,SHORT,25997.5,26004.09,25987.375,HIGH,1,304.4,CLEAN,0.18,13.75,39.25,393.25,503.75,529.75,6.00
2026-02-09 18:30:00,SHORT,25347.5,25368.31,25348.5,HIGH,1,365.3,CLEAN,0.29,-9,16,40.75,39,69.00,25.50
2026-02-10 18:20:00,LONG,25281,25261.50,25278.375,LOW,1,375.1,CLEAN,-0.54,-8.25,-2,24,32.75,49.00,14.75
2026-02-10 18:40:00,LONG,25279.5,25260.25,25276.625,LOW,1,375.1,CLEAN,0.03,0.75,10,34.25,52.75,55.75,13.25
2026-02-10 19:00:00,LONG,25279,25264.25,25278.125,LOW,1,375.1,CLEAN,-0.30,3.5,24.75,30,58,66.50,12.75
2026-02-10 19:20:00,LONG,25279,25258.75,25276.25,LOW,1,375.1,CLEAN,-0.37,10.25,26,47.25,44,66.50,2.50
2026-02-10 19:40:00,LONG,25289.5,25269.00,25286,LOW,1,375.1,CLEAN,-0.24,20.75,24.25,19.75,13,56.00,3.75
2026-02-11 01:30:00,LONG,25273.25,25263.49,25281.25,LOW,3,375.6,CLEAN,-0.02,8.5,-2.25,-17.5,-89.25,16.75,127.00
2026-02-11 01:50:00,LONG,25276.25,25260.74,25277.125,LOW,1,375.6,CLEAN,0.20,9.25,-3.75,-22.75,-101,13.75,130.00
2026-02-11 02:35:00,LONG,25264.5,25255.24,25276.375,LOW,1,375.6,CLEAN,-0.16,-23.25,-9,-55.5,-25.25,21.00,118.25
2026-02-11 02:55:00,LONG,25271,25253.24,25273.125,LOW,1,375.6,CLEAN,-0.42,-34,-20.75,-65.75,-62,8.00,124.75
2026-02-11 03:45:00,LONG,25256,25230.74,25251.875,LOW,4,375.6,CLEAN,-0.31,-9.25,-41.5,-84,-17.25,23.00,109.75
2026-02-11 07:25:00,LONG,25252.75,25242.99,25263.25,LOW,4,375.6,CLEAN,0.23,-5.25,-14.75,166,-59.75,212.50,194.50
2026-02-12 02:30:00,SHORT,25348.25,25364.80,25343.125,HIGH,2,377.5,CLEAN,0.27,-13.25,16.75,-2.5,-10,23.50,25.75
2026-02-12 02:50:00,SHORT,25345.75,25366.80,25350.625,HIGH,3,377.5,CLEAN,0.32,-0.75,3.5,-6.25,-15.5,21.00,28.25
2026-02-12 03:25:00,SHORT,25345.75,25375.30,25353.375,HIGH,3,377.5,CLEAN,-0.02,-7.75,-3.75,5.25,-19.25,21.00,28.25
2026-02-12 04:10:00,SHORT,25356.5,25371.05,25352.625,HIGH,3,377.5,CLEAN,-0.26,13.25,13.25,0.75,28,28.75,27.50
2026-02-12 06:20:00,SHORT,25356.5,25374.55,25354.5,HIGH,2,377.5,CLEAN,-0.30,-4.75,-4.5,28,131,186.75,63.25
2026-02-12 06:40:00,SHORT,25345,25378.05,25356.5,HIGH,1,377.5,CLEAN,-0.42,-9.5,-20,-66.75,257.75,263.00,74.75
2026-02-12 07:00:00,SHORT,25349.75,25377.05,25357,HIGH,1,377.5,CLEAN,-0.19,-23.75,6.25,-28.25,350.5,363.25,70.00
2026-02-12 07:25:00,SHORT,25365,25375.55,25355.5,HIGH,1,377.5,CLEAN,-0.23,8.25,22.75,18.25,546.25,553.75,54.75
2026-02-13 07:40:00,LONG,24722.5,24695.31,24716.875,LOW,3,397.2,CLEAN,0.47,-91,52.75,-6.5,166.75,206.00,143.75
2026-02-16 02:50:00,SHORT,24862.25,24882.06,24866.75,HIGH,1,403.1,CLEAN,-0.21,-19.5,-32.25,-50.75,-9.75,21.25,60.00
2026-02-16 03:40:00,SHORT,24881.75,24892.06,24868.375,HIGH,1,403.1,CLEAN,-0.42,-17.5,-27.5,-13.25,26.75,39.25,40.50
2026-02-16 06:55:00,SHORT,24863.25,24882.81,24867.375,HIGH,1,403.1,CLEAN,-0.81,-14.5,-6.25,19,171,184.75,17.25
2026-02-16 07:35:00,SHORT,24872.75,24888.56,24867,HIGH,1,403.1,CLEAN,-0.33,15.25,8.25,141.75,199.5,202.00,3.00
2026-02-17 20:00:00,SHORT,24717.5,24746.51,24726.25,HIGH,3,400.4,CLEAN,0.59,-0.5,-32,-49,-115.5,8.00,122.50
2026-02-17 20:25:00,SHORT,24718.25,24750.01,24726.375,HIGH,3,400.4,CLEAN,0.99,-26.25,-31,-29.25,-112.5,8.75,121.75
2026-02-17 20:45:00,SHORT,24724.75,24740.01,24720.75,HIGH,2,400.4,CLEAN,-0.61,-22.5,-41.25,-51.25,-104,8.00,122.25
2026-02-18 08:05:00,SHORT,24883.25,24907.87,24883.75,HIGH,1,405.8,CLEAN,0.13,10.5,45.75,-138,-223.5,131.25,245.00
2026-02-19 06:05:00,LONG,24864,24828.28,24850.625,LOW,3,398.3,CLEAN,0.51,3.25,-3.25,-14.5,29.75,92.50,101.00
2026-02-19 18:30:00,LONG,24876,24837.28,24861,LOW,2,398.3,CLEAN,0.32,5.75,30.5,43,27.75,60.00,17.50
2026-02-20 01:05:00,SHORT,24946.5,24956.48,24943.25,HIGH,1,399.1,CLEAN,0.43,9.25,-4,39.75,4.75,49.75,38.25
2026-02-20 01:35:00,SHORT,24937.25,24958.23,24941.75,HIGH,1,399.1,CLEAN,-0.45,-13.25,2.5,20,6.25,40.50,47.50
2026-02-20 02:05:00,SHORT,24950.5,24962.48,24942.625,HIGH,1,399.1,CLEAN,-0.15,15.75,43.75,-2.75,80.5,109.75,34.25
2026-02-20 02:30:00,SHORT,24944.5,24960.48,24943.125,HIGH,1,399.1,CLEAN,0.17,18.25,43.75,-27,63,103.75,40.25
2026-02-20 04:40:00,SHORT,24958,24989.98,24966.25,HIGH,3,399.1,CLEAN,-0.11,17.5,33.25,97,213.25,233.25,2.00
2026-02-23 04:25:00,SHORT,24994.25,25006.66,24985.75,HIGH,2,408.0,COILED,3.76,10.75,24.25,26.5,67.5,110.50,9.75
2026-02-23 04:45:00,SHORT,24988,25012.16,24989.5,HIGH,1,408.0,CLEAN,0.52,3.75,19,61,45.5,104.25,14.75
2026-02-23 05:05:00,SHORT,24990,25001.91,24986.875,HIGH,2,408.0,CLEAN,-0.28,16.25,26,59.5,53.5,106.25,12.75
2026-02-23 18:25:00,LONG,24806.75,24776.09,24799.625,LOW,4,408.0,CLEAN,-0.18,-18.75,-25.5,14.25,71.5,77.50,33.25
2026-02-23 18:45:00,LONG,24802,24791.84,24813.375,LOW,2,408.0,CLEAN,0.49,12,15.25,22.75,71.5,82.25,28.50
2026-02-23 19:55:00,LONG,24816,24789.34,24810.5,LOW,1,408.0,CLEAN,0.27,5,6,53.75,60,68.25,21.00
2026-02-23 20:15:00,LONG,24806,24786.84,24806.625,LOW,1,408.0,CLEAN,-0.15,18.75,38,71.75,51.75,82.25,7.25
2026-02-23 20:35:00,LONG,24820,24790.59,24813.875,LOW,2,408.0,CLEAN,0.85,6.5,55,56.75,32.75,68.25,11.50
2026-02-24 20:05:00,SHORT,25072,25096.80,25075,HIGH,1,415.0,CLEAN,0.86,-22.5,-24.25,-12.25,8,78.00,42.50
2026-02-24 20:35:00,SHORT,25094.5,25107.80,25085.5,HIGH,1,415.0,COILED,1.41,-1.75,-9,50,49.25,100.50,20.00
2026-02-25 03:35:00,SHORT,25069.75,25098.49,25075.875,HIGH,3,424.4,CLEAN,-0.11,-10.75,-7,-19.25,-65,14.50,80.25
2026-02-25 03:55:00,SHORT,25074.5,25092.24,25073.875,HIGH,3,424.4,CLEAN,-0.50,6,-8,1.25,-64,19.25,75.50
2026-02-25 04:15:00,SHORT,25073.75,25095.74,25071.25,HIGH,4,424.4,CLEAN,0.25,-2,5,-1,-66.75,9.75,79.25
2026-02-25 04:35:00,SHORT,25076.75,25091.24,25073.375,HIGH,4,424.4,CLEAN,-0.50,3.25,-12.25,-29.75,-58.75,11.25,76.25
2026-02-25 04:55:00,SHORT,25082.5,25096.24,25080,HIGH,3,424.4,CLEAN,0.31,6.25,9.25,-42.25,-67.75,17.00,83.25
2026-02-25 05:15:00,SHORT,25068.75,25094.49,25075.875,HIGH,3,424.4,CLEAN,-0.21,-16.5,-6,-59,-71,3.25,108.75
2026-02-25 05:35:00,SHORT,25089,25101.24,25079.125,HIGH,3,424.4,CLEAN,-0.18,14.75,-17.5,-45.75,-156.75,21.75,165.50
2026-02-25 05:55:00,SHORT,25073.25,25103.24,25081,HIGH,3,424.4,CLEAN,-0.18,-7.75,-51.5,-65.25,-270,4.75,280.00
2026-02-25 06:15:00,SHORT,25074.75,25090.74,25075.375,HIGH,3,424.4,CLEAN,-0.66,-39,-53,-65.75,-223,3.50,287.00
2026-02-25 06:50:00,SHORT,25120.75,25129.49,25106.625,HIGH,1,424.4,COILED,1.14,-20.25,-22.5,-24.75,-162.75,15.75,241.00
2026-03-02 04:35:00,LONG,24626.25,24613.00,24637.75,LOW,3,412.6,COILED,1.99,38,57,41.75,53.5,113.00,16.50
2026-03-02 07:35:00,LONG,24636,24619.75,24642.25,LOW,3,412.6,COILED,1.30,6.75,43.75,168.75,330.75,355.25,43.25
2026-03-10 20:45:00,SHORT,25055,25084.73,25064.875,HIGH,4,399.1,CLEAN,-0.40,-25,-33.25,-36.25,-49.25,4.00,70.00
2026-03-10 21:05:00,SHORT,25062,25080.73,25061.875,HIGH,4,399.1,CLEAN,-0.27,-21,-19.75,-26.5,-0.5,1.75,63.00
2026-03-17 07:40:00,SHORT,24844.5,24867.94,24845.75,HIGH,3,384.7,CLEAN,0.25,-44.5,-81.75,-217.25,-150.25,32.00,272.50
2026-03-17 22:30:00,SHORT,25126,25137.69,25116.375,HIGH,2,384.7,COILED,1.02,13.75,5,-9,-68,19.00,84.50
2026-03-17 22:50:00,SHORT,25117.5,25137.19,25122.875,HIGH,2,384.7,CLEAN,-0.15,-6,-14.5,-26.5,-69,10.50,93.00
2026-03-17 23:10:00,SHORT,25121.75,25130.94,25115.125,HIGH,2,384.7,CLEAN,-0.18,0,-21.75,-29,-58,5.25,88.75
2026-03-17 23:30:00,SHORT,25121,25135.44,25122.75,HIGH,2,384.7,CLEAN,-0.06,-20.5,-14,-39.25,-56.5,4.50,89.50
2026-03-25 19:10:00,LONG,24310.75,24300.51,24319,LOW,4,374.7,CLEAN,0.05,-16.5,33.5,51.5,4,99.25,63.00
2026-03-25 23:00:00,LONG,24285.25,24268.76,24287.25,LOW,2,374.7,COILED,1.00,106.75,77,53.5,-10.75,136.00,53.25
2026-03-26 02:55:00,LONG,24288.25,24259.26,24281.25,LOW,1,374.7,CLEAN,-0.20,-32.75,-28.75,-94.5,-111.75,9.75,181.25
2026-04-01 01:55:00,SHORT,24041.25,24070.24,24050.25,HIGH,4,387.0,CLEAN,0.32,-78,-127.75,-38,-26.75,37.75,140.00
2026-04-06 00:50:00,SHORT,24256,24272.80,24252.25,HIGH,1,390.2,COILED,1.42,-8,25,4.75,-115.5,48.75,137.25
2026-04-06 01:10:00,SHORT,24260.5,24275.80,24258.375,HIGH,2,390.2,CLEAN,-0.49,34.5,-14.75,34.25,-118.5,53.25,137.75
2026-04-06 01:30:00,SHORT,24244.5,24273.80,24250.625,HIGH,1,390.2,CLEAN,-0.38,19.25,16.5,-9.75,-139,37.25,153.75
2026-04-06 04:10:00,SHORT,24329.25,24345.05,24321.875,HIGH,4,390.2,CLEAN,0.30,-59.75,-49.75,-20,24.25,66.75,69.00
2026-04-06 19:20:00,SHORT,24313,24340.80,24321.375,HIGH,4,390.2,CLEAN,-0.27,-3.25,-15.5,41.75,96.5,160.00,45.50
2026-04-07 06:00:00,SHORT,24376.5,24407.98,24385.25,HIGH,1,386.4,CLEAN,0.44,59.5,164,179.75,297.5,306.00,16.50
2026-04-09 07:20:00,LONG,24989,24972.58,24987.625,LOW,2,371.1,CLEAN,-0.20,38.75,44.25,55.5,100.75,122.50,28.50
2026-04-15 08:25:00,LONG,25975,25953.12,25973.125,LOW,1,369.1,CLEAN,-0.45,15,48.75,158.25,241.25,276.50,5.00
2026-04-16 03:05:00,SHORT,26460.25,26492.61,26470.75,HIGH,1,380.4,CLEAN,-0.49,-18.75,24.25,5,44,95.75,27.75
2026-04-16 03:25:00,SHORT,26476.25,26488.61,26468.75,HIGH,1,380.4,CLEAN,-0.49,16.25,48,29.5,80,111.75,11.75
2026-04-16 18:00:00,SHORT,26468.75,26479.11,26458.375,HIGH,2,380.4,CLEAN,-0.40,-15.75,-9,-8.75,-22.75,12.75,29.00
2026-04-16 18:40:00,SHORT,26484.25,26494.86,26481.25,HIGH,1,380.4,CLEAN,-0.49,11,2.25,-2.5,16.25,29.25,13.50
2026-04-16 19:50:00,SHORT,26481.5,26496.11,26480.875,HIGH,1,380.4,CLEAN,-0.73,-2.25,-8,-7,22.5,32.00,16.25
2026-04-16 20:10:00,SHORT,26462,26491.61,26470.875,HIGH,1,380.4,CLEAN,0.38,-24.75,-30.75,-16.75,-9.75,12.50,35.75
2026-04-16 20:35:00,SHORT,26487,26504.86,26487.5,HIGH,1,380.4,CLEAN,0.13,-4.75,-5,14.25,14.75,37.50,10.75
2026-04-16 20:55:00,SHORT,26487.5,26502.61,26489.625,HIGH,1,380.4,CLEAN,-0.54,4.75,-0.75,22.5,24.25,38.00,10.25
2026-04-16 21:15:00,SHORT,26493,26505.36,26489.875,HIGH,1,380.4,CLEAN,-0.30,1.75,17.25,34,43.5,53.00,4.50
2026-04-16 21:35:00,SHORT,26492,26505.11,26489,HIGH,1,380.4,CLEAN,0.39,17.5,19.25,37,36.75,52.00,5.00
2026-04-16 21:55:00,SHORT,26488.25,26504.61,26491.875,HIGH,1,380.4,CLEAN,-0.51,20.5,23.25,29,22.75,48.25,6.75
2026-04-16 22:15:00,SHORT,26475.75,26502.61,26482.375,HIGH,1,380.4,CLEAN,0.10,7.75,16.75,-1.5,7.5,35.75,6.00
2026-04-16 22:35:00,SHORT,26472.75,26486.11,26466.75,HIGH,1,380.4,CLEAN,0.91,12.5,17.75,0.5,16,32.75,9.00
2026-04-16 22:55:00,SHORT,26465,26484.11,26468.75,HIGH,1,380.4,CLEAN,-0.49,8,5.75,1.75,8.25,25.00,16.75
2026-04-16 23:15:00,SHORT,26459,26475.86,26459.75,HIGH,2,380.4,CLEAN,-0.06,0.75,-18.25,9.5,-18,19.00,27.50
2026-04-16 23:55:00,SHORT,26459.25,26470.11,26457.875,HIGH,2,380.4,CLEAN,-0.38,-16.5,-4,-6.25,-29,19.25,33.00
2026-04-17 00:50:00,SHORT,26467.25,26486.54,26471.875,HIGH,1,377.0,CLEAN,-0.64,11.5,2.5,4.25,-51.75,27.25,51.75
2026-04-17 01:50:00,SHORT,26464.75,26477.54,26457.75,HIGH,2,377.0,CLEAN,-0.12,-5,1.75,-20.75,-67.5,18.00,74.50
2026-04-17 02:35:00,SHORT,26456.75,26478.54,26458.875,HIGH,2,377.0,CLEAN,-0.13,-22.75,-15.5,-39,-58,5.00,90.25
2026-04-17 02:55:00,SHORT,26456.75,26472.79,26458.5,HIGH,2,377.0,CLEAN,-0.79,-13.5,-31.5,-62,-69.75,0.00,90.25
2026-04-17 03:55:00,SHORT,26488.25,26499.79,26480.5,HIGH,2,377.0,CLEAN,-0.36,-9.5,-30.5,-48.75,-77.5,11.50,80.00
2026-04-17 04:15:00,SHORT,26488.75,26502.79,26486,HIGH,2,377.0,CLEAN,-0.88,-26,-19.75,-39,-101.5,2.50,106.25
2026-04-20 21:05:00,SHORT,26822,26839.68,26824.125,HIGH,5,371.5,CLEAN,-0.27,-4,5,8,-16.75,32.00,21.50
2026-04-20 21:25:00,SHORT,26830,26838.43,26821.625,HIGH,5,371.5,CLEAN,-0.35,17.25,8.25,24.75,-8.5,40.00,14.25
2026-04-20 21:45:00,SHORT,26819.25,26844.68,26827.625,HIGH,5,371.5,CLEAN,0.11,-1.5,2,10.5,-3.5,29.25,25.00
2026-04-21 00:30:00,SHORT,26827.25,26836.67,26823,HIGH,5,358.4,CLEAN,-0.36,-4.75,-6.75,-21.25,2.25,30.00,30.00
2026-04-21 00:50:00,SHORT,26827,26838.42,26827,HIGH,4,358.4,CLEAN,-0.89,-11.25,1.25,-20.75,-18.5,29.75,30.25
2026-04-21 01:10:00,SHORT,26839.75,26850.67,26832.125,HIGH,4,358.4,COILED,1.03,10,-13,19.75,23.5,42.50,17.50
2026-04-21 01:45:00,SHORT,26822.75,26845.42,26829.875,HIGH,4,358.4,CLEAN,-0.15,-28.5,-26.25,-3.5,-9.75,25.50,34.50
2026-04-21 03:55:00,SHORT,26813.25,26846.92,26826.125,HIGH,4,358.4,CLEAN,0.14,-14,-23.75,-27.5,-58,16.00,88.50
2026-04-21 04:35:00,SHORT,26827,26839.92,26821.125,HIGH,5,358.4,CLEAN,-0.61,16.25,0,-33.25,-4.5,21.50,74.75
2026-04-21 05:30:00,SHORT,26825.75,26836.17,26820.875,HIGH,5,358.4,CLEAN,-0.75,-14.75,-24,-63.25,66.75,88.00,76.00
2026-04-21 05:50:00,SHORT,26834.5,26846.92,26830.125,HIGH,4,358.4,CLEAN,-0.64,-12.75,-40.25,-47.5,38.5,107.75,67.25
2026-04-21 20:25:00,LONG,26803.5,26782.58,26803.625,LOW,2,358.4,COILED,1.68,-5.75,0,25,-5.75,34.25,13.50
2026-04-21 20:50:00,LONG,26798.75,26782.83,26803.5,LOW,2,358.4,CLEAN,-0.30,2.25,21.75,22.75,-17,39.00,18.75
2026-04-21 21:10:00,LONG,26803.5,26787.33,26803.875,LOW,2,358.4,CLEAN,-0.51,13.5,23,4.5,-10.75,34.25,38.00
2026-04-21 21:30:00,LONG,26807,26785.58,26801.375,LOW,2,358.4,CLEAN,-0.32,13.75,15,13,26.5,49.75,41.50
2026-04-22 00:30:00,LONG,26793.5,26784.88,26804.125,LOW,2,356.0,CLEAN,0.52,-13.25,40,45.75,-0.75,71.00,28.00
2026-04-22 00:50:00,LONG,26781.75,26772.88,26791,LOW,1,356.0,CLEAN,0.83,64.25,53.25,52,34.25,82.75,16.25
2026-04-22 01:45:00,SHORT,26830,26849.87,26831.625,HIGH,3,356.0,CLEAN,0.28,17.75,-9.25,-21.75,-20.75,50.25,34.50
2026-04-27 01:30:00,SHORT,27460,27490.50,27469.125,HIGH,3,362.5,CLEAN,0.86,21.75,30,42.5,2.25,72.00,5.00
2026-04-27 05:50:00,SHORT,27465.75,27473.25,27456.625,HIGH,3,362.5,CLEAN,-0.32,4,-11.75,-17,87,167.25,34.50
2026-04-27 06:35:00,SHORT,27468.75,27477.00,27459.5,HIGH,4,362.5,CLEAN,-0.45,-17.5,-14.75,69.25,90.75,170.25,31.50
2026-04-27 18:30:00,SHORT,27494.75,27508.75,27493,HIGH,1,362.5,CLEAN,0.43,6,1.75,32,73,83.25,17.25
2026-04-27 19:35:00,SHORT,27500.5,27507.75,27493.375,HIGH,1,362.5,CLEAN,-0.54,-4.75,30,24,74,114.50,11.50
2026-04-27 19:55:00,SHORT,27490,27511.75,27494.625,HIGH,1,362.5,CLEAN,-0.28,26,22.5,68.25,80.5,104.00,22.00
2026-04-30 21:05:00,SHORT,27628.5,27641.11,27623.875,HIGH,2,317.9,CLEAN,-0.56,-23.25,-21.75,-22,-6,9.25,46.00
2026-05-01 00:40:00,SHORT,27626.5,27640.01,27627.125,HIGH,4,325.6,CLEAN,-0.36,-11.25,-0.5,22.75,61.25,63.75,14.25
2026-05-01 01:00:00,SHORT,27628,27639.01,27625.875,HIGH,3,325.6,CLEAN,-0.36,-2.25,11.25,27.25,81,82.50,12.75
2026-05-01 01:45:00,SHORT,27625.25,27643.01,27628.375,HIGH,4,325.6,CLEAN,-0.73,4.5,26.75,28,60.25,79.75,3.25
2026-05-04 02:20:00,SHORT,27909,27931.97,27915.25,HIGH,5,311.1,CLEAN,0.84,11.5,-31,22.25,193.75,246.75,42.25
2026-05-04 05:35:00,SHORT,27919.5,27928.72,27912.875,HIGH,4,311.1,CLEAN,-0.40,218,95.25,129.5,83,257.25,5.25
2026-05-04 19:00:00,LONG,27746.5,27734.53,27752.75,LOW,1,311.1,CLEAN,-0.11,6.5,38.75,33.25,73.5,94.50,14.75
2026-05-04 19:20:00,LONG,27752,27735.03,27753,LOW,1,311.1,CLEAN,0.02,-12.25,-2.25,57.25,80.25,89.00,20.25
2026-05-04 19:40:00,LONG,27745.25,27738.28,27752.75,LOW,1,311.1,CLEAN,-0.72,39.5,12.5,66,92.25,103.25,13.50
2026-05-05 05:40:00,SHORT,27937.25,27955.30,27936.875,HIGH,2,315.0,CLEAN,0.08,2,5.5,-2.25,-145.5,37.25,146.75
2026-05-05 06:55:00,SHORT,27934.75,27957.55,27939.375,HIGH,3,315.0,CLEAN,-0.01,7.25,-9,-38.75,-161.25,34.75,204.50
2026-05-05 07:45:00,SHORT,27945,27953.55,27937.25,HIGH,3,315.0,CLEAN,-0.69,-41.25,-30.5,-129.5,-195.75,16.50,204.75
2026-05-07 19:25:00,LONG,28644.5,28619.36,28637.25,LOW,2,307.2,CLEAN,-0.48,35,66.25,127.25,108.5,137.75,8.25
2026-05-12 02:45:00,LONG,29249,29228.62,29247.75,LOW,1,319.1,CLEAN,0.21,-6.25,-0.25,-58,-52,5.50,75.00
2026-05-12 03:45:00,LONG,29248.75,29223.37,29242.125,LOW,1,319.1,CLEAN,0.38,-55.25,-57.75,-25.5,-71.75,3.25,115.75
2026-05-12 05:50:00,LONG,29214.75,29203.62,29222.625,LOW,1,319.1,CLEAN,0.38,10,-18.5,-41.75,9.25,81.25,101.75
2026-05-12 22:35:00,LONG,29228.5,29209.87,29228.125,LOW,1,319.1,CLEAN,-0.24,-16,29.5,50.25,90.5,123.50,25.25
2026-05-12 22:55:00,LONG,29223,29204.62,29221.5,LOW,1,319.1,CLEAN,0.46,14.25,26,64.5,86,129.00,19.75
2026-05-13 01:20:00,SHORT,29304,29316.59,29297.375,HIGH,3,329.4,COILED,1.77,14.5,-11.5,-8.5,-71.75,19.00,143.00
2026-05-13 01:40:00,SHORT,29292.25,29312.59,29296.875,HIGH,3,329.4,CLEAN,-0.25,-30.5,-21.5,-63.25,-121.75,7.25,154.75
2026-05-13 02:00:00,SHORT,29305,29311.59,29295,HIGH,5,329.4,CLEAN,-0.26,-9.75,-12.75,-76.75,-111.25,15.50,142.00
2026-05-20 06:25:00,SHORT,29124.25,29150.27,29130.5,HIGH,2,363.6,CLEAN,-0.41,15.25,6,-22.25,-85.5,115.75,109.50
2026-05-21 00:45:00,SHORT,29400,29416.38,29394.75,HIGH,2,369.0,CLEAN,0.31,-19.25,55.25,107,24,200.00,64.50
2026-05-22 01:15:00,SHORT,29595.75,29613.58,29597.875,HIGH,2,366.6,CLEAN,-0.13,9.25,37.5,31,75.25,94.50,69.50
2026-05-22 02:25:00,SHORT,29562,29581.33,29559.625,HIGH,2,366.6,CLEAN,-0.10,-1.75,-11.75,-72.5,107.5,113.00,103.25
2026-05-27 03:25:00,SHORT,30124.75,30137.24,30116.25,HIGH,1,361.8,CLEAN,-0.12,-15.5,-83.75,-63.75,-145.5,12.25,166.75
2026-05-27 03:50:00,SHORT,30128.5,30145.49,30125.375,HIGH,2,361.8,CLEAN,-0.23,-79.75,-69.5,-78.5,-151.75,1.50,168.50
2026-05-27 18:50:00,LONG,30055.75,30033.76,30054.75,LOW,1,361.8,CLEAN,0.02,-12.5,-77,-22.25,-62.75,34.25,92.50
2026-05-27 21:25:00,LONG,30058.25,30037.51,30058.375,LOW,1,361.8,CLEAN,-0.27,12.75,-55.75,-146.5,-217.5,21.25,295.25
2026-05-29 07:20:00,SHORT,30360.5,30379.55,30360.75,HIGH,1,365.0,CLEAN,-0.31,29.5,41.75,13.5,-37.25,90.50,175.50
2026-06-03 06:50:00,SHORT,30754.5,30779.92,30757.75,HIGH,3,371.0,CLEAN,-0.33,-16.75,-24,41.75,69.75,258.50,53.25
2026-06-03 07:10:00,SHORT,30774.75,30788.92,30767.25,HIGH,2,371.0,CLEAN,-0.27,1.5,-16.5,44.5,81.75,278.75,33.00
2026-06-04 00:30:00,LONG,30500,30475.66,30495.25,LOW,2,367.1,CLEAN,0.40,-16.25,-22.25,-15,-116,44.50,160.00
2026-06-04 00:50:00,LONG,30498.25,30482.41,30499,LOW,2,367.1,CLEAN,0.21,-41.5,-30.75,31.5,-167.25,46.25,171.00
2026-06-18 05:30:00,SHORT,30429.5,30460.21,30436.5,HIGH,2,523.0,CLEAN,-0.44,-45.5,-28.75,21.25,-56.5,74.50,190.25
2026-06-18 06:55:00,SHORT,30434.75,30469.21,30439.875,HIGH,2,523.0,CLEAN,0.41,31,11.25,-80,-188.75,79.75,226.00
2026-06-19 02:20:00,SHORT,30516.5,30530.43,30507.875,HIGH,1,521.3,CLEAN,-0.21,-28.5,-71.25,-124.75,-66,14.75,149.50
2026-06-22 05:50:00,SHORT,30710,30738.99,30714.375,HIGH,1,512.0,CLEAN,-0.57,-40,-14,-33,-142.5,11.00,216.75
2026-06-25 03:35:00,SHORT,30172,30197.63,30167.875,HIGH,2,556.4,COILED,2.28,-33.75,-7.75,16,49,73.00,47.00
2026-06-25 03:55:00,SHORT,30181.75,30193.13,30168,HIGH,2,556.4,CLEAN,-0.43,9.75,62.25,50.75,50.5,82.75,37.25
2026-06-25 04:30:00,SHORT,30160,30196.63,30171.75,HIGH,2,556.4,CLEAN,-0.22,24.75,19.5,-4.5,-45.75,61.00,103.75
2026-06-25 06:30:00,SHORT,30164.5,30186.13,30159,HIGH,3,556.4,CLEAN,-0.30,-23,51.5,-41.25,494.25,868.75,99.25
2026-06-25 06:55:00,SHORT,30160.5,30187.13,30158,HIGH,3,556.4,CLEAN,-0.29,42.75,29.25,-40.75,527.25,864.75,103.25
2026-06-29 03:55:00,SHORT,29664.25,29710.37,29676.625,HIGH,1,593.5,COILED,1.01,-30.5,4,0.25,-41.25,44.25,95.50
2026-06-29 05:35:00,SHORT,29669,29700.12,29672.75,HIGH,2,593.5,CLEAN,-0.18,-48.5,-68.5,-34,-41,112.00,100.25
2026-06-29 06:45:00,SHORT,29725,29755.87,29721.75,HIGH,1,593.5,CLEAN,0.29,31.75,8,56.25,155.5,451.25,115.00
2026-06-29 07:50:00,SHORT,29706,29741.87,29713.5,HIGH,1,593.5,CLEAN,-0.44,-6.75,23.25,-57,-113.5,432.25,134.00
2026-06-29 08:10:00,SHORT,29728.25,29745.62,29712.75,HIGH,1,593.5,CLEAN,-0.55,53.75,1,398.5,-120.25,454.50,151.00
2026-06-30 05:10:00,SHORT,30075.25,30095.51,30071.125,HIGH,4,613.2,CLEAN,-0.35,3.25,-26.5,-89.25,45.75,70.50,100.25
2026-06-30 05:35:00,SHORT,30070,30095.26,30058.75,HIGH,3,613.2,CLEAN,-0.20,-18.75,-26.5,-57.25,-117.5,73.00,194.00
2026-06-30 05:55:00,SHORT,30082.5,30106.01,30080.375,HIGH,4,613.2,CLEAN,-0.34,-33.75,-57.25,-54.5,-284.25,85.50,284.25
2026-07-01 18:20:00,LONG,30093,30038.97,30075.5,LOW,2,626.6,CLEAN,-0.29,-7.25,-35.75,-47.25,96.5,146.50,140.50
2026-07-01 18:45:00,LONG,30090.5,30074.47,30100,LOW,4,626.6,CLEAN,-0.18,-31,-64.5,-39.5,113,149.00,138.00
2026-07-01 19:05:00,LONG,30080,30063.22,30096.875,LOW,3,626.6,CLEAN,-0.02,-11,-80.75,103,80.5,159.50,127.50
2026-07-02 06:20:00,LONG,29940.25,29911.48,29940.375,LOW,1,626.2,CLEAN,-0.21,50.5,63.5,217.25,139.5,379.75,5.25
2026-07-03 01:20:00,LONG,29804.25,29781.46,29814.25,LOW,3,651.8,CLEAN,0.56,10.75,41.75,53.5,84.75,88.50,3.25
2026-07-03 01:40:00,LONG,29819.75,29787.96,29821.25,LOW,2,651.8,CLEAN,0.03,52.25,36.5,17.75,76,80.50,12.25
2026-07-07 02:50:00,LONG,29684.25,29651.36,29674.125,LOW,3,594.4,CLEAN,-0.10,41,-13,-11.5,-39.25,59.75,61.75
2026-07-07 03:50:00,LONG,29671.25,29657.86,29688.5,LOW,3,594.4,CLEAN,0.57,31,1.5,-15.5,-53.75,38.00,80.00
2026-07-10 03:10:00,LONG,29813.25,29786.14,29813,LOW,3,493.2,CLEAN,-0.57,-16.5,-16.5,-17.75,61.25,64.75,96.00
2026-07-10 03:30:00,LONG,29810,29780.64,29807.875,LOW,3,493.2,CLEAN,-0.09,-53.75,-37.5,15,26.75,77.75,92.75
2026-07-10 05:30:00,LONG,29825,29786.89,29810.875,LOW,3,493.2,CLEAN,-0.12,5.75,29,11.75,77.75,96.25,53.75
2026-07-13 04:30:00,LONG,29717,29694.51,29722.875,LOW,1,486.8,CLEAN,0.37,9.5,43.25,22.5,-44.25,82.75,59.00
2026-07-15 06:05:00,SHORT,29927,29955.53,29930.125,HIGH,2,476.4,CLEAN,-0.73,10.5,-8.75,36,66,172.50,72.75
2026-07-15 06:55:00,SHORT,29927.25,29943.78,29916.875,HIGH,1,476.4,CLEAN,-0.62,5.75,14.75,-52.75,296.5,390.50,72.50
2026-07-15 07:20:00,SHORT,29926.5,29952.03,29931,HIGH,2,476.4,CLEAN,-0.72,16,60,-22.75,344.5,400.00,73.25
2026-07-15 07:40:00,SHORT,29928.25,29951.53,29926.75,HIGH,2,476.4,CLEAN,-0.72,47.25,-23.25,95,312.5,401.75,71.50
2026-07-15 08:00:00,SHORT,29902.75,29937.53,29914.5,HIGH,1,476.4,CLEAN,-0.52,-40.5,-84.5,58.5,370,386.75,97.00
2026-08-03 01:50:00,SHORT,28621.75,28659.07,28633.375,HIGH,1,465.8,CLEAN,-0.50,-9.75,25.25,51.5,79.25,150.00,39.25
2026-08-03 02:30:00,SHORT,28638,28661.32,28635.25,HIGH,1,465.8,CLEAN,-0.26,39,32.5,154.75,115.5,166.25,3.75
2026-08-05 02:50:00,SHORT,29952.25,29972.92,29948.75,HIGH,3,496.1,CLEAN,-0.69,23.5,57.75,127.5,94.5,154.50,34.75
2026-08-10 01:20:00,SHORT,29923,29933.40,29910.5,HIGH,1,494.8,CLEAN,-0.11,-1.5,-5.25,-25,-53.5,36.75,61.00
2026-08-10 01:40:00,SHORT,29905.5,29934.40,29914,HIGH,1,494.8,CLEAN,-0.67,-50.75,-11.75,-60,-39.5,19.25,78.50
2026-08-10 02:45:00,SHORT,29913.5,29935.15,29916.125,HIGH,1,494.8,CLEAN,-0.51,-17.5,-25.25,-40.75,-5.25,27.25,70.50
2026-08-10 03:05:00,SHORT,29911.25,29933.40,29913,HIGH,1,494.8,CLEAN,-0.43,-53,-51.25,-65.75,35.25,37.25,72.75
2026-08-10 19:20:00,LONG,29710.25,29691.35,29717.125,LOW,1,494.8,CLEAN,0.57,-12.25,32.25,123.25,131,134.25,44.25
2026-08-10 19:40:00,LONG,29714.25,29692.60,29709.75,LOW,1,494.8,CLEAN,-0.56,34.5,64,108.25,117.5,133.25,48.25
2026-08-11 20:30:00,LONG,29667.5,29628.78,29657.25,LOW,1,485.9,CLEAN,-0.73,7.75,-20,20.25,19.5,42.50,28.00
2026-08-11 20:50:00,LONG,29660.25,29642.28,29666,LOW,2,485.9,CLEAN,-1.01,-13.5,10.75,39.75,51.5,54.25,20.75
2026-08-11 21:10:00,LONG,29674.75,29650.28,29670.5,LOW,2,485.9,CLEAN,-0.98,3.25,-16.75,30.5,10.25,40.75,35.25
2026-08-11 21:30:00,LONG,29647.5,29629.78,29657.625,LOW,1,485.9,CLEAN,-0.81,14,40.25,51.25,56.5,68.00,0.75
2026-08-11 21:50:00,LONG,29671,29637.03,29665.125,LOW,1,485.9,CLEAN,-0.70,-13,29,16.75,42.5,44.50,24.25
2026-08-11 22:10:00,LONG,29658,29637.03,29659,LOW,1,485.9,CLEAN,-0.66,30.25,47.25,39.5,55.75,66.25,3.75
2026-08-11 22:35:00,LONG,29687.75,29648.03,29675.5,LOW,2,485.9,CLEAN,-0.61,11.5,8,8.5,36.25,42.50,19.50
2026-08-12 02:05:00,LONG,29721.25,29690.80,29712.375,LOW,1,485.0,CLEAN,-0.45,2.75,22.25,46.5,103.75,127.00,23.00
2026-08-12 02:35:00,LONG,29724,29688.55,29714.25,LOW,1,485.0,CLEAN,-1.00,19.5,15.5,51.75,112.75,124.25,14.50
2026-08-12 02:55:00,LONG,29736.75,29699.80,29723.375,LOW,1,485.0,CLEAN,0.04,2.5,14.75,57,77.75,111.50,9.25
2026-08-14 08:00:00,SHORT,30262.75,30289.51,30265.125,HIGH,4,462.9,CLEAN,0.11,-9.5,-7.5,8.5,188.25,234.25,20.25
2026-08-17 02:00:00,SHORT,30290.5,30300.87,30276.625,HIGH,5,443.4,COILED,1.11,-16,-20.75,-23.25,5.25,29.50,41.00
2026-08-17 02:20:00,SHORT,30286.5,30303.87,30283.5,HIGH,3,443.4,CLEAN,-0.29,-29.75,15.5,-28.25,-0.5,25.50,45.00
2026-08-17 05:20:00,SHORT,30273.75,30307.62,30285.125,HIGH,2,443.4,CLEAN,-0.61,-12.5,-13.25,-27.5,64,93.75,69.25
2026-08-17 05:40:00,SHORT,30282.75,30292.12,30275.5,HIGH,5,443.4,CLEAN,-0.65,-12.75,-27.75,-21.75,86.25,117.25,60.25
2026-08-17 06:00:00,SHORT,30285.25,30300.37,30283.875,HIGH,3,443.4,CLEAN,-0.85,-12.5,-26,35.75,78.5,119.75,57.75
2026-08-19 18:55:00,SHORT,29649.5,29662.87,29641.375,HIGH,1,431.0,COILED,1.97,-1.75,21,-20.25,19.25,68.00,40.25
2026-08-20 00:20:00,SHORT,29638.75,29664.73,29645,HIGH,2,436.7,CLEAN,-0.26,17.25,6,-16.75,131,134.25,47.75
2026-08-20 02:00:00,SHORT,29631,29641.48,29616.25,HIGH,1,436.7,CLEAN,-0.55,-45.25,-21.25,71.25,98.25,178.25,55.50
2026-08-24 04:55:00,LONG,29215,29201.10,29224.75,LOW,2,420.1,CLEAN,-0.04,-4.5,16.5,-30.25,-9,68.00,69.25
2026-08-24 05:30:00,LONG,29225.25,29199.85,29221.875,LOW,2,420.1,CLEAN,-0.20,19,11.5,-3.75,-112.5,57.75,142.00
2026-08-24 06:25:00,LONG,29209.25,29195.85,29220.125,LOW,2,420.1,CLEAN,0.42,-24.5,-26.25,20.75,-197,73.75,262.50
2026-08-24 08:20:00,LONG,29225.25,29195.10,29219.625,LOW,2,420.1,CLEAN,-0.37,-7,-28.25,-223.5,-20.75,17.75,278.50
2026-08-24 18:25:00,LONG,29126.75,29111.60,29125,LOW,1,420.1,CLEAN,-0.74,-5.75,-20,-47.25,19.25,28.75,109.75
2026-08-24 18:45:00,LONG,29116.75,29105.10,29121.75,LOW,1,420.1,CLEAN,-0.70,1.25,-32.25,0.25,3.25,51.50,99.75
2026-08-24 19:05:00,LONG,29124.25,29103.10,29118.5,LOW,2,420.1,CLEAN,-0.47,-30.75,-62,13,28,44.00,107.25
2026-08-24 19:25:00,LONG,29106.75,29097.35,29117,LOW,3,420.1,CLEAN,-0.31,-10.5,-27.25,8.25,68.25,69.50,89.75
2026-08-25 22:10:00,LONG,29143.25,29111.23,29131.875,LOW,1,401.1,CLEAN,0.10,73.75,88.25,129.75,73.75,140.00,2.75
2026-08-27 21:10:00,SHORT,29661,29677.50,29656.125,HIGH,1,362.5,CLEAN,-0.70,6.25,-31.75,-33.5,37.25,40.25,46.00
2026-08-27 22:55:00,SHORT,29663.75,29677.50,29657.5,HIGH,1,362.5,CLEAN,0.24,-36.5,-4.5,22,18.5,69.25,43.25
2026-08-28 00:15:00,SHORT,29662,29677.55,29657.125,HIGH,1,352.4,CLEAN,0.09,18,44.25,49.75,75.25,83.75,3.75
2026-08-28 00:35:00,SHORT,29646.75,29672.80,29653.375,HIGH,2,352.4,CLEAN,-0.31,19.5,39.25,36,21.5,68.50,6.75
2026-08-31 08:00:00,LONG,29440.75,29418.47,29437.125,LOW,3,338.8,CLEAN,-0.52,-16,-54.5,-37.5,-70.75,76.00,85.75
2026-08-31 18:00:00,SHORT,29506.25,29529.28,29512,HIGH,6,338.8,CLEAN,-0.67,0.75,14,5.25,9.5,31.25,15.50
2026-09-02 00:10:00,LONG,29047.25,29029.62,29045.875,LOW,3,293.8,CLEAN,-0.09,6.75,19,2,26.5,73.50,30.75
2026-09-03 05:15:00,SHORT,29212.25,29231.34,29214.875,HIGH,2,279.5,CLEAN,-0.41,58.25,84.25,44.5,6.25,111.25,46.50
2026-09-08 18:40:00,LONG,29527.5,29510.64,29523,LOW,1,267.9,CLEAN,-0.67,4,-21.25,10.25,93.25,97.25,37.75
2026-09-08 19:30:00,LONG,29513.75,29507.64,29522.125,LOW,1,267.9,CLEAN,-0.04,31.75,8.5,81,77.5,111.75,24.00