Setup|Regime|Trades|PnL|EV|AvgTarget|AvgStop
OR_LOW_FADE_SHORT|Edge|23|493.40|21.45|37.2|55.0
PD_VAH_FADE_SHORT|Middle 50%|51|-1073.00|-21.04|39.4|67.0
PD_VAH_FADE_SHORT|Edge|88|2883.00|32.76|39.2|67.4
OR_MID_AFTER_IB_FADE_LONG|Middle 50%|42|36.00|0.86|30.9|59.3
OR_MID_AFTER_IB_FADE_LONG|Edge|75|-433.00|-5.77|30.6|61.3
IB_LOW_FADE_LONG|Middle 50%|88|-88.08|-1.00|34.4|68.3
IB_LOW_FADE_LONG|Edge|148|-1563.92|-10.57|34.1|67.0
IB_HIGH_FADE_SHORT|Middle 50%|88|1834.84|20.85|30.5|52.4
IB_HIGH_FADE_SHORT|Edge|196|562.04|2.87|30.6|52.6
IB_BULLISH|Middle 50%|78|-6155.00|-78.91|128.9|122.7
IB_BULLISH|Edge|94|2730.00|29.04|83.7|97.7
IB_BEARISH|Middle 50%|63|5460.00|86.67|148.7|145.8
IB_BEARISH|Edge|185|-529.00|-2.86|103.7|95.7
OR_LOW_FADE_LONG|Middle 50%|112|2272.92|20.29|36.3|69.4
OR_LOW_FADE_LONG|Edge|211|-1453.36|-6.89|36.1|69.4
VWAP_MAGNET_SHORT|Middle 50%|254|102.00|0.40|20.0|30.0
VWAP_MAGNET_SHORT|Edge|351|828.00|2.36|19.1|28.6
OR_HIGH_FADE_SHORT|Middle 50%|101|1296.00|12.83|41.4|75.4
OR_HIGH_FADE_SHORT|Edge|218|-3445.00|-15.80|41.2|75.7
MONTHLY_OPEN_FADE_LONG|Middle 50%|22|2854.24|129.74|68.4|92.6
MONTHLY_OPEN_FADE_LONG|Edge|28|1635.68|58.42|68.4|92.6
WEEKLY_OPEN_FADE_LONG|Middle 50%|29|265.76|9.16|60.1|100.2
WEEKLY_OPEN_FADE_LONG|Edge|59|4140.68|70.18|60.1|100.2
ONL_FADE_LONG|Middle 50%|82|-3011.56|-36.73|57.0|118.0
ONL_FADE_LONG|Edge|135|-338.20|-2.51|57.4|118.5
ONH_FADE_SHORT|Middle 50%|78|7154.00|91.72|57.8|94.0
ONH_FADE_SHORT|Edge|150|1757.00|11.71|57.8|94.0
ONL_FADE_SHORT|Edge|24|-301.60|-12.57|56.4|116.2
CAM_R3_FADE_SHORT|Middle 50%|50|-1325.88|-26.52|39.3|78.1
CAM_R3_FADE_SHORT|Edge|105|2213.96|21.09|39.3|78.1
PD_SESSION_MID_FADE_LONG|Middle 50%|42|-1542.00|-36.71|48.5|82.3
PD_SESSION_MID_FADE_LONG|Edge|83|275.00|3.31|48.6|82.4
OPEN_DRIVE_LONG|Middle 50%|23|-2232.00|-97.04|81.4|71.4
OPEN_DRIVE_LONG|Edge|38|1114.00|29.32|58.6|53.0
WEEKLY_VWAP_FADE_SHORT|Middle 50%|58|841.20|14.50|41.0|67.3
WEEKLY_VWAP_FADE_SHORT|Edge|91|-3352.40|-36.84|41.1|67.4
PD_IB_MID_FADE_LONG|Middle 50%|40|-50.00|-1.25|29.1|56.3
PD_IB_MID_FADE_LONG|Edge|71|-578.00|-8.14|29.4|56.3
CAM_S2_FADE_SHORT|Middle 50%|31|863.00|27.84|41.9|71.6
CAM_S2_FADE_SHORT|Edge|47|34.00|0.72|42.5|71.6
PD_SESSION_MID_FADE_SHORT|Middle 50%|37|2734.00|73.89|48.5|82.1
PD_SESSION_MID_FADE_SHORT|Edge|55|83.00|1.51|48.7|82.2
CAM_R1_FADE_LONG|Middle 50%|35|-2288.52|-65.39|37.1|65.9
CAM_R1_FADE_LONG|Edge|85|-1175.12|-13.82|37.2|65.9
IB_MID_SCALP_FADE_SHORT|Middle 50%|53|262.20|4.95|30.2|56.5
IB_MID_SCALP_FADE_SHORT|Edge|108|-1039.60|-9.63|30.0|55.9
WR1_FADE_SHORT|Edge|42|-383.80|-9.14|38.5|61.6
CAM_S4_FADE_LONG|Middle 50%|43|-4559.08|-106.03|40.7|86.9
CAM_S4_FADE_LONG|Edge|85|2485.56|29.24|40.9|87.5
CAM_S1_FADE_SHORT|Middle 50%|42|654.20|15.58|40.6|76.4
CAM_S1_FADE_SHORT|Edge|58|-929.80|-16.03|41.0|76.5
CAM_R2_FADE_SHORT|Middle 50%|50|2824.00|56.48|37.5|69.5
CAM_R2_FADE_SHORT|Edge|92|-246.00|-2.67|37.5|69.5
CAM_R4_FADE_SHORT|Middle 50%|38|-1806.48|-47.54|40.4|85.4
CAM_R4_FADE_SHORT|Edge|91|-1146.00|-12.59|40.4|85.4
FLOOR_R1_FADE_SHORT|Middle 50%|46|1210.12|26.31|33.5|68.7
FLOOR_R1_FADE_SHORT|Edge|101|468.76|4.64|33.4|68.5
FLOOR_S1_FADE_SHORT|Edge|23|280.00|12.17|45.0|74.2
PD_VAL_FADE_SHORT|Middle 50%|35|1460.00|41.71|46.8|81.8
PD_VAL_FADE_SHORT|Edge|45|610.00|13.56|46.7|82.3
PD_IB_MID_FADE_SHORT|Middle 50%|29|278.00|9.59|29.4|55.9
PD_IB_MID_FADE_SHORT|Edge|62|1322.00|21.32|29.4|56.3
CAM_R1_FADE_SHORT|Middle 50%|46|-1100.88|-23.93|37.2|65.9
CAM_R1_FADE_SHORT|Edge|75|-719.16|-9.59|37.2|65.9
PD_OR_MID_FADE_LONG|Middle 50%|36|-61.76|-1.72|44.4|76.7
PD_OR_MID_FADE_LONG|Edge|65|-1930.00|-29.69|45.0|77.9
WEEKLY_VWAP_FADE_LONG|Middle 50%|46|-1212.00|-26.35|41.0|67.3
WEEKLY_VWAP_FADE_LONG|Edge|113|-3289.40|-29.11|41.1|67.4
5D_OR_MID_FADE_LONG|Middle 50%|23|373.00|16.22|31.6|58.5
5D_OR_MID_FADE_LONG|Edge|47|927.00|19.72|30.3|62.0
PD_IB_LOW_FADE_SHORT|Middle 50%|25|894.80|35.79|41.5|67.4
PD_IB_LOW_FADE_SHORT|Edge|47|-1284.80|-27.34|41.8|67.6
CAM_S4_FADE_SHORT|Edge|24|-677.72|-28.24|41.8|86.7
TRT_LONG|Edge|32|1671.00|52.22|120.9|93.2
PD_OR_MID_FADE_SHORT|Middle 50%|37|1288.32|34.82|45.5|75.9
PD_OR_MID_FADE_SHORT|Edge|56|-265.84|-4.75|45.1|78.2
FLOOR_PIVOT_FADE_SHORT|Middle 50%|42|1944.40|46.30|51.0|76.9
FLOOR_PIVOT_FADE_SHORT|Edge|61|240.80|3.95|50.6|77.4
FLOOR_PIVOT_FADE_LONG|Middle 50%|46|-2503.20|-54.42|50.3|77.6
FLOOR_PIVOT_FADE_LONG|Edge|89|2559.72|28.76|50.3|77.7
PD_VAL_FADE_LONG|Middle 50%|52|-3291.00|-63.29|47.5|83.5
PD_VAL_FADE_LONG|Edge|96|500.00|5.21|47.2|83.3
CAM_S1_FADE_LONG|Middle 50%|47|51.96|1.11|40.6|76.4
CAM_S1_FADE_LONG|Edge|97|-2108.52|-21.74|40.8|76.5
CAM_S3_FADE_LONG|Middle 50%|57|783.60|13.75|40.3|92.4
CAM_S3_FADE_LONG|Edge|99|1854.52|18.73|40.6|90.5
PD_IB_LOW_FADE_LONG|Middle 50%|41|-1725.60|-42.09|41.3|67.3
PD_IB_LOW_FADE_LONG|Edge|61|-484.00|-7.93|41.4|67.4
PD_IB_HIGH_FADE_SHORT|Middle 50%|37|2842.80|76.83|40.4|79.8
PD_IB_HIGH_FADE_SHORT|Edge|68|-644.40|-9.48|40.2|81.0
FLOOR_S1_FADE_LONG|Middle 50%|41|-3476.00|-84.78|44.5|75.0
FLOOR_S1_FADE_LONG|Edge|79|1250.00|15.82|44.5|75.0
OPEN_TEST_DRIVE_SHORT|Middle 50%|35|327.00|9.34|234.5|98.8
OPEN_TEST_DRIVE_SHORT|Edge|71|-3451.00|-48.61|165.7|69.2
OR_MID_AFTER_IB_FADE_SHORT|Middle 50%|49|-363.00|-7.41|30.6|61.3
OR_MID_AFTER_IB_FADE_SHORT|Edge|93|-906.00|-9.74|30.5|61.0
PD_VAH_FADE_LONG|Middle 50%|35|745.00|21.29|39.1|65.7
PD_VAH_FADE_LONG|Edge|73|-629.00|-8.62|39.0|66.8
WPP_FADE_LONG|Middle 50%|27|-305.16|-11.30|33.3|78.6
WPP_FADE_LONG|Edge|37|1714.36|46.33|33.3|78.6
CAM_S2_FADE_LONG|Middle 50%|58|972.00|16.76|41.8|71.5
CAM_S2_FADE_LONG|Edge|99|3156.00|31.88|41.8|71.5
PD_POC_FADE_LONG|Middle 50%|54|-2680.40|-49.64|42.9|71.5
PD_POC_FADE_LONG|Edge|93|1059.96|11.40|43.4|72.8
WS1_FADE_LONG|Edge|22|-1371.48|-62.34|42.2|63.0
TRT_SHORT|Edge|32|1919.00|59.97|179.6|80.0
WPP_FADE_SHORT|Middle 50%|24|-119.64|-4.98|33.3|78.6
WPP_FADE_SHORT|Edge|27|142.36|5.27|33.3|78.6
IB_MID_SCALP_FADE_LONG|Middle 50%|67|-1565.00|-23.36|29.6|55.9
IB_MID_SCALP_FADE_LONG|Edge|100|2539.20|25.39|29.6|56.1
PD_POC_FADE_SHORT|Middle 50%|48|-1357.52|-28.28|42.4|72.6
PD_POC_FADE_SHORT|Edge|80|-1243.32|-15.54|43.3|73.0
GLOBEX_VWAP_MAGNET_LONG|Middle 50%|1520|-2210.00|-1.45|20.0|30.0
GLOBEX_VWAP_MAGNET_LONG|Edge|1534|-8741.00|-5.70|19.1|28.4
FLOOR_R1_FADE_LONG|Edge|42|156.52|3.73|33.7|68.8
PD_IB_HIGH_FADE_LONG|Middle 50%|26|82.80|3.18|41.6|81.2
PD_IB_HIGH_FADE_LONG|Edge|63|-350.40|-5.56|40.2|81.2
VWAP_MAGNET_LONG|Middle 50%|642|686.00|1.07|20.0|30.0
VWAP_MAGNET_LONG|Edge|598|-3682.00|-6.16|17.3|25.9
CAM_R4_FADE_LONG|Edge|24|-995.36|-41.47|40.4|85.4
MR1_FADE_SHORT|Edge|21|-46.44|-2.21|40.6|56.1
CAM_S3_FADE_SHORT|Edge|36|1146.20|31.84|41.1|90.9
CAM_R3_FADE_LONG|Middle 50%|21|1376.92|65.57|39.3|78.1
CAM_R3_FADE_LONG|Edge|57|-2262.96|-39.70|39.3|78.2
CAM_R2_FADE_LONG|Middle 50%|29|-1700.00|-58.62|37.5|69.5
CAM_R2_FADE_LONG|Edge|69|-530.00|-7.68|37.5|69.5
OPEN_TEST_DRIVE_LONG|Middle 50%|46|-3798.00|-82.57|263.4|122.5
OPEN_TEST_DRIVE_LONG|Edge|67|-2878.00|-42.96|129.0|75.4
BRACKET_BREAKOUT_LONG|Edge|59|4602.00|78.00|238.3|116.6
VALUE_AREA_RESPONSIVE_LONG|Middle 50%|22|1357.00|61.68|146.8|16.1
VALUE_AREA_RESPONSIVE_LONG|Edge|43|496.00|11.53|69.3|15.4
C_STANDALONE_DOWN|Middle 50%|59|4206.00|71.29|201.5|115.9
C_STANDALONE_DOWN|Edge|130|-3706.00|-28.51|168.0|78.3
OPEN_DRIVE_SHORT|Edge|33|337.00|10.21|50.1|47.3
WR1_FADE_LONG|Edge|28|-301.72|-10.78|38.5|61.6
GLOBEX_VWAP_MAGNET_SHORT|Middle 50%|672|3078.00|4.58|20.0|30.0
GLOBEX_VWAP_MAGNET_SHORT|Edge|896|479.20|0.53|19.4|28.2
C_STANDALONE_UP|Middle 50%|72|-15827.00|-219.82|226.0|172.6
C_STANDALONE_UP|Edge|124|-2340.00|-18.87|94.0|82.0
5D_OR_MID_FADE_SHORT|Middle 50%|34|1282.00|37.71|30.9|55.0
5D_OR_MID_FADE_SHORT|Edge|29|-358.00|-12.34|30.3|62.0
FLOOR_R2_FADE_SHORT|Middle 50%|25|2220.00|88.80|46.0|72.8
FLOOR_R2_FADE_SHORT|Edge|68|-1801.00|-26.49|45.8|74.3
VALUE_AREA_RESPONSIVE_SHORT|Middle 50%|29|1904.00|65.66|192.2|18.0
VALUE_AREA_RESPONSIVE_SHORT|Edge|56|1790.00|31.96|126.1|18.7
STOP_SWEEP_LONG|Edge|24|449.00|18.71|0.0|0.0
FLOOR_R3_FADE_SHORT|Edge|31|1246.84|40.22|45.3|55.6
FLOOR_S2_FADE_LONG|Middle 50%|33|-2196.76|-66.57|62.4|130.5
FLOOR_S2_FADE_LONG|Edge|40|-1026.76|-25.67|63.1|131.7
10D_IB_MID_FADE_SHORT|Middle 50%|24|1999.00|83.29|66.8|139.3
10D_IB_MID_FADE_SHORT|Edge|20|-165.00|-8.25|67.8|142.3
PW_VAH_FADE_LONG|Edge|47|1471.00|31.30|40.8|101.8
PD_CLOSE_FADE_LONG|Middle 50%|46|-2835.00|-61.63|51.5|119.0
PD_CLOSE_FADE_LONG|Edge|85|44.00|0.52|51.8|120.0
PW_POC_FADE_LONG|Middle 50%|28|-803.00|-28.68|55.3|116.8
PW_POC_FADE_LONG|Edge|30|-969.00|-32.30|55.8|118.5
DAILY_OPEN_FADE_SHORT|Middle 50%|58|-808.00|-13.93|64.5|112.0
DAILY_OPEN_FADE_SHORT|Edge|112|-1678.00|-14.98|64.5|112.0
PD_LOW_FADE_LONG|Middle 50%|49|-4337.92|-88.53|62.0|142.4
PD_LOW_FADE_LONG|Edge|68|-867.92|-12.76|62.5|143.8
PD_CLOSE_FADE_SHORT|Middle 50%|42|2938.00|69.95|51.5|118.9
PD_CLOSE_FADE_SHORT|Edge|63|-384.00|-6.10|51.9|119.5
10D_IB_MID_FADE_LONG|Middle 50%|20|-2275.00|-113.75|66.6|138.9
10D_IB_MID_FADE_LONG|Edge|27|1449.00|53.67|67.8|142.3
PW_VAL_FADE_LONG|Middle 50%|27|-1436.00|-53.19|68.5|105.1
PW_VAL_FADE_LONG|Edge|27|2780.00|102.96|69.3|108.0
PW_LOW_FADE_LONG|Middle 50%|22|-1690.00|-76.82|74.6|125.0
PW_LOW_FADE_LONG|Edge|21|-623.00|-29.67|74.6|124.8
MONTHLY_OPEN_FADE_SHORT|Edge|24|-365.96|-15.25|68.4|92.6
WEEKLY_OPEN_FADE_SHORT|Middle 50%|20|1086.96|54.35|60.1|100.2
WEEKLY_OPEN_FADE_SHORT|Edge|48|2412.44|50.26|60.1|100.2
PD_HIGH_FADE_SHORT|Middle 50%|38|2910.48|76.59|44.9|100.1
PD_HIGH_FADE_SHORT|Edge|82|622.04|7.59|45.2|99.5
PD_LOW_FADE_SHORT|Edge|26|-373.60|-14.37|62.9|143.5
DAILY_OPEN_FADE_LONG|Middle 50%|66|2600.00|39.39|64.1|111.7
DAILY_OPEN_FADE_LONG|Edge|108|3722.00|34.46|64.5|112.0
PM_VAL_FADE_SHORT|Middle 50%|20|1520.00|76.00|68.8|109.3
PD_HIGH_FADE_LONG|Edge|72|-2541.76|-35.30|44.9|100.3
PW_VAH_FADE_SHORT|Middle 50%|22|1027.00|46.68|40.8|101.8
PW_VAH_FADE_SHORT|Edge|36|-213.00|-5.92|40.8|101.8
PW_HIGH_FADE_SHORT|Edge|48|-3525.00|-73.44|44.0|73.8
PM_HIGH_FADE_SHORT|Edge|30|2409.84|80.33|63.0|72.6
PM_HIGH_FADE_LONG|Edge|30|2659.84|88.66|63.0|72.6
ONH_FADE_LONG|Edge|20|-734.00|-36.70|57.8|94.0
PW_HIGH_FADE_LONG|Edge|34|2742.00|80.65|44.0|73.8
PM_VAH_FADE_LONG|Edge|20|-1068.00|-53.40|64.8|120.3
FLOOR_S3_FADE_LONG|Edge|27|2051.84|75.99|76.4|110.5
RTH_VWAP_FADE_LONG|Middle 50%|74|-946.00|-12.78|40.0|90.0
RTH_VWAP_FADE_LONG|Edge|153|-2680.00|-17.52|40.1|90.2
RTH_VWAP_FADE_SHORT|Middle 50%|71|-176.00|-2.48|40.0|90.0
RTH_VWAP_FADE_SHORT|Edge|139|-1330.00|-9.57|40.2|90.1
MONTHLY_VWAP_FADE_SHORT|Middle 50%|42|4784.00|113.90|300.0|300.0
MONTHLY_VWAP_FADE_SHORT|Edge|38|4792.00|126.11|300.0|300.0
MONTHLY_VWAP_FADE_LONG|Middle 50%|39|-4820.00|-123.59|300.0|300.0
MONTHLY_VWAP_FADE_LONG|Edge|57|-8414.00|-147.61|300.0|300.0
GLOBEX_VWAP_FADE_SHORT|Middle 50%|79|1924.00|24.35|38.7|82.9
GLOBEX_VWAP_FADE_SHORT|Edge|143|-4840.00|-33.85|38.2|81.7
GLOBEX_VWAP_FADE_LONG|Middle 50%|67|-572.00|-8.54|37.9|82.7
GLOBEX_VWAP_FADE_LONG|Edge|145|3308.00|22.81|37.5|82.2
