Date,Entry_Time,Exit_Time,Direction,Level_Name,Level_Price,Entry_Price,Exit_Price,Result,PnL
2025-08-01,12:31:00,12:34:00,LONG,DAILY_OPEN,23087.5,23088.0,23077.0,STRUCTURAL_TRAILING_EXIT,-22.0
2025-08-01,13:26:00,13:31:00,LONG,OR5_MID,23048,23054.75,23040.75,STRUCTURAL_TRAILING_EXIT,-28.0
2025-08-01,13:35:00,13:37:00,LONG,FLOOR_S2,23026,23013.0,22985.5,STRUCTURAL_TRAILING_EXIT,-55.0
2025-08-04,13:57:00,14:04:00,LONG,3M_POC,23213.75,23217.5,23240.0,STRUCTURAL_TRAILING_EXIT,45.0
2025-08-04,14:51:00,15:01:00,LONG,3M_POC,23213.75,23216.75,23196.25,STRUCTURAL_TRAILING_EXIT,-41.0
2025-08-04,17:48:00,17:55:00,LONG,RTH_VWAP,23237.0022,23243.5,23265.25,STRUCTURAL_TRAILING_EXIT,43.5
2025-08-05,12:20:00,12:27:00,LONG,FLOOR_R1,23371.5,23371.0,23362.5,STRUCTURAL_TRAILING_EXIT,-17.0
2025-08-05,13:35:00,13:50:00,LONG,PD_HIGH,23307.25,23308.75,23381.25,STRUCTURAL_TRAILING_EXIT,145.0
2025-08-05,13:51:00,13:56:00,LONG,FLOOR_R1,23371.5,23368.5,23374.75,STRUCTURAL_TRAILING_EXIT,12.5
2025-08-06,13:37:00,13:40:00,LONG,CAM_R1,23159.75,23164.5,23160.75,STRUCTURAL_TRAILING_EXIT,-7.5
2025-08-06,13:40:00,13:41:00,LONG,CAM_R1,23159.75,23160.75,23149.0,STRUCTURAL_TRAILING_EXIT,-23.5
2025-08-06,13:50:00,13:51:00,LONG,CAM_R3,23211.75,23217.75,23194.75,STRUCTURAL_TRAILING_EXIT,-46.0
2025-08-07,13:37:00,13:43:00,LONG,CAM_R4,23588,23599.25,23608.5,STRUCTURAL_TRAILING_EXIT,18.5
2025-08-07,13:43:00,13:44:00,LONG,OR5_MID,23606.75,23608.5,23603.0,STRUCTURAL_TRAILING_EXIT,-11.0
2025-08-07,13:44:00,13:46:00,LONG,CAM_R4,23588,23603.0,23580.75,STRUCTURAL_TRAILING_EXIT,-44.5
2025-08-08,13:35:00,13:50:00,LONG,OR5_MID,23552.625,23546.75,23628.5,STRUCTURAL_TRAILING_EXIT,163.5
2025-08-08,14:02:00,14:07:00,SHORT,PW_VAH,23658.5,23650.0,23662.25,STRUCTURAL_TRAILING_EXIT,-24.5
2025-08-08,14:12:00,14:13:00,LONG,RTH_VWAP,23666.897,23655.5,23646.75,STRUCTURAL_TRAILING_EXIT,-17.5
2025-08-11,13:46:00,13:54:00,LONG,WEEKLY_VWAP,23713.4615,23717.5,23709.5,STRUCTURAL_TRAILING_EXIT,-16.0
2025-08-11,13:54:00,14:04:00,LONG,WEEKLY_VWAP,23713.4615,23709.5,23735.0,STRUCTURAL_TRAILING_EXIT,51.0
2025-08-11,14:48:00,14:49:00,LONG,PW_HIGH,23724,23730.25,23723.25,STRUCTURAL_TRAILING_EXIT,-14.0
2025-08-12,12:32:00,12:35:00,SHORT,PD_VAH,23765.5,23753.25,23758.25,STRUCTURAL_TRAILING_EXIT,-10.0
2025-08-12,12:41:00,12:48:00,SHORT,PD_HIGH,23804.5,23812.0,23794.25,STRUCTURAL_TRAILING_EXIT,35.5
2025-08-12,13:37:00,13:45:00,LONG,PD_VAH,23765.5,23763.25,23737.0,STRUCTURAL_TRAILING_EXIT,-52.5
2025-08-13,13:38:00,13:43:00,LONG,ONH,24046.75,24051.0,24038.75,STRUCTURAL_TRAILING_EXIT,-24.5
2025-08-13,13:43:00,13:46:00,LONG,ONH,24046.75,24038.75,24032.5,STRUCTURAL_TRAILING_EXIT,-12.5
2025-08-13,13:46:00,13:56:00,LONG,ONH,24046.75,24032.5,24016.25,STRUCTURAL_TRAILING_EXIT,-32.5
2025-08-14,12:31:00,12:34:00,LONG,MR1,23876.5,23863.25,23838.75,STRUCTURAL_TRAILING_EXIT,-49.0
2025-08-14,13:41:00,13:44:00,LONG,OR5_HIGH,23908,23900.25,23904.25,STRUCTURAL_TRAILING_EXIT,8.0
2025-08-14,13:54:00,13:55:00,LONG,PD_POC,23933,23932.25,23919.0,STRUCTURAL_TRAILING_EXIT,-26.5
2025-08-15,13:41:00,13:42:00,LONG,PD_LOW,23841.25,23851.5,23837.25,STRUCTURAL_TRAILING_EXIT,-28.5
2025-08-15,13:46:00,13:48:00,LONG,RTH_VWAP,23814.5765,23814.25,23805.75,STRUCTURAL_TRAILING_EXIT,-17.0
2025-08-15,13:48:00,13:49:00,LONG,RTH_VWAP,23814.5765,23805.75,23800.75,STRUCTURAL_TRAILING_EXIT,-10.0
2025-08-18,13:52:00,13:53:00,LONG,PW_VAL,23759.25,23752.0,23746.25,STRUCTURAL_TRAILING_EXIT,-11.5
2025-08-18,13:59:00,14:09:00,LONG,ONL,23739.5,23739.5,23767.75,STRUCTURAL_TRAILING_EXIT,56.5
2025-08-18,14:29:00,14:30:00,LONG,OR5_MID,23792.625,23787.75,23776.0,STRUCTURAL_TRAILING_EXIT,-23.5
2025-08-19,13:35:00,13:44:00,LONG,OR5_LOW,23660,23667.5,23711.25,STRUCTURAL_TRAILING_EXIT,87.5
2025-08-19,13:45:00,13:46:00,LONG,IB_MID,23696.75,23682.5,23663.0,STRUCTURAL_TRAILING_EXIT,-39.0
2025-08-19,13:46:00,13:47:00,LONG,OR5_LOW,23660,23663.0,23656.0,STRUCTURAL_TRAILING_EXIT,-14.0
2025-08-20,13:35:00,13:37:00,LONG,OR5_LOW,23362,23371.0,23366.5,STRUCTURAL_TRAILING_EXIT,-9.0
2025-08-20,13:40:00,13:41:00,LONG,OR5_LOW,23362,23358.75,23348.0,STRUCTURAL_TRAILING_EXIT,-21.5
2025-08-20,13:42:00,13:45:00,LONG,WS2,23340.25,23347.5,23322.5,STRUCTURAL_TRAILING_EXIT,-50.0
2025-08-21,13:35:00,13:41:00,LONG,PD_IB_MID,23247.75,23241.75,23244.25,STRUCTURAL_TRAILING_EXIT,5.0
2025-08-21,13:41:00,13:46:00,LONG,PD_IB_MID,23247.75,23244.25,23209.0,STRUCTURAL_TRAILING_EXIT,-70.5
2025-08-21,13:46:00,13:47:00,LONG,CAM_S3,23215.5,23209.0,23180.75,STRUCTURAL_TRAILING_EXIT,-56.5
2025-08-22,13:58:00,13:59:00,LONG,PD_VAH,23271,23260.0,23252.5,STRUCTURAL_TRAILING_EXIT,-15.0
2025-08-22,14:02:00,14:05:00,LONG,MONTHLY_VWAP,23488.6747,23481.0,23486.5,STRUCTURAL_TRAILING_EXIT,11.0
2025-08-22,14:12:00,14:18:00,LONG,RTH_VWAP,23536.5573,23543.25,23604.5,STRUCTURAL_TRAILING_EXIT,122.5
2025-08-25,13:41:00,13:45:00,LONG,FLOOR_PIVOT,23474,23478.75,23480.75,STRUCTURAL_TRAILING_EXIT,4.0
2025-08-25,13:45:00,13:46:00,LONG,FLOOR_PIVOT,23474,23480.75,23450.75,STRUCTURAL_TRAILING_EXIT,-60.0
2025-08-25,13:46:00,13:52:00,LONG,IB_LOW,23443.25,23450.75,23475.75,STRUCTURAL_TRAILING_EXIT,50.0
2025-08-26,00:04:00,00:08:00,LONG,WPP,23475.25,23463.25,23468.75,STRUCTURAL_TRAILING_EXIT,11.0
2025-08-26,13:39:00,13:44:00,LONG,WPP,23475.25,23472.25,23499.5,STRUCTURAL_TRAILING_EXIT,54.5
2025-08-26,13:45:00,13:46:00,LONG,MONTHLY_VWAP,23491.2151,23497.5,23484.5,STRUCTURAL_TRAILING_EXIT,-26.0
2025-08-27,13:43:00,13:46:00,LONG,OR5_LOW,23524,23532.5,23501.5,STRUCTURAL_TRAILING_EXIT,-62.0
2025-08-27,13:46:00,13:50:00,LONG,PD_IB_MID,23487.5,23501.5,23499.5,STRUCTURAL_TRAILING_EXIT,-4.0
2025-08-27,13:50:00,13:59:00,LONG,PD_IB_MID,23487.5,23499.5,23525.25,STRUCTURAL_TRAILING_EXIT,51.5
2025-08-28,12:32:00,12:39:00,SHORT,OR5_LOW,23629.75,23629.25,23629.5,STRUCTURAL_TRAILING_EXIT,-0.5
2025-08-28,13:35:00,13:36:00,LONG,IB_HIGH,23742.25,23728.75,23693.5,STRUCTURAL_TRAILING_EXIT,-70.5
2025-08-28,13:36:00,13:42:00,LONG,OR5_MID,23686,23693.5,23701.5,STRUCTURAL_TRAILING_EXIT,16.0
2025-08-29,13:40:00,13:44:00,LONG,WEEKLY_OPEN,23602,23596.25,23592.5,STRUCTURAL_TRAILING_EXIT,-7.5
2025-08-29,13:44:00,13:46:00,LONG,WEEKLY_OPEN,23602,23592.5,23565.5,STRUCTURAL_TRAILING_EXIT,-54.0
2025-08-29,13:46:00,13:47:00,LONG,PD_LOW,23572.5,23565.5,23555.0,STRUCTURAL_TRAILING_EXIT,-21.0
2025-09-02,12:55:00,13:00:00,LONG,DAILY_OPEN,23100.25,23095.5,23095.5,STRUCTURAL_TRAILING_EXIT,0.0
2025-09-02,13:40:00,13:48:00,LONG,PM_VAL,23119,23133.25,23147.5,STRUCTURAL_TRAILING_EXIT,28.5
2025-09-02,13:48:00,13:58:00,LONG,IB_MID,23152.625,23147.5,23233.75,STRUCTURAL_TRAILING_EXIT,172.5
2025-09-03,13:35:00,13:38:00,LONG,OR5_MID,23408.5,23397.75,23380.75,STRUCTURAL_TRAILING_EXIT,-34.0
2025-09-03,13:49:00,13:54:00,LONG,FLOOR_R1,23369.5,23373.0,23401.5,STRUCTURAL_TRAILING_EXIT,57.0
2025-09-03,13:56:00,14:06:00,LONG,FLOOR_R1,23369.5,23384.0,23428.5,STRUCTURAL_TRAILING_EXIT,89.0
2025-09-04,13:37:00,13:38:00,LONG,PD_HIGH,23525.25,23516.25,23501.25,STRUCTURAL_TRAILING_EXIT,-30.0
2025-09-04,13:38:00,13:39:00,LONG,OR5_MID,23497.625,23501.25,23482.0,STRUCTURAL_TRAILING_EXIT,-38.5
2025-09-04,13:39:00,13:42:00,LONG,PD_VAH,23469.5,23482.0,23470.25,STRUCTURAL_TRAILING_EXIT,-23.5
2025-09-05,12:31:00,12:38:00,LONG,FLOOR_R1,23761.25,23746.75,23830.5,STRUCTURAL_TRAILING_EXIT,167.5
2025-09-05,13:46:00,13:53:00,LONG,3M_VAH,23834,23842.0,23846.5,STRUCTURAL_TRAILING_EXIT,9.0
2025-09-05,13:53:00,13:56:00,LONG,3M_VAH,23834,23846.5,23836.25,STRUCTURAL_TRAILING_EXIT,-20.5
2025-09-08,13:39:00,13:40:00,LONG,OR5_HIGH,23821,23807.5,23803.0,STRUCTURAL_TRAILING_EXIT,-9.0
2025-09-08,13:48:00,13:59:00,LONG,OR5_HIGH,23821,23817.0,23853.25,STRUCTURAL_TRAILING_EXIT,72.5
2025-09-08,14:02:00,14:10:00,LONG,OR5_HIGH,23821,23831.0,23854.0,STRUCTURAL_TRAILING_EXIT,46.0
2025-09-09,13:05:00,13:07:00,LONG,3M_VAH,23817.5,23807.75,23804.5,STRUCTURAL_TRAILING_EXIT,-6.5
2025-09-09,13:36:00,13:47:00,LONG,OR5_MID,23840.375,23835.75,23834.5,STRUCTURAL_TRAILING_EXIT,-2.5
2025-09-09,13:51:00,13:52:00,LONG,3M_VAH,23817.5,23819.25,23809.25,STRUCTURAL_TRAILING_EXIT,-20.0
2025-09-10,13:37:00,13:38:00,LONG,CAM_R4,23958,23953.5,23943.25,STRUCTURAL_TRAILING_EXIT,-20.5
2025-09-10,13:38:00,13:43:00,LONG,CAM_R4,23958,23943.25,23921.75,STRUCTURAL_TRAILING_EXIT,-43.0
2025-09-10,13:43:00,13:46:00,LONG,CAM_R3,23912.75,23921.75,23922.0,STRUCTURAL_TRAILING_EXIT,0.5
2025-09-11,13:37:00,13:40:00,LONG,PD_OR_MID,23966.125,23951.25,23935.0,STRUCTURAL_TRAILING_EXIT,-32.5
2025-09-11,13:40:00,13:42:00,LONG,CAM_R3,23933.5,23935.0,23923.25,STRUCTURAL_TRAILING_EXIT,-23.5
2025-09-11,13:42:00,13:43:00,LONG,IB_LOW,23909.75,23923.25,23914.75,STRUCTURAL_TRAILING_EXIT,-17.0
2025-09-12,13:36:00,13:37:00,LONG,OR5_LOW,24026.25,24021.5,24018.0,STRUCTURAL_TRAILING_EXIT,-7.0
2025-09-12,13:37:00,13:39:00,LONG,OR5_LOW,24026.25,24018.0,24007.0,STRUCTURAL_TRAILING_EXIT,-22.0
2025-09-12,13:39:00,13:49:00,LONG,IB_LOW,24001.5,24007.0,24023.0,STRUCTURAL_TRAILING_EXIT,32.0
2025-09-17,14:46:00,14:51:00,LONG,WR2,24431.5,24417.0,24412.25,STRUCTURAL_TRAILING_EXIT,-9.5
2025-09-17,18:33:00,18:40:00,LONG,PD_HIGH,24355.75,24362.75,24324.75,STRUCTURAL_TRAILING_EXIT,-76.0
2025-09-17,18:40:00,18:43:00,LONG,PD_VAH,24310.75,24324.75,24313.25,STRUCTURAL_TRAILING_EXIT,-23.0
2025-09-18,13:39:00,13:40:00,LONG,FLOOR_R3,24662.5,24676.25,24668.25,STRUCTURAL_TRAILING_EXIT,-16.0
2025-09-18,13:40:00,13:41:00,LONG,FLOOR_R3,24662.5,24668.25,24642.5,STRUCTURAL_TRAILING_EXIT,-51.5
2025-09-18,13:55:00,14:12:00,LONG,FLOOR_R3,24662.5,24660.75,24745.75,STRUCTURAL_TRAILING_EXIT,170.0
2025-09-29,19:16:00,19:30:00,LONG,FLOOR_R3,24777.25,24788.5,24808.25,STRUCTURAL_TRAILING_EXIT,39.5
2025-09-30,13:55:00,14:06:00,LONG,MR2,24732.25,24734.0,24783.0,STRUCTURAL_TRAILING_EXIT,98.0
2025-10-01,18:03:00,18:21:00,LONG,PD_LOW,24980,24982.0,25012.5,STRUCTURAL_TRAILING_EXIT,61.0
2025-10-01,20:00:00,20:01:00,LONG,PD_VAL,25000,25011.75,24998.5,STRUCTURAL_TRAILING_EXIT,-26.5
2025-10-01,20:01:00,20:09:00,LONG,PD_VAL,25000,24998.5,24995.0,STRUCTURAL_TRAILING_EXIT,-7.0
2025-10-02,13:35:00,13:37:00,LONG,CAM_S4,25108.75,25117.0,25114.25,STRUCTURAL_TRAILING_EXIT,-5.5
2025-10-02,13:38:00,13:39:00,LONG,FLOOR_S1,25080.25,25093.5,25083.75,STRUCTURAL_TRAILING_EXIT,-19.5
2025-10-02,13:39:00,13:41:00,LONG,FLOOR_S1,25080.25,25083.75,25059.5,STRUCTURAL_TRAILING_EXIT,-48.5
2025-10-03,13:42:00,13:55:00,LONG,FLOOR_S3,25118,25124.5,25137.5,STRUCTURAL_TRAILING_EXIT,26.0
2025-10-03,13:56:00,13:57:00,LONG,FLOOR_S3,25118,25122.25,25107.5,STRUCTURAL_TRAILING_EXIT,-29.5
2025-10-03,15:41:00,15:59:00,LONG,FLOOR_S3,25118,25114.0,25143.5,STRUCTURAL_TRAILING_EXIT,59.0
2025-10-06,13:40:00,13:44:00,LONG,PD_LOW,25176.25,25163.25,25126.5,STRUCTURAL_TRAILING_EXIT,-73.5
2025-10-06,13:44:00,13:49:00,LONG,CAM_S4,25113.25,25126.5,25159.75,STRUCTURAL_TRAILING_EXIT,66.5
2025-10-06,13:51:00,14:02:00,LONG,FLOOR_S1,25142.25,25148.5,25142.25,STRUCTURAL_TRAILING_EXIT,-12.5
2025-10-07,13:43:00,13:46:00,LONG,WEEKLY_OPEN,25253.25,25245.0,25234.25,STRUCTURAL_TRAILING_EXIT,-21.5
2025-10-07,14:04:00,14:14:00,LONG,PM_HIGH,25225.25,25225.0,25244.75,STRUCTURAL_TRAILING_EXIT,39.5
2025-10-07,14:28:00,14:36:00,LONG,PM_HIGH,25225.25,25211.0,25203.5,STRUCTURAL_TRAILING_EXIT,-15.0
2025-10-08,14:23:00,14:36:00,LONG,CAM_S3,25200.5,25195.75,25200.75,STRUCTURAL_TRAILING_EXIT,10.0
2025-10-08,14:36:00,14:43:00,LONG,CAM_S3,25200.5,25200.75,25203.0,STRUCTURAL_TRAILING_EXIT,4.5
2025-10-08,15:27:00,15:29:00,LONG,CAM_S1,25250.75,25240.75,25237.75,STRUCTURAL_TRAILING_EXIT,-6.0
2025-10-09,13:41:00,13:42:00,LONG,PW_VAH,25288.25,25291.25,25273.25,STRUCTURAL_TRAILING_EXIT,-36.0
2025-10-09,13:42:00,13:43:00,LONG,PW_VAH,25288.25,25273.25,25266.25,STRUCTURAL_TRAILING_EXIT,-14.0
2025-10-09,13:46:00,13:52:00,LONG,FLOOR_S2,25252.5,25262.75,25282.0,STRUCTURAL_TRAILING_EXIT,38.5
2025-10-10,13:41:00,13:50:00,LONG,FLOOR_S2,25352.25,25363.5,25355.0,STRUCTURAL_TRAILING_EXIT,-17.0
2025-10-10,13:50:00,13:51:00,LONG,FLOOR_S2,25352.25,25355.0,25340.75,STRUCTURAL_TRAILING_EXIT,-28.5
2025-10-10,13:51:00,13:52:00,LONG,FLOOR_S2,25352.25,25340.75,25328.5,STRUCTURAL_TRAILING_EXIT,-24.5
2025-10-13,13:36:00,13:42:00,LONG,CAM_R1,24720,24729.75,24731.75,STRUCTURAL_TRAILING_EXIT,4.0
2025-10-13,13:42:00,13:46:00,LONG,CAM_R1,24720,24731.75,24783.5,STRUCTURAL_TRAILING_EXIT,103.5
2025-10-13,13:49:00,13:55:00,LONG,CAM_R2,24812,24811.0,24841.0,STRUCTURAL_TRAILING_EXIT,60.0
2025-10-14,15:39:00,15:40:00,LONG,ONL,24745,24748.0,24714.0,STRUCTURAL_TRAILING_EXIT,-68.0
2025-10-14,16:57:00,17:00:00,LONG,FLOOR_S2,24889.5,24894.25,24892.25,STRUCTURAL_TRAILING_EXIT,-4.0
2025-10-14,19:41:00,19:42:00,LONG,FLOOR_S3,24803.75,24799.25,24755.75,STRUCTURAL_TRAILING_EXIT,-87.0
2025-10-15,13:35:00,13:39:00,LONG,WPP,24961,24961.0,24950.25,STRUCTURAL_TRAILING_EXIT,-21.5
2025-10-15,13:39:00,13:44:00,LONG,WPP,24961,24950.25,24939.75,STRUCTURAL_TRAILING_EXIT,-21.0
2025-10-15,13:44:00,13:48:00,LONG,FLOOR_PIVOT,24950.25,24939.75,24926.25,STRUCTURAL_TRAILING_EXIT,-27.0
2025-10-16,13:36:00,13:37:00,LONG,PW_VAL,25068.5,25075.5,25065.25,STRUCTURAL_TRAILING_EXIT,-20.5
2025-10-16,13:37:00,13:40:00,LONG,PW_VAL,25068.5,25065.25,25060.25,STRUCTURAL_TRAILING_EXIT,-10.0
2025-10-16,13:41:00,13:48:00,LONG,CAM_S3,25028.5,25040.5,25066.5,STRUCTURAL_TRAILING_EXIT,52.0
2025-10-17,13:39:00,13:40:00,LONG,CAM_S4,24766.5,24757.75,24735.75,STRUCTURAL_TRAILING_EXIT,-44.0
2025-10-17,13:57:00,14:03:00,SHORT,PD_LOW,24883.5,24885.75,24855.5,STRUCTURAL_TRAILING_EXIT,60.5
2025-10-17,14:08:00,14:10:00,LONG,FLOOR_S1,24823.25,24831.5,24820.25,STRUCTURAL_TRAILING_EXIT,-22.5
2025-10-20,14:16:00,14:18:00,LONG,PM_HIGH,25225.25,25227.75,25218.0,STRUCTURAL_TRAILING_EXIT,-19.5
2025-10-20,14:18:00,14:35:00,LONG,PM_HIGH,25225.25,25218.0,25270.75,STRUCTURAL_TRAILING_EXIT,105.5
2025-10-20,15:01:00,15:06:00,LONG,5D_OR_MID,25309,25304.5,25304.0,STRUCTURAL_TRAILING_EXIT,-1.0
2025-10-21,13:43:00,13:46:00,LONG,FLOOR_S3,25233.5,25246.5,25238.0,STRUCTURAL_TRAILING_EXIT,-17.0
2025-10-21,13:49:00,13:55:00,LONG,FLOOR_S3,25233.5,25226.0,25253.5,STRUCTURAL_TRAILING_EXIT,55.0
2025-10-21,13:56:00,13:58:00,LONG,FLOOR_S3,25233.5,25228.25,25220.75,STRUCTURAL_TRAILING_EXIT,-15.0
2025-10-22,13:35:00,13:56:00,LONG,PW_VAH,25185.25,25184.5,25268.5,STRUCTURAL_TRAILING_EXIT,168.0
2025-10-22,13:56:00,13:57:00,LONG,RTH_VWAP,25257.9756,25268.5,25259.25,STRUCTURAL_TRAILING_EXIT,-18.5
2025-10-22,14:03:00,14:10:00,LONG,RTH_VWAP,25257.9756,25253.5,25254.0,STRUCTURAL_TRAILING_EXIT,1.0
2025-10-23,13:43:00,13:58:00,LONG,PD_LOW,25053,25063.75,25155.0,STRUCTURAL_TRAILING_EXIT,182.5
2025-10-23,13:58:00,14:01:00,LONG,PD_POC,25164,25155.0,25140.5,STRUCTURAL_TRAILING_EXIT,-29.0
2025-10-23,14:05:00,14:08:00,LONG,PD_POC,25164,25156.75,25127.25,STRUCTURAL_TRAILING_EXIT,-59.0
2025-10-24,12:31:00,12:37:00,SHORT,PD_CLOSE,25496.5,25505.5,25497.75,STRUCTURAL_TRAILING_EXIT,15.5
2025-10-24,13:36:00,13:37:00,SHORT,PD_CLOSE,25496.5,25503.25,25519.5,STRUCTURAL_TRAILING_EXIT,-32.5
2025-10-24,13:49:00,13:51:00,LONG,WEEKLY_VWAP,25476.521,25487.25,25470.75,STRUCTURAL_TRAILING_EXIT,-33.0
2025-10-27,13:35:00,13:36:00,LONG,PD_HIGH,25815,25823.25,25808.5,STRUCTURAL_TRAILING_EXIT,-29.5
2025-10-27,13:36:00,13:42:00,LONG,PD_HIGH,25815,25808.5,25813.75,STRUCTURAL_TRAILING_EXIT,10.5
2025-10-27,13:51:00,14:01:00,LONG,PD_HIGH,25815,25820.25,25844.0,STRUCTURAL_TRAILING_EXIT,47.5
2025-10-28,13:36:00,13:48:00,LONG,WR1,26032.25,26045.25,26056.5,STRUCTURAL_TRAILING_EXIT,22.5
2025-10-28,13:49:00,14:03:00,LONG,WR1,26032.25,26041.0,26058.0,STRUCTURAL_TRAILING_EXIT,34.0
2025-10-28,14:32:00,14:33:00,LONG,WR1,26032.25,26034.75,26025.25,STRUCTURAL_TRAILING_EXIT,-19.0
2025-10-29,13:38:00,13:41:00,LONG,PD_LOW,26267.25,26257.75,26268.0,STRUCTURAL_TRAILING_EXIT,20.5
2025-10-29,14:04:00,14:05:00,LONG,WR2,26304.75,26303.75,26287.75,STRUCTURAL_TRAILING_EXIT,-32.0
2025-10-29,14:05:00,14:18:00,LONG,FLOOR_S1,26299.5,26287.75,26284.25,STRUCTURAL_TRAILING_EXIT,-7.0
2025-10-30,13:35:00,13:36:00,LONG,WR1,26032.25,26043.75,26024.0,STRUCTURAL_TRAILING_EXIT,-39.5
2025-10-30,14:09:00,14:10:00,LONG,FLOOR_S3,26094.5,26100.75,26092.5,STRUCTURAL_TRAILING_EXIT,-16.5
2025-10-30,14:10:00,14:11:00,LONG,FLOOR_S3,26094.5,26092.5,26072.75,STRUCTURAL_TRAILING_EXIT,-39.5
2025-10-31,13:40:00,13:42:00,LONG,PD_LOW,26137,26145.0,26130.0,STRUCTURAL_TRAILING_EXIT,-30.0
2025-10-31,13:42:00,13:43:00,LONG,PD_LOW,26137,26130.0,26121.75,STRUCTURAL_TRAILING_EXIT,-16.5
2025-10-31,13:43:00,13:44:00,LONG,CAM_S1,26109.5,26121.75,26117.25,STRUCTURAL_TRAILING_EXIT,-9.0
2025-11-03,14:02:00,14:07:00,LONG,CAM_S3,26201.5,26207.75,26220.5,STRUCTURAL_TRAILING_EXIT,25.5
2025-11-03,14:35:00,14:36:00,LONG,CAM_S2,26229.25,26234.75,26209.25,STRUCTURAL_TRAILING_EXIT,-51.0
2025-11-03,14:38:00,14:39:00,LONG,CAM_S3,26201.5,26189.75,26182.25,STRUCTURAL_TRAILING_EXIT,-15.0
2025-11-04,14:46:00,14:48:00,LONG,PM_VAH,25770.75,25762.75,25740.5,STRUCTURAL_TRAILING_EXIT,-44.5
2025-11-04,15:09:00,15:18:00,LONG,MPP,25832.25,25843.0,25847.75,STRUCTURAL_TRAILING_EXIT,9.5
2025-11-04,15:33:00,15:37:00,LONG,MPP,25832.25,25846.75,25850.25,STRUCTURAL_TRAILING_EXIT,7.0
2025-11-05,14:48:00,14:49:00,SHORT,FLOOR_S2,25587.25,25600.25,25612.75,STRUCTURAL_TRAILING_EXIT,-25.0
2025-11-06,14:52:00,14:55:00,LONG,FLOOR_S2,25582,25569.5,25554.5,STRUCTURAL_TRAILING_EXIT,-30.0
2025-11-06,15:05:00,15:09:00,LONG,FLOOR_S3,25409.5,25416.25,25439.0,STRUCTURAL_TRAILING_EXIT,45.5
2025-11-07,15:07:00,15:18:00,LONG,FLOOR_S3,24898.25,24894.25,25014.0,STRUCTURAL_TRAILING_EXIT,239.5
2025-11-07,15:39:00,15:40:00,LONG,FLOOR_S3,24898.25,24911.5,24891.75,STRUCTURAL_TRAILING_EXIT,-39.5
2025-11-07,15:40:00,15:42:00,LONG,FLOOR_S3,24898.25,24891.75,24882.25,STRUCTURAL_TRAILING_EXIT,-19.0
2025-11-10,14:35:00,14:48:00,LONG,FLOOR_R1,25579.75,25570.5,25630.5,STRUCTURAL_TRAILING_EXIT,120.0
2025-11-10,15:02:00,15:05:00,SHORT,WPP,25638.5,25636.5,25640.25,STRUCTURAL_TRAILING_EXIT,-7.5
2025-11-10,15:15:00,15:19:00,LONG,WPP,25638.5,25624.5,25631.0,STRUCTURAL_TRAILING_EXIT,13.0
2025-11-11,14:35:00,14:38:00,LONG,FLOOR_S2,25612.5,25617.25,25612.25,STRUCTURAL_TRAILING_EXIT,-10.0
2025-11-11,14:41:00,14:43:00,LONG,FLOOR_S2,25612.5,25611.25,25593.5,STRUCTURAL_TRAILING_EXIT,-35.5
2025-11-11,15:01:00,15:04:00,LONG,FLOOR_S2,25612.5,25613.5,25605.25,STRUCTURAL_TRAILING_EXIT,-16.5
2025-11-12,14:31:00,14:32:00,LONG,PW_MID,25745.375,25735.25,25702.5,STRUCTURAL_TRAILING_EXIT,-65.5
2025-11-12,14:41:00,14:42:00,LONG,5D_OR_MID,25651.375,25663.0,25659.0,STRUCTURAL_TRAILING_EXIT,-8.0
2025-11-12,14:42:00,14:45:00,LONG,FLOOR_S2,25647.75,25659.0,25645.0,STRUCTURAL_TRAILING_EXIT,-28.0
2025-11-13,15:46:00,15:47:00,LONG,PM_POC,25270,25261.0,25254.75,STRUCTURAL_TRAILING_EXIT,-12.5
2025-11-13,18:26:00,18:29:00,LONG,MS1,25078,25072.75,25064.5,STRUCTURAL_TRAILING_EXIT,-16.5
2025-11-13,18:30:00,18:45:00,SHORT,MS1,25078,25074.0,25061.25,STRUCTURAL_TRAILING_EXIT,25.5
2025-11-14,14:50:00,14:51:00,LONG,ONL,24910,24895.0,24867.75,STRUCTURAL_TRAILING_EXIT,-54.5
2025-11-14,14:51:00,15:01:00,LONG,PM_VAL,24878,24867.75,24930.5,STRUCTURAL_TRAILING_EXIT,125.5
2025-11-14,15:01:00,15:02:00,LONG,OR5_MID,24944.25,24930.5,24920.25,STRUCTURAL_TRAILING_EXIT,-20.5
2025-11-17,14:39:00,14:57:00,LONG,CAM_S3,25163.25,25156.25,25226.5,STRUCTURAL_TRAILING_EXIT,140.5
2025-11-17,14:58:00,15:03:00,LONG,PD_POC,25211,25203.0,25174.25,STRUCTURAL_TRAILING_EXIT,-57.5
2025-11-17,15:09:00,15:18:00,LONG,PD_IB_MID,25087.5,25083.75,25096.5,STRUCTURAL_TRAILING_EXIT,25.5
2025-11-18,14:26:00,14:32:00,LONG,FLOOR_S2,24697,24711.25,24670.25,STRUCTURAL_TRAILING_EXIT,-82.0
2025-11-18,14:50:00,14:52:00,LONG,PM_LOW,24625,24623.0,24591.75,STRUCTURAL_TRAILING_EXIT,-62.5
2025-11-18,16:02:00,16:16:00,LONG,FLOOR_S3,24398.5,24394.25,24509.75,STRUCTURAL_TRAILING_EXIT,231.0
2025-11-19,15:31:00,15:35:00,LONG,CAM_R3,24960,24946.0,24933.5,STRUCTURAL_TRAILING_EXIT,-25.0
2025-11-19,15:41:00,15:46:00,LONG,CAM_R2,24918.75,24904.0,24892.25,STRUCTURAL_TRAILING_EXIT,-23.5
2025-11-19,15:51:00,15:53:00,LONG,PD_CLOSE,24836.5,24838.5,24825.75,STRUCTURAL_TRAILING_EXIT,-25.5
2025-11-20,14:31:00,14:41:00,LONG,PD_VAH,25166.25,25180.0,25182.0,STRUCTURAL_TRAILING_EXIT,4.0
2025-11-20,14:42:00,14:46:00,LONG,PD_VAH,25166.25,25160.25,25195.75,STRUCTURAL_TRAILING_EXIT,71.0
2025-11-20,14:50:00,15:03:00,LONG,PD_HIGH,25227.75,25213.25,25268.5,STRUCTURAL_TRAILING_EXIT,110.5
2025-11-21,14:30:00,14:39:00,LONG,DAILY_OPEN,24203.5,24203.0,24178.5,STRUCTURAL_TRAILING_EXIT,-49.0
2025-11-21,14:46:00,14:47:00,LONG,OR5_LOW,24158.25,24146.25,24112.5,STRUCTURAL_TRAILING_EXIT,-67.5
2025-11-21,15:11:00,15:14:00,LONG,CAM_S2,24110.25,24124.5,24100.5,STRUCTURAL_TRAILING_EXIT,-48.0
2025-11-24,14:40:00,14:41:00,LONG,IB_MID,24643.25,24654.75,24630.0,STRUCTURAL_TRAILING_EXIT,-49.5
2025-11-24,14:41:00,14:44:00,LONG,IB_MID,24643.25,24630.0,24652.75,STRUCTURAL_TRAILING_EXIT,45.5
2025-11-24,14:50:00,14:51:00,LONG,PM_LOW,24625,24617.75,24600.5,STRUCTURAL_TRAILING_EXIT,-34.5
2025-11-25,14:41:00,14:43:00,LONG,CAM_S2,24803.75,24794.75,24773.5,STRUCTURAL_TRAILING_EXIT,-42.5
2025-11-25,14:44:00,14:46:00,LONG,PW_MID,24716.625,24724.5,24687.75,STRUCTURAL_TRAILING_EXIT,-73.5
2025-11-25,14:49:00,14:50:00,LONG,PD_IB_MID,24643.25,24647.25,24631.0,STRUCTURAL_TRAILING_EXIT,-32.5
2025-11-26,12:04:00,12:09:00,LONG,10D_IB_MID,25157.825,25156.75,25137.75,STRUCTURAL_TRAILING_EXIT,-38.0
2025-11-26,14:33:00,14:36:00,SHORT,PM_POC,25270,25265.0,25252.0,STRUCTURAL_TRAILING_EXIT,26.0
2025-11-26,14:38:00,14:39:00,LONG,CAM_R2,25223.75,25219.5,25205.75,STRUCTURAL_TRAILING_EXIT,-27.5
2025-11-28,17:59:00,18:05:00,LONG,FLOOR_R1,25483.5,25480.5,25481.0,STRUCTURAL_TRAILING_EXIT,1.0
2025-12-01,14:40:00,14:44:00,LONG,MONTHLY_OPEN,25255,25260.25,25218.0,STRUCTURAL_TRAILING_EXIT,-84.5
2025-12-01,14:44:00,14:50:00,LONG,IB_LOW,25209.25,25218.0,25296.25,STRUCTURAL_TRAILING_EXIT,156.5
2025-12-01,15:06:00,15:15:00,LONG,ONH,25342.75,25351.5,25354.5,STRUCTURAL_TRAILING_EXIT,6.0
2025-12-02,14:47:00,14:54:00,LONG,RTH_VWAP,25573.8525,25578.5,25573.5,STRUCTURAL_TRAILING_EXIT,-10.0
2025-12-02,14:54:00,15:04:00,LONG,IB_MID,25563,25573.5,25631.5,STRUCTURAL_TRAILING_EXIT,116.0
2025-12-02,15:11:00,15:19:00,LONG,OR5_MID,25625,25626.0,25626.25,STRUCTURAL_TRAILING_EXIT,0.5
2025-12-03,14:02:00,14:03:00,LONG,PD_POC,25600,25596.75,25566.25,STRUCTURAL_TRAILING_EXIT,-61.0
2025-12-03,14:03:00,14:04:00,LONG,PD_IB_MID,25563,25566.25,25558.75,STRUCTURAL_TRAILING_EXIT,-15.0
2025-12-03,14:05:00,14:08:00,LONG,WEEKLY_VWAP,25510.6649,25523.5,25472.75,STRUCTURAL_TRAILING_EXIT,-101.5
2025-12-04,14:31:00,14:32:00,LONG,PD_SESSION_MID,25681.75,25669.0,25648.0,STRUCTURAL_TRAILING_EXIT,-42.0
2025-12-04,14:34:00,14:35:00,LONG,PD_OR_MID,25619.25,25619.75,25566.5,STRUCTURAL_TRAILING_EXIT,-106.5
2025-12-04,14:42:00,14:43:00,LONG,PD_OR_MID,25619.25,25607.75,25592.25,STRUCTURAL_TRAILING_EXIT,-31.0
2025-12-05,14:40:00,14:41:00,LONG,RTH_VWAP,25743.069,25731.0,25707.75,STRUCTURAL_TRAILING_EXIT,-46.5
2025-12-05,14:41:00,14:42:00,LONG,PD_IB_HIGH,25713,25707.75,25695.75,STRUCTURAL_TRAILING_EXIT,-24.0
2025-12-05,14:57:00,15:01:00,LONG,PD_OR_MID,25761.125,25774.5,25776.5,STRUCTURAL_TRAILING_EXIT,4.0
2025-12-08,14:40:00,14:43:00,LONG,CAM_R2,25811.75,25804.25,25783.75,STRUCTURAL_TRAILING_EXIT,-41.0
2025-12-08,14:43:00,14:48:00,LONG,CAM_R1,25768.75,25783.75,25781.5,STRUCTURAL_TRAILING_EXIT,-4.5
2025-12-08,14:49:00,14:57:00,LONG,WEEKLY_OPEN,25750,25742.25,25752.75,STRUCTURAL_TRAILING_EXIT,21.0
2025-12-09,10:40:00,10:47:00,LONG,CAM_S1,25619.25,25632.75,25643.75,STRUCTURAL_TRAILING_EXIT,22.0
2025-12-09,14:32:00,14:41:00,LONG,CAM_S2,25569.5,25583.0,25607.25,STRUCTURAL_TRAILING_EXIT,48.5
2025-12-09,14:41:00,14:44:00,LONG,CAM_S1,25619.25,25607.25,25614.75,STRUCTURAL_TRAILING_EXIT,15.0
2025-12-10,14:32:00,14:35:00,LONG,IB_MID,25619.625,25628.0,25615.75,STRUCTURAL_TRAILING_EXIT,-24.5
2025-12-10,14:36:00,14:40:00,LONG,3M_POC,25597,25583.25,25621.75,STRUCTURAL_TRAILING_EXIT,77.0
2025-12-10,14:50:00,14:53:00,LONG,PD_VAL,25650,25635.25,25627.5,STRUCTURAL_TRAILING_EXIT,-15.5
2025-12-11,14:31:00,14:34:00,LONG,MONTHLY_VWAP,25604.5112,25592.5,25583.25,STRUCTURAL_TRAILING_EXIT,-18.5
2025-12-11,14:35:00,14:40:00,LONG,PD_IB_LOW,25567,25573.5,25585.75,STRUCTURAL_TRAILING_EXIT,24.5
2025-12-11,14:46:00,14:48:00,LONG,PD_IB_LOW,25567,25556.0,25530.75,STRUCTURAL_TRAILING_EXIT,-50.5
2025-12-12,14:30:00,14:31:00,LONG,CAM_S3,25553,25559.5,25549.75,STRUCTURAL_TRAILING_EXIT,-19.5
2025-12-12,14:32:00,14:42:00,LONG,WEEKLY_VWAP,25557.2773,25569.25,25584.75,STRUCTURAL_TRAILING_EXIT,31.0
2025-12-12,14:42:00,14:45:00,LONG,PW_POC,25596.5,25584.75,25553.0,STRUCTURAL_TRAILING_EXIT,-63.5
2025-12-15,14:31:00,14:34:00,LONG,PD_VAH,25378.75,25380.0,25343.0,STRUCTURAL_TRAILING_EXIT,-74.0
2025-12-15,14:34:00,14:35:00,LONG,CAM_R2,25349,25343.0,25316.5,STRUCTURAL_TRAILING_EXIT,-53.0
2025-12-15,15:01:00,15:04:00,LONG,PD_CLOSE,25209.5,25205.5,25184.0,STRUCTURAL_TRAILING_EXIT,-43.0
2025-12-15,15:16:00,15:19:00,LONG,FLOOR_PIVOT,25402.25,25405.5,25388.25,STRUCTURAL_TRAILING_EXIT,-34.5
2025-12-16,14:33:00,14:36:00,LONG,CAM_S1,25276.5,25276.0,25269.75,STRUCTURAL_TRAILING_EXIT,-12.5
2025-12-16,14:38:00,14:40:00,LONG,OR5_HIGH,25319.5,25330.25,25307.5,STRUCTURAL_TRAILING_EXIT,-45.5
2025-12-16,14:52:00,14:53:00,LONG,PD_SESSION_MID,25350.625,25365.25,25355.5,STRUCTURAL_TRAILING_EXIT,-19.5
2025-12-16,21:00:00,21:01:00,LONG,OR5_MID,25143.5,25132.0,25113.25,STRUCTURAL_TRAILING_EXIT,-37.5
2025-12-17,13:15:00,13:17:00,LONG,WEEKLY_OPEN,25463.25,25455.75,25439.75,STRUCTURAL_TRAILING_EXIT,-32.0
2025-12-17,14:35:00,14:36:00,LONG,CAM_R4,25413,25400.0,25379.25,STRUCTURAL_TRAILING_EXIT,-41.5
2025-12-17,14:40:00,14:46:00,LONG,IB_MID,25346.625,25336.75,25276.75,STOP_LOSS,-120
2025-12-17,21:00:00,21:04:00,LONG,FLOOR_S2,24658.75,24661.0,24702.25,STRUCTURAL_TRAILING_EXIT,82.5
2025-12-18,14:36:00,14:39:00,LONG,PD_IB_LOW,25245.5,25242.25,25220.5,STRUCTURAL_TRAILING_EXIT,-43.5
2025-12-18,14:42:00,14:49:00,LONG,OR5_MID,25177.25,25186.5,25186.25,STRUCTURAL_TRAILING_EXIT,-0.5
2025-12-18,14:49:00,15:09:00,LONG,OR5_MID,25177.25,25186.25,25251.25,STRUCTURAL_TRAILING_EXIT,130.0
2025-12-19,14:26:00,14:29:00,SHORT,CAM_R2,25340,25352.25,25362.5,STRUCTURAL_TRAILING_EXIT,-20.5
2025-12-19,14:37:00,14:38:00,LONG,PD_HIGH,25412.5,25427.5,25421.0,STRUCTURAL_TRAILING_EXIT,-13.0
2025-12-19,14:41:00,14:47:00,LONG,PW_VAL,25456,25445.5,25536.75,STRUCTURAL_TRAILING_EXIT,182.5
2025-12-22,14:33:00,14:34:00,LONG,FLOOR_R2,25756,25765.25,25726.25,STRUCTURAL_TRAILING_EXIT,-78.0
2025-12-22,14:34:00,14:35:00,LONG,CAM_R4,25714.5,25726.25,25706.5,STRUCTURAL_TRAILING_EXIT,-39.5
2025-12-22,14:36:00,14:42:00,LONG,RTH_VWAP,25700.2832,25696.25,25685.0,STRUCTURAL_TRAILING_EXIT,-22.5
2025-12-23,13:40:00,13:48:00,LONG,FLOOR_S1,25612.5,25615.5,25638.25,STRUCTURAL_TRAILING_EXIT,45.5
2025-12-23,14:32:00,14:33:00,LONG,PD_IB_MID,25733.5,25732.75,25700.75,STRUCTURAL_TRAILING_EXIT,-64.0
2025-12-23,14:33:00,14:39:00,LONG,3M_POC,25699,25700.75,25708.0,STRUCTURAL_TRAILING_EXIT,14.5
2025-12-24,16:34:00,16:35:00,SHORT,CAM_R3,25864,25865.0,25867.75,STRUCTURAL_TRAILING_EXIT,-5.5
2025-12-26,14:31:00,14:38:00,LONG,CAM_R1,25874.75,25876.0,25902.25,STRUCTURAL_TRAILING_EXIT,52.5
2025-12-26,14:38:00,14:41:00,LONG,CAM_R3,25894.5,25902.25,25911.75,STRUCTURAL_TRAILING_EXIT,19.0
2025-12-26,14:52:00,14:55:00,LONG,CAM_R1,25874.75,25881.75,25885.5,STRUCTURAL_TRAILING_EXIT,7.5
2025-12-29,14:38:00,14:44:00,LONG,CAM_S4,25811.25,25803.0,25786.75,STRUCTURAL_TRAILING_EXIT,-32.5
2025-12-29,14:46:00,14:49:00,LONG,IB_MID,25740.375,25748.25,25739.75,STRUCTURAL_TRAILING_EXIT,-17.0
2025-12-29,14:52:00,14:59:00,LONG,OR5_HIGH,25725.75,25717.0,25716.5,STRUCTURAL_TRAILING_EXIT,-1.0
2025-12-30,14:36:00,14:37:00,LONG,PD_OR_MID,25695,25701.0,25690.75,STRUCTURAL_TRAILING_EXIT,-20.5
2025-12-30,14:59:00,15:00:00,LONG,5D_OR_MID,25774.5,25765.75,25756.75,STRUCTURAL_TRAILING_EXIT,-18.0
2025-12-30,21:00:00,21:04:00,LONG,PD_VAL,25674.25,25678.25,25672.25,STRUCTURAL_TRAILING_EXIT,-12.0
2025-12-31,14:37:00,14:38:00,LONG,IB_MID,25630,25634.75,25623.5,STRUCTURAL_TRAILING_EXIT,-22.5
2025-12-31,14:46:00,14:54:00,LONG,10D_IB_MID,25595.8875,25594.5,25608.25,STRUCTURAL_TRAILING_EXIT,27.5
2025-12-31,15:56:00,16:22:00,LONG,ONL,25552.5,25550.0,25573.75,STRUCTURAL_TRAILING_EXIT,47.5
2026-01-02,14:33:00,14:34:00,LONG,WS1,25684.75,25670.5,25657.5,STRUCTURAL_TRAILING_EXIT,-26.0
2026-01-02,14:40:00,14:41:00,LONG,OR5_LOW,25654.25,25652.5,25645.0,STRUCTURAL_TRAILING_EXIT,-15.0
2026-01-02,14:41:00,14:50:00,LONG,IB_MID,25630.5,25645.0,25754.75,STRUCTURAL_TRAILING_EXIT,219.5
2026-01-05,14:31:00,14:32:00,LONG,ONH,25647,25656.75,25596.75,STOP_LOSS,-120
2026-01-05,14:33:00,14:35:00,LONG,IB_MID,25611.125,25598.5,25588.5,STRUCTURAL_TRAILING_EXIT,-20.0
2026-01-05,14:41:00,14:48:00,LONG,PD_VAH,25556,25553.0,25602.5,STRUCTURAL_TRAILING_EXIT,99.0
2026-01-06,14:33:00,14:39:00,LONG,5D_OR_MID,25657.625,25659.75,25635.5,STRUCTURAL_TRAILING_EXIT,-48.5
2026-01-06,14:39:00,14:41:00,LONG,PD_SESSION_MID,25623.25,25635.5,25625.0,STRUCTURAL_TRAILING_EXIT,-21.0
2026-01-06,14:41:00,14:42:00,LONG,PD_SESSION_MID,25623.25,25625.0,25618.0,STRUCTURAL_TRAILING_EXIT,-14.0
2026-01-07,14:37:00,14:52:00,LONG,OR5_HIGH,25822.75,25809.75,25848.75,STRUCTURAL_TRAILING_EXIT,78.0
2026-01-07,15:02:00,15:09:00,LONG,OR5_HIGH,25822.75,25814.25,25852.0,STRUCTURAL_TRAILING_EXIT,75.5
2026-01-07,15:16:00,15:18:00,LONG,ONH,25844.75,25836.0,25824.5,STRUCTURAL_TRAILING_EXIT,-23.0
2026-01-08,14:31:00,14:32:00,LONG,PD_IB_LOW,25771,25758.0,25741.0,STRUCTURAL_TRAILING_EXIT,-34.0
2026-01-08,14:32:00,14:35:00,LONG,FLOOR_S1,25738.5,25741.0,25706.0,STRUCTURAL_TRAILING_EXIT,-70.0
2026-01-08,14:35:00,14:39:00,LONG,OR5_LOW,25692.5,25706.0,25688.5,STRUCTURAL_TRAILING_EXIT,-35.0
2026-01-09,14:31:00,14:40:00,LONG,PD_SESSION_MID,25686,25682.25,25756.0,STRUCTURAL_TRAILING_EXIT,147.5
2026-01-09,14:49:00,14:53:00,LONG,PD_SESSION_MID,25686,25688.0,25702.5,STRUCTURAL_TRAILING_EXIT,29.0
2026-01-09,15:07:00,15:09:00,LONG,PD_SESSION_MID,25686,25672.0,25639.0,STRUCTURAL_TRAILING_EXIT,-66.0
2026-01-12,00:39:00,00:50:00,LONG,PM_VAH,25775.75,25784.0,25804.5,STRUCTURAL_TRAILING_EXIT,41.0
2026-01-12,14:45:00,14:46:00,LONG,FLOOR_PIVOT,25844.75,25853.5,25847.5,STRUCTURAL_TRAILING_EXIT,-12.0
2026-01-12,14:52:00,14:53:00,LONG,CAM_S1,25899.25,25912.0,25898.5,STRUCTURAL_TRAILING_EXIT,-27.0
2026-01-13,14:33:00,14:44:00,LONG,PM_HIGH,25935.25,25949.0,25982.75,STRUCTURAL_TRAILING_EXIT,67.5
2026-01-13,14:44:00,14:49:00,LONG,PW_HIGH,25996.25,25982.75,25969.0,STRUCTURAL_TRAILING_EXIT,-27.5
2026-01-13,14:49:00,14:52:00,LONG,PD_POC,25965.25,25969.0,25944.5,STRUCTURAL_TRAILING_EXIT,-49.0
2026-01-14,14:32:00,14:37:00,LONG,PW_POC,25678.25,25684.75,25700.25,STRUCTURAL_TRAILING_EXIT,31.0
2026-01-14,14:37:00,14:42:00,LONG,PM_POC,25698,25700.25,25662.5,STRUCTURAL_TRAILING_EXIT,-75.5
2026-01-14,14:42:00,14:44:00,LONG,WS1,25649,25662.5,25641.25,STRUCTURAL_TRAILING_EXIT,-42.5
2026-01-15,14:31:00,14:34:00,LONG,OR5_MID,25913.75,25904.5,25901.5,STRUCTURAL_TRAILING_EXIT,-6.0
2026-01-15,14:35:00,14:36:00,LONG,OR5_LOW,25881.25,25888.75,25881.0,STRUCTURAL_TRAILING_EXIT,-15.5
2026-01-15,14:52:00,14:57:00,LONG,RTH_VWAP,25844.97,25853.5,25899.0,STRUCTURAL_TRAILING_EXIT,91.0
2026-01-16,14:26:00,14:33:00,LONG,PW_VAH,25834,25839.5,25845.25,STRUCTURAL_TRAILING_EXIT,11.5
2026-01-16,14:33:00,14:41:00,LONG,PW_VAH,25834,25845.25,25853.75,STRUCTURAL_TRAILING_EXIT,17.0
2026-01-16,14:45:00,14:48:00,LONG,PD_SESSION_MID,25814.625,25820.5,25828.25,STRUCTURAL_TRAILING_EXIT,15.5
2026-01-20,14:41:00,14:47:00,LONG,PD_IB_LOW,25236.5,25251.25,25294.5,STRUCTURAL_TRAILING_EXIT,86.5
2026-01-20,14:47:00,14:48:00,LONG,FLOOR_S1,25284,25294.5,25270.0,STRUCTURAL_TRAILING_EXIT,-49.0
2026-01-20,14:53:00,15:01:00,LONG,PD_IB_HIGH,25344,25355.75,25303.25,STRUCTURAL_TRAILING_EXIT,-105.0
2026-01-21,14:32:00,14:36:00,LONG,3M_VAL,25178.75,25173.75,25157.75,STRUCTURAL_TRAILING_EXIT,-32.0
2026-01-21,14:41:00,15:06:00,LONG,PD_POC,25130.5,25135.0,25313.5,STRUCTURAL_TRAILING_EXIT,357.0
2026-01-21,15:52:00,15:54:00,SHORT,WEEKLY_OPEN,25471,25480.0,25486.25,STRUCTURAL_TRAILING_EXIT,-12.5
2026-01-22,14:31:00,14:35:00,LONG,PW_VAL,25696.5,25681.75,25666.5,STRUCTURAL_TRAILING_EXIT,-30.5
2026-01-22,14:35:00,14:36:00,LONG,PD_HIGH,25653.5,25666.5,25651.75,STRUCTURAL_TRAILING_EXIT,-29.5
2026-01-22,14:36:00,14:42:00,LONG,PD_HIGH,25653.5,25651.75,25664.75,STRUCTURAL_TRAILING_EXIT,26.0
2026-01-23,14:33:00,14:38:00,LONG,OR5_LOW,25585.25,25599.0,25570.0,STRUCTURAL_TRAILING_EXIT,-58.0
2026-01-23,14:38:00,14:47:00,LONG,IB_LOW,25562.5,25570.0,25598.25,STRUCTURAL_TRAILING_EXIT,56.5
2026-01-23,15:14:00,15:20:00,LONG,MONTHLY_OPEN,25687,25684.0,25682.75,STRUCTURAL_TRAILING_EXIT,-2.5
2026-01-26,14:43:00,14:48:00,LONG,CAM_R2,25787,25794.75,25821.5,STRUCTURAL_TRAILING_EXIT,53.5
2026-01-26,15:11:00,15:13:00,LONG,CAM_R3,25813,25819.0,25813.75,STRUCTURAL_TRAILING_EXIT,-10.5
2026-01-26,15:27:00,15:29:00,LONG,RTH_VWAP,25865.3128,25861.75,25842.0,STRUCTURAL_TRAILING_EXIT,-39.5
2026-01-27,14:31:00,14:34:00,LONG,CAM_R4,25972.75,25981.5,25975.25,STRUCTURAL_TRAILING_EXIT,-12.5
2026-01-27,14:34:00,14:35:00,LONG,CAM_R4,25972.75,25975.25,25961.75,STRUCTURAL_TRAILING_EXIT,-27.0
2026-01-27,14:35:00,14:36:00,LONG,FLOOR_R1,25953,25961.75,25951.0,STRUCTURAL_TRAILING_EXIT,-21.5
2026-01-28,14:35:00,14:36:00,LONG,IB_MID,26253,26249.25,26235.0,STRUCTURAL_TRAILING_EXIT,-28.5
2026-01-28,14:47:00,14:48:00,LONG,IB_MID,26253,26267.25,26240.0,STRUCTURAL_TRAILING_EXIT,-54.5
2026-01-28,15:10:00,15:11:00,LONG,IB_MID,26253,26242.25,26227.0,STRUCTURAL_TRAILING_EXIT,-30.5
2026-01-29,14:32:00,14:34:00,LONG,OR5_MID,26129.25,26119.75,26109.5,STRUCTURAL_TRAILING_EXIT,-20.5
2026-01-29,14:35:00,14:36:00,LONG,ONL,26085.5,26097.25,26062.5,STRUCTURAL_TRAILING_EXIT,-69.5
2026-01-29,14:36:00,14:37:00,LONG,FLOOR_S1,26066.25,26062.5,26030.75,STRUCTURAL_TRAILING_EXIT,-63.5
2026-01-30,14:32:00,14:38:00,LONG,PW_HIGH,25845.75,25832.75,25862.25,STRUCTURAL_TRAILING_EXIT,59.0
2026-01-30,14:38:00,14:43:00,LONG,PD_SESSION_MID,25855.5,25862.25,25904.75,STRUCTURAL_TRAILING_EXIT,85.0
2026-01-30,14:59:00,15:00:00,LONG,PD_SESSION_MID,25855.5,25843.75,25827.0,STRUCTURAL_TRAILING_EXIT,-33.5
2026-02-02,14:52:00,14:53:00,LONG,CAM_R3,25777,25782.25,25774.0,STRUCTURAL_TRAILING_EXIT,-16.5
2026-02-02,14:55:00,14:57:00,LONG,CAM_R3,25777,25776.5,25767.5,STRUCTURAL_TRAILING_EXIT,-18.0
2026-02-02,14:59:00,15:28:00,LONG,IB_MID,25726,25732.25,25878.75,STRUCTURAL_TRAILING_EXIT,293.0
2026-02-03,14:32:00,14:33:00,LONG,OR5_MID,25895.5,25890.5,25881.5,STRUCTURAL_TRAILING_EXIT,-18.0
2026-02-03,14:34:00,14:38:00,LONG,ONL,25866.5,25860.0,25843.0,STRUCTURAL_TRAILING_EXIT,-34.0
2026-02-03,14:44:00,14:51:00,LONG,PD_SESSION_MID,25744.625,25746.75,25769.75,STRUCTURAL_TRAILING_EXIT,46.0
2026-02-04,14:31:00,14:32:00,LONG,OR5_MID,25308.375,25310.5,25265.5,STRUCTURAL_TRAILING_EXIT,-90.0
2026-02-04,14:37:00,14:38:00,LONG,ONL,25325,25334.25,25316.0,STRUCTURAL_TRAILING_EXIT,-36.5
2026-02-04,16:03:00,16:05:00,LONG,RTH_VWAP,25070.3486,25081.25,25072.75,STRUCTURAL_TRAILING_EXIT,-17.0
2026-02-05,14:52:00,14:55:00,LONG,CAM_S2,24883.25,24887.0,24862.75,STRUCTURAL_TRAILING_EXIT,-48.5
2026-02-05,14:56:00,14:57:00,LONG,CAM_S3,24827.75,24831.25,24807.25,STRUCTURAL_TRAILING_EXIT,-48.0
2026-02-05,15:09:00,15:11:00,LONG,OR5_LOW,24652,24657.5,24643.75,STRUCTURAL_TRAILING_EXIT,-27.5
2026-02-06,14:56:00,14:57:00,LONG,FLOOR_R1,24885,24883.25,24859.75,STRUCTURAL_TRAILING_EXIT,-47.0
2026-02-06,15:04:00,15:07:00,LONG,PD_VAH,24785.75,24795.0,24765.25,STRUCTURAL_TRAILING_EXIT,-59.5
2026-02-06,16:08:00,16:11:00,SHORT,IB_HIGH,24984,24985.75,24991.25,STRUCTURAL_TRAILING_EXIT,-11.0
2026-02-09,14:31:00,14:51:00,LONG,PD_IB_HIGH,24984,24989.75,25138.25,STRUCTURAL_TRAILING_EXIT,297.0
2026-02-09,15:50:00,15:51:00,SHORT,5D_OR_MID,25302.125,25289.75,25291.25,STRUCTURAL_TRAILING_EXIT,-3.0
2026-02-09,21:00:00,21:17:00,LONG,FLOOR_R1,25345.5,25337.75,25363.75,STRUCTURAL_TRAILING_EXIT,52.0
2026-02-10,14:34:00,14:37:00,LONG,PD_CLOSE,25337.75,25351.25,25335.0,STRUCTURAL_TRAILING_EXIT,-32.5
2026-02-10,14:37:00,14:38:00,LONG,RTH_VWAP,25334.1894,25335.0,25305.5,STRUCTURAL_TRAILING_EXIT,-59.0
2026-02-10,14:41:00,14:42:00,LONG,5D_OR_MID,25302.125,25310.0,25291.75,STRUCTURAL_TRAILING_EXIT,-36.5
2026-02-11,13:47:00,13:54:00,SHORT,PD_VAH,25394.25,25384.25,25404.25,STRUCTURAL_TRAILING_EXIT,-40.0
2026-02-11,13:55:00,13:56:00,SHORT,OR5_MID,25415.625,25421.0,25440.0,STRUCTURAL_TRAILING_EXIT,-38.0
2026-02-11,14:35:00,14:37:00,LONG,PD_VAH,25394.25,25385.25,25360.75,STRUCTURAL_TRAILING_EXIT,-49.0
2026-02-12,14:31:00,14:43:00,LONG,OR5_MID,25347.375,25345.25,25354.0,STRUCTURAL_TRAILING_EXIT,17.5
2026-02-12,14:44:00,14:45:00,LONG,OR5_MID,25347.375,25342.25,25308.25,STRUCTURAL_TRAILING_EXIT,-68.0
2026-02-12,14:45:00,14:46:00,LONG,OR5_LOW,25318,25308.25,25273.75,STRUCTURAL_TRAILING_EXIT,-69.0
2026-02-13,14:35:00,14:38:00,LONG,PD_VAL,24721.5,24719.25,24679.25,STRUCTURAL_TRAILING_EXIT,-80.0
2026-02-13,14:38:00,14:40:00,LONG,OR5_LOW,24686.25,24679.25,24671.75,STRUCTURAL_TRAILING_EXIT,-15.0
2026-02-13,14:40:00,14:41:00,LONG,OR5_LOW,24686.25,24671.75,24620.75,STRUCTURAL_TRAILING_EXIT,-102.0
2026-02-17,14:41:00,14:43:00,LONG,WEEKLY_OPEN,24789.75,24793.0,24750.5,STRUCTURAL_TRAILING_EXIT,-85.0
2026-02-17,14:44:00,14:45:00,LONG,PD_POC,24725,24711.25,24700.75,STRUCTURAL_TRAILING_EXIT,-21.0
2026-02-17,14:48:00,14:51:00,LONG,IB_MID,24639,24625.75,24584.75,STRUCTURAL_TRAILING_EXIT,-82.0
2026-02-18,14:40:00,14:49:00,LONG,CAM_R1,24817,24803.75,24822.25,STRUCTURAL_TRAILING_EXIT,37.0
2026-02-18,14:49:00,15:09:00,LONG,CAM_R1,24817,24822.25,25014.25,STRUCTURAL_TRAILING_EXIT,384.0
2026-02-18,15:18:00,15:27:00,SHORT,MS1,25081.75,25069.0,25063.75,STRUCTURAL_TRAILING_EXIT,10.5
2026-02-19,14:33:00,14:36:00,LONG,CAM_S3,24854,24842.75,24806.5,STRUCTURAL_TRAILING_EXIT,-72.5
2026-02-19,14:36:00,14:37:00,LONG,ONL,24798,24806.5,24795.0,STRUCTURAL_TRAILING_EXIT,-23.0
2026-02-19,14:46:00,14:55:00,LONG,FLOOR_S1,24763.5,24778.5,24861.0,STRUCTURAL_TRAILING_EXIT,165.0
2026-02-20,14:40:00,14:48:00,LONG,PD_SESSION_MID,24854.25,24848.75,24914.0,STRUCTURAL_TRAILING_EXIT,130.5
2026-02-20,14:51:00,14:52:00,LONG,WEEKLY_VWAP,24871.6004,24885.0,24858.25,STRUCTURAL_TRAILING_EXIT,-53.5
2026-02-20,14:52:00,15:04:00,LONG,PD_SESSION_MID,24854.25,24858.25,24967.75,STRUCTURAL_TRAILING_EXIT,219.0
2026-02-23,14:37:00,14:40:00,LONG,DAILY_OPEN,24981,24989.0,24996.25,STRUCTURAL_TRAILING_EXIT,14.5
2026-02-23,14:41:00,14:42:00,LONG,IB_MID,24940.25,24929.0,24908.0,STRUCTURAL_TRAILING_EXIT,-42.0
2026-02-23,14:45:00,14:46:00,LONG,WPP,24888,24881.75,24868.5,STRUCTURAL_TRAILING_EXIT,-26.5
2026-02-24,14:32:00,14:34:00,LONG,PD_CLOSE,24768,24765.75,24722.25,STRUCTURAL_TRAILING_EXIT,-87.0
2026-02-24,14:34:00,14:51:00,LONG,PD_POC,24737,24722.25,24921.25,STRUCTURAL_TRAILING_EXIT,398.0
2026-02-24,14:54:00,14:56:00,LONG,ONH,24902.25,24912.75,24880.5,STRUCTURAL_TRAILING_EXIT,-64.5
2026-02-25,14:38:00,14:39:00,LONG,OR5_HIGH,25244,25232.5,25227.25,STRUCTURAL_TRAILING_EXIT,-10.5
2026-02-25,14:53:00,14:57:00,LONG,FLOOR_R2,25318.75,25326.0,25323.0,STRUCTURAL_TRAILING_EXIT,-6.0
2026-02-25,14:57:00,15:05:00,LONG,FLOOR_R2,25318.75,25323.0,25334.5,STRUCTURAL_TRAILING_EXIT,23.0
2026-02-26,14:31:00,14:34:00,LONG,PD_VAL,25300.25,25294.0,25278.5,STRUCTURAL_TRAILING_EXIT,-31.0
2026-02-26,14:34:00,14:37:00,LONG,PD_SESSION_MID,25276.625,25278.5,25234.0,STRUCTURAL_TRAILING_EXIT,-89.0
2026-02-26,14:37:00,14:41:00,LONG,FLOOR_S1,25228,25234.0,25251.75,STRUCTURAL_TRAILING_EXIT,35.5
2026-02-27,14:29:00,14:30:00,SHORT,CAM_S4,24818.75,24806.25,24866.25,STOP_LOSS,-120
2026-02-27,14:43:00,14:44:00,LONG,CAM_S4,24818.75,24822.75,24798.5,STRUCTURAL_TRAILING_EXIT,-48.5
2026-02-27,14:44:00,14:51:00,LONG,ONL,24793.75,24798.5,24905.25,STRUCTURAL_TRAILING_EXIT,213.5
2026-03-02,14:53:00,15:01:00,LONG,FLOOR_S1,24841.5,24833.0,24805.5,STRUCTURAL_TRAILING_EXIT,-55.0
2026-03-02,15:09:00,15:16:00,LONG,PD_SESSION_MID,24909.375,24916.0,24915.5,STRUCTURAL_TRAILING_EXIT,-1.0
2026-03-02,15:16:00,15:19:00,LONG,PD_SESSION_MID,24909.375,24915.5,24904.75,STRUCTURAL_TRAILING_EXIT,-21.5
2026-03-03,10:34:00,10:37:00,LONG,FLOOR_S2,24413.75,24405.75,24400.5,STRUCTURAL_TRAILING_EXIT,-10.5
2026-03-03,14:35:00,14:40:00,LONG,DAILY_OPEN,24535,24528.5,24593.75,STRUCTURAL_TRAILING_EXIT,130.5
2026-03-03,14:40:00,14:42:00,LONG,PD_IB_LOW,24605,24593.75,24560.0,STRUCTURAL_TRAILING_EXIT,-67.5
2026-03-04,14:33:00,14:36:00,LONG,5D_OR_MID,24928.625,24922.0,24908.25,STRUCTURAL_TRAILING_EXIT,-27.5
2026-03-04,14:56:00,14:59:00,LONG,OR5_MID,24902.875,24905.75,24904.75,STRUCTURAL_TRAILING_EXIT,-2.0
2026-03-04,15:03:00,15:04:00,LONG,FLOOR_R1,24954.25,24953.25,24901.0,STRUCTURAL_TRAILING_EXIT,-104.5
2026-03-05,14:41:00,14:44:00,LONG,FLOOR_PIVOT,25054.5,25063.75,25065.0,STRUCTURAL_TRAILING_EXIT,2.5
2026-03-05,14:44:00,14:46:00,LONG,FLOOR_PIVOT,25054.5,25065.0,25044.5,STRUCTURAL_TRAILING_EXIT,-41.0
2026-03-05,14:46:00,14:50:00,LONG,OR5_MID,25040.125,25044.5,25088.5,STRUCTURAL_TRAILING_EXIT,88.0
2026-03-06,13:46:00,13:48:00,LONG,OR5_MID,24693,24701.75,24677.75,STRUCTURAL_TRAILING_EXIT,-48.0
2026-03-06,14:36:00,14:37:00,LONG,OR5_LOW,24653.5,24650.25,24623.5,STRUCTURAL_TRAILING_EXIT,-53.5
2026-03-06,14:37:00,14:41:00,LONG,ONL,24612.5,24623.5,24674.0,STRUCTURAL_TRAILING_EXIT,101.0
2026-03-09,13:38:00,13:40:00,LONG,OR5_LOW,24424,24413.25,24399.5,STRUCTURAL_TRAILING_EXIT,-27.5
2026-03-09,13:46:00,13:50:00,LONG,PW_LOW,24352,24351.75,24362.25,STRUCTURAL_TRAILING_EXIT,21.0
2026-03-09,13:50:00,13:51:00,LONG,PW_LOW,24352,24362.25,24343.25,STRUCTURAL_TRAILING_EXIT,-38.0
2026-03-10,13:36:00,13:43:00,LONG,3M_VAL,24987,24996.75,24980.25,STRUCTURAL_TRAILING_EXIT,-33.0
2026-03-10,14:01:00,14:04:00,LONG,CAM_S1,24924,24930.75,24930.25,STRUCTURAL_TRAILING_EXIT,-1.0
2026-03-10,14:04:00,14:08:00,LONG,CAM_S1,24924,24930.25,24924.75,STRUCTURAL_TRAILING_EXIT,-11.0
2026-03-11,13:51:00,13:52:00,LONG,FLOOR_PIVOT,25031.75,25028.75,25022.75,STRUCTURAL_TRAILING_EXIT,-12.0
2026-03-11,14:02:00,14:03:00,LONG,PD_POC,25144,25147.75,25131.25,STRUCTURAL_TRAILING_EXIT,-33.0
2026-03-11,14:07:00,14:09:00,LONG,OR5_HIGH,25099.5,25101.25,25090.5,STRUCTURAL_TRAILING_EXIT,-21.5
2026-03-12,13:54:00,13:56:00,LONG,PM_VAL,24665.5,24673.25,24649.0,STRUCTURAL_TRAILING_EXIT,-48.5
2026-03-12,13:56:00,13:59:00,LONG,MONTHLY_OPEN,24644.5,24649.0,24646.75,STRUCTURAL_TRAILING_EXIT,-4.5
2026-03-12,14:05:00,14:06:00,LONG,IB_MID,24725.625,24719.0,24713.75,STRUCTURAL_TRAILING_EXIT,-10.5
2026-03-13,13:36:00,13:49:00,LONG,CAM_R3,24635.5,24633.25,24770.75,STRUCTURAL_TRAILING_EXIT,275.0
2026-03-13,13:49:00,13:50:00,LONG,WEEKLY_VWAP,24771.1799,24770.75,24755.75,STRUCTURAL_TRAILING_EXIT,-30.0
2026-03-13,13:51:00,13:57:00,LONG,ONH,24738,24737.5,24754.75,STRUCTURAL_TRAILING_EXIT,34.5
2026-03-16,13:50:00,13:53:00,LONG,OR5_HIGH,24922,24927.0,24900.75,STRUCTURAL_TRAILING_EXIT,-52.5
2026-03-17,14:03:00,14:04:00,LONG,OR5_HIGH,25072.75,25062.25,25059.25,STRUCTURAL_TRAILING_EXIT,-6.0
2026-03-17,15:37:00,15:49:00,LONG,CAM_R2,24962.5,24954.75,24997.75,STRUCTURAL_TRAILING_EXIT,86.0
2026-03-18,12:31:00,12:32:00,LONG,CAM_S1,24974.5,24982.0,24969.75,STRUCTURAL_TRAILING_EXIT,-24.5
2026-03-18,12:43:00,12:44:00,LONG,CAM_S2,24939.25,24936.25,24925.5,STRUCTURAL_TRAILING_EXIT,-21.5
2026-03-18,13:44:00,13:49:00,LONG,CAM_S2,24939.25,24944.75,24965.0,STRUCTURAL_TRAILING_EXIT,40.5
2026-03-19,09:26:00,09:30:00,LONG,WEEKLY_OPEN,24500,24504.25,24517.5,STRUCTURAL_TRAILING_EXIT,26.5
2026-03-19,14:14:00,14:16:00,LONG,CAM_R1,24487.25,24498.25,24482.75,STRUCTURAL_TRAILING_EXIT,-31.0
2026-03-19,15:32:00,15:34:00,LONG,PD_LOW,24425.5,24430.0,24424.0,STRUCTURAL_TRAILING_EXIT,-12.0
2026-03-20,13:47:00,13:50:00,LONG,PD_SESSION_MID,24403.25,24412.0,24414.75,STRUCTURAL_TRAILING_EXIT,5.5
2026-03-20,13:51:00,13:52:00,LONG,IB_MID,24365.875,24362.25,24354.0,STRUCTURAL_TRAILING_EXIT,-16.5
2026-03-20,13:52:00,13:54:00,LONG,IB_MID,24365.875,24354.0,24351.0,STRUCTURAL_TRAILING_EXIT,-6.0
2026-03-23,11:06:00,11:06:00,SHORT,MS1,24314.5,24301.0,24361.0,STOP_LOSS,-120
2026-03-23,11:12:00,11:13:00,SHORT,5D_OR_MID,24595.25,24600.25,24660.25,STOP_LOSS,-120
2026-03-23,13:44:00,13:45:00,LONG,PW_MID,24544.125,24541.75,24497.0,STRUCTURAL_TRAILING_EXIT,-89.5
2026-03-24,13:36:00,13:37:00,LONG,OR5_MID,24272.25,24272.0,24248.25,STRUCTURAL_TRAILING_EXIT,-47.5
2026-03-24,13:37:00,13:38:00,LONG,FLOOR_S1,24241.5,24248.25,24236.75,STRUCTURAL_TRAILING_EXIT,-23.0
2026-03-24,13:41:00,13:42:00,LONG,CAM_S4,24189,24179.0,24141.5,STRUCTURAL_TRAILING_EXIT,-75.0
2026-03-25,13:39:00,13:40:00,LONG,FLOOR_R2,24497.5,24504.25,24482.5,STRUCTURAL_TRAILING_EXIT,-43.5
2026-03-25,13:50:00,13:51:00,LONG,DAILY_OPEN,24430.75,24418.25,24380.5,STRUCTURAL_TRAILING_EXIT,-75.5
2026-03-25,13:51:00,13:55:00,LONG,WEEKLY_VWAP,24391.091,24380.5,24369.0,STRUCTURAL_TRAILING_EXIT,-23.0
2026-03-26,13:40:00,13:50:00,LONG,ONL,24069,24068.5,24165.75,STRUCTURAL_TRAILING_EXIT,194.5
2026-03-26,13:59:00,14:09:00,LONG,FLOOR_S2,24155.25,24157.25,24179.75,STRUCTURAL_TRAILING_EXIT,45.0
2026-03-26,14:56:00,15:05:00,LONG,ONL,24069,24069.0,24094.5,STRUCTURAL_TRAILING_EXIT,51.0
2026-03-27,13:35:00,13:36:00,LONG,IB_MID,23558.5,23564.0,23554.25,STRUCTURAL_TRAILING_EXIT,-19.5
2026-03-27,13:54:00,13:56:00,LONG,CAM_S4,23529.75,23535.0,23507.75,STRUCTURAL_TRAILING_EXIT,-54.5
2026-03-27,14:39:00,14:44:00,LONG,RTH_VWAP,23461.8609,23460.0,23454.75,STRUCTURAL_TRAILING_EXIT,-10.5
2026-03-30,13:35:00,13:36:00,LONG,OR5_LOW,23457.5,23463.75,23443.75,STRUCTURAL_TRAILING_EXIT,-40.0
2026-03-30,13:37:00,13:39:00,LONG,IB_MID,23415.5,23427.0,23414.75,STRUCTURAL_TRAILING_EXIT,-24.5
2026-03-30,13:41:00,13:42:00,LONG,PD_VAL,23377.25,23388.0,23377.5,STRUCTURAL_TRAILING_EXIT,-21.0
2026-03-31,00:47:00,00:48:00,SHORT,PW_LOW,23269,23255.0,23269.25,STRUCTURAL_TRAILING_EXIT,-28.5
2026-03-31,13:36:00,13:37:00,LONG,OR5_MID,23419,23428.0,23417.0,STRUCTURAL_TRAILING_EXIT,-22.0
2026-03-31,13:45:00,13:57:00,LONG,OR5_MID,23419,23416.75,23530.25,STRUCTURAL_TRAILING_EXIT,227.0
2026-04-01,08:55:00,08:59:00,LONG,CAM_R3,24074,24073.25,24072.5,STRUCTURAL_TRAILING_EXIT,-1.5
2026-04-01,13:43:00,13:44:00,LONG,OR5_MID,24102.875,24104.25,24070.0,STRUCTURAL_TRAILING_EXIT,-68.5
2026-04-01,13:48:00,13:55:00,LONG,CAM_R3,24074,24065.25,24099.25,STRUCTURAL_TRAILING_EXIT,68.0
2026-04-02,13:40:00,13:44:00,LONG,IB_LOW,23678,23689.0,23695.25,STRUCTURAL_TRAILING_EXIT,12.5
2026-04-02,14:22:00,14:32:00,SHORT,IB_HIGH,24004.25,23998.0,23962.75,STRUCTURAL_TRAILING_EXIT,70.5
2026-04-02,14:41:00,14:42:00,LONG,CAM_S2,24144.75,24157.5,24131.0,STRUCTURAL_TRAILING_EXIT,-53.0
2026-04-06,13:37:00,13:56:00,LONG,PD_VAH,24266.75,24255.0,24366.75,STRUCTURAL_TRAILING_EXIT,223.5
2026-04-06,14:02:00,14:03:00,LONG,PM_VAL,24354.75,24366.0,24356.5,STRUCTURAL_TRAILING_EXIT,-19.0
2026-04-06,14:11:00,14:26:00,LONG,CAM_R1,24274.75,24287.75,24357.75,STRUCTURAL_TRAILING_EXIT,140.0
2026-04-07,10:26:00,10:27:00,LONG,PD_SESSION_MID,24327.5,24332.25,24328.25,STRUCTURAL_TRAILING_EXIT,-8.0
2026-04-07,12:07:00,12:14:00,LONG,PW_POC,24153.75,24167.25,24166.0,STRUCTURAL_TRAILING_EXIT,-2.5
2026-04-07,13:48:00,13:51:00,LONG,IB_MID,24151,24159.75,24154.75,STRUCTURAL_TRAILING_EXIT,-10.0
2026-04-08,12:22:00,12:41:00,LONG,IB_MID,25146.125,25158.0,25191.5,STRUCTURAL_TRAILING_EXIT,67.0
2026-04-08,13:40:00,13:42:00,LONG,OR5_LOW,25132.5,25123.25,25102.75,STRUCTURAL_TRAILING_EXIT,-41.0
2026-04-08,13:49:00,13:51:00,LONG,IB_MID,25146.125,25146.5,25129.25,STRUCTURAL_TRAILING_EXIT,-34.5
2026-04-09,13:35:00,13:41:00,LONG,PD_IB_LOW,25042.5,25028.0,25054.0,STRUCTURAL_TRAILING_EXIT,52.0
2026-04-09,13:52:00,13:54:00,LONG,PD_IB_LOW,25042.5,25036.25,25026.25,STRUCTURAL_TRAILING_EXIT,-20.0
2026-04-09,14:16:00,14:19:00,LONG,PM_POC,25004.75,24996.0,24981.0,STRUCTURAL_TRAILING_EXIT,-30.0
2026-04-10,13:35:00,13:36:00,LONG,CAM_R3,25334,25336.0,25313.5,STRUCTURAL_TRAILING_EXIT,-45.0
2026-04-10,13:36:00,13:40:00,LONG,CAM_R2,25305.75,25313.5,25308.0,STRUCTURAL_TRAILING_EXIT,-11.0
2026-04-10,13:40:00,13:44:00,LONG,CAM_R2,25305.75,25308.0,25306.25,STRUCTURAL_TRAILING_EXIT,-3.5
2026-04-13,13:36:00,13:37:00,LONG,ONH,25217.5,25206.75,25182.0,STRUCTURAL_TRAILING_EXIT,-49.5
2026-04-13,13:46:00,13:48:00,LONG,PM_VAH,25174.75,25171.5,25166.0,STRUCTURAL_TRAILING_EXIT,-11.0
2026-04-13,13:52:00,13:53:00,LONG,CAM_S2,25253,25251.25,25243.5,STRUCTURAL_TRAILING_EXIT,-15.5
2026-04-14,13:40:00,13:48:00,LONG,ONH,25723,25708.0,25740.5,STRUCTURAL_TRAILING_EXIT,65.0
2026-04-14,13:48:00,13:55:00,LONG,OR5_HIGH,25727.5,25740.5,25741.5,STRUCTURAL_TRAILING_EXIT,2.0
2026-04-14,14:39:00,14:41:00,LONG,WR1,25804.25,25793.5,25782.5,STRUCTURAL_TRAILING_EXIT,-22.0
2026-04-15,13:44:00,13:45:00,LONG,OR5_MID,26017.875,26020.0,25989.0,STRUCTURAL_TRAILING_EXIT,-62.0
2026-04-15,13:45:00,14:01:00,LONG,PD_VAH,26003.25,25989.0,26053.75,STRUCTURAL_TRAILING_EXIT,129.5
2026-04-15,14:01:00,14:09:00,LONG,ONH,26058,26053.75,26060.75,STRUCTURAL_TRAILING_EXIT,14.0
2026-04-16,13:40:00,13:42:00,LONG,PD_HIGH,26377.5,26362.75,26353.25,STRUCTURAL_TRAILING_EXIT,-19.0
2026-04-16,13:42:00,13:51:00,LONG,PD_CLOSE,26364.25,26353.25,26359.5,STRUCTURAL_TRAILING_EXIT,12.5
2026-04-16,13:51:00,13:52:00,LONG,PD_CLOSE,26364.25,26359.5,26333.0,STRUCTURAL_TRAILING_EXIT,-53.0
2026-04-17,13:26:00,13:27:00,LONG,FLOOR_R2,26730,26737.75,26716.25,STRUCTURAL_TRAILING_EXIT,-43.0
2026-04-17,13:27:00,13:28:00,LONG,FLOOR_R2,26730,26716.25,26685.0,STRUCTURAL_TRAILING_EXIT,-62.5
2026-04-17,13:47:00,13:48:00,LONG,DAILY_OPEN,26692.5,26677.5,26660.25,STRUCTURAL_TRAILING_EXIT,-34.5
2026-04-20,13:39:00,13:40:00,LONG,PD_SESSION_MID,26757.125,26757.0,26747.5,STRUCTURAL_TRAILING_EXIT,-19.0
2026-04-20,14:04:00,14:08:00,LONG,PD_SESSION_MID,26757.125,26754.75,26753.0,STRUCTURAL_TRAILING_EXIT,-3.5
2026-04-20,14:12:00,14:15:00,LONG,PD_VAL,26755,26741.25,26757.0,STRUCTURAL_TRAILING_EXIT,31.5
2026-04-21,13:36:00,13:39:00,LONG,PD_POC,26733,26747.25,26743.75,STRUCTURAL_TRAILING_EXIT,-7.0
2026-04-21,14:21:00,14:24:00,LONG,PD_IB_HIGH,26827.75,26832.75,26822.25,STRUCTURAL_TRAILING_EXIT,-21.0
2026-04-21,14:24:00,14:29:00,LONG,CAM_R3,26817,26822.25,26831.5,STRUCTURAL_TRAILING_EXIT,18.5
2026-04-22,13:21:00,13:22:00,LONG,OR5_MID,26853.125,26854.75,26849.5,STRUCTURAL_TRAILING_EXIT,-10.5
2026-04-22,13:49:00,13:57:00,LONG,CAM_R4,26825.75,26838.0,26849.5,STRUCTURAL_TRAILING_EXIT,23.0
2026-04-22,14:06:00,14:10:00,LONG,OR5_MID,26853.125,26860.25,26889.25,STRUCTURAL_TRAILING_EXIT,58.0
2026-04-23,00:17:00,00:28:00,LONG,WEEKLY_VWAP,26846.0159,26854.75,27021.5,STRUCTURAL_TRAILING_EXIT,333.5
2026-04-23,13:50:00,13:51:00,LONG,PD_HIGH,27093,27080.0,27056.25,STRUCTURAL_TRAILING_EXIT,-47.5
2026-04-23,13:51:00,13:55:00,LONG,PD_VAH,27056.25,27056.25,27058.25,STRUCTURAL_TRAILING_EXIT,4.0
2026-04-24,13:44:00,13:52:00,LONG,DAILY_OPEN,27210,27212.25,27204.5,STRUCTURAL_TRAILING_EXIT,-15.5
2026-04-24,13:52:00,13:55:00,LONG,DAILY_OPEN,27210,27204.5,27173.25,STRUCTURAL_TRAILING_EXIT,-62.5
2026-04-24,13:55:00,13:56:00,LONG,FLOOR_R1,27161,27173.25,27154.25,STRUCTURAL_TRAILING_EXIT,-38.0
2026-04-27,13:41:00,13:43:00,LONG,CAM_S2,27373,27381.25,27372.75,STRUCTURAL_TRAILING_EXIT,-17.0
2026-04-27,13:43:00,13:46:00,LONG,CAM_S2,27373,27372.75,27360.0,STRUCTURAL_TRAILING_EXIT,-25.5
2026-04-27,13:46:00,13:48:00,LONG,CAM_S2,27373,27360.0,27345.75,STRUCTURAL_TRAILING_EXIT,-28.5
2026-04-28,13:37:00,13:45:00,LONG,OR5_HIGH,27162.5,27172.5,27213.0,STRUCTURAL_TRAILING_EXIT,81.0
2026-04-28,13:53:00,13:54:00,LONG,FLOOR_S3,27187.75,27202.5,27187.75,STRUCTURAL_TRAILING_EXIT,-29.5
2026-04-28,13:54:00,13:56:00,LONG,FLOOR_S3,27187.75,27187.75,27164.5,STRUCTURAL_TRAILING_EXIT,-46.5
2026-04-29,14:01:00,14:02:00,LONG,CAM_R1,27190.5,27200.0,27189.25,STRUCTURAL_TRAILING_EXIT,-21.5
2026-04-29,14:33:00,14:42:00,LONG,IB_HIGH,27277,27274.75,27281.5,STRUCTURAL_TRAILING_EXIT,13.5
2026-04-29,15:10:00,15:11:00,LONG,CAM_R3,27235,27249.75,27249.5,STRUCTURAL_TRAILING_EXIT,-0.5
2026-04-30,02:31:00,02:32:00,LONG,OR5_MID,27416.375,27420.25,27410.75,STRUCTURAL_TRAILING_EXIT,-19.0
2026-04-30,13:38:00,13:39:00,LONG,CAM_S1,27317.5,27319.0,27312.75,STRUCTURAL_TRAILING_EXIT,-12.5
2026-04-30,13:40:00,13:41:00,LONG,CAM_S2,27297.75,27295.5,27284.75,STRUCTURAL_TRAILING_EXIT,-21.5
2026-05-01,13:46:00,13:48:00,LONG,IB_MID,27763.5,27771.0,27756.75,STRUCTURAL_TRAILING_EXIT,-28.5
2026-05-01,14:31:00,14:33:00,LONG,RTH_VWAP,27834.4095,27844.75,27829.75,STRUCTURAL_TRAILING_EXIT,-30.0
2026-05-01,14:37:00,14:38:00,LONG,IB_MID,27763.5,27774.25,27757.75,STRUCTURAL_TRAILING_EXIT,-33.0
2026-05-04,11:40:00,11:45:00,LONG,WEEKLY_VWAP,27790.3181,27790.0,27810.75,STRUCTURAL_TRAILING_EXIT,41.5
2026-05-04,13:56:00,14:02:00,LONG,PD_POC,27872.25,27858.75,27878.5,STRUCTURAL_TRAILING_EXIT,39.5
2026-05-04,14:09:00,14:15:00,LONG,PD_POC,27872.25,27867.0,27892.75,STRUCTURAL_TRAILING_EXIT,51.5
2026-05-05,13:39:00,13:54:00,LONG,OR5_HIGH,28031.25,28035.5,28093.5,STRUCTURAL_TRAILING_EXIT,116.0
2026-05-05,14:14:00,14:19:00,LONG,IB_MID,28052.5,28064.75,28046.0,STRUCTURAL_TRAILING_EXIT,-37.5
2026-05-05,14:19:00,14:28:00,LONG,OR5_HIGH,28031.25,28046.0,28120.0,STRUCTURAL_TRAILING_EXIT,148.0
2026-05-06,12:15:00,12:24:00,LONG,OR5_HIGH,28447,28452.0,28494.5,STRUCTURAL_TRAILING_EXIT,85.0
2026-05-06,13:38:00,13:47:00,LONG,IB_MID,28421,28409.25,28467.0,STRUCTURAL_TRAILING_EXIT,115.5
2026-05-06,13:51:00,13:57:00,LONG,IB_MID,28421,28428.5,28475.0,STRUCTURAL_TRAILING_EXIT,93.0
2026-05-07,13:42:00,13:43:00,LONG,DAILY_OPEN,28750,28759.0,28750.75,STRUCTURAL_TRAILING_EXIT,-16.5
2026-05-07,13:45:00,13:46:00,LONG,DAILY_OPEN,28750,28742.0,28712.5,STRUCTURAL_TRAILING_EXIT,-59.0
2026-05-07,13:46:00,13:52:00,LONG,PD_HIGH,28725.75,28712.5,28727.25,STRUCTURAL_TRAILING_EXIT,29.5
2026-05-08,12:31:00,12:34:00,SHORT,MR1,28907.25,28905.5,28937.25,STRUCTURAL_TRAILING_EXIT,-63.5
2026-05-08,13:38:00,13:41:00,LONG,PD_HIGH,28944.75,28959.75,28951.5,STRUCTURAL_TRAILING_EXIT,-16.5
2026-05-08,14:00:00,14:03:00,SHORT,FLOOR_R2,29119.75,29107.25,29123.75,STRUCTURAL_TRAILING_EXIT,-33.0
2026-05-11,12:48:00,13:02:00,LONG,OR5_LOW,29281.5,29270.5,29295.0,STRUCTURAL_TRAILING_EXIT,49.0
2026-05-11,13:36:00,13:37:00,LONG,OR5_MID,29358.125,29372.75,29352.5,STRUCTURAL_TRAILING_EXIT,-40.5
2026-05-11,13:50:00,13:51:00,LONG,OR5_MID,29358.125,29365.0,29355.75,STRUCTURAL_TRAILING_EXIT,-18.5
2026-05-12,13:36:00,13:47:00,LONG,OR5_LOW,29145.75,29153.0,29264.5,STRUCTURAL_TRAILING_EXIT,223.0
2026-05-12,13:47:00,13:48:00,LONG,PD_IB_LOW,29274.5,29264.5,29213.0,STRUCTURAL_TRAILING_EXIT,-103.0
2026-05-12,13:48:00,13:49:00,LONG,OR5_HIGH,29227.25,29213.0,29206.75,STRUCTURAL_TRAILING_EXIT,-12.5
2026-05-13,12:32:00,12:33:00,LONG,PD_IB_HIGH,29296,29306.0,29276.25,STRUCTURAL_TRAILING_EXIT,-59.5
2026-05-13,13:36:00,13:37:00,LONG,OR5_LOW,29216,29215.5,29205.5,STRUCTURAL_TRAILING_EXIT,-20.0
2026-05-13,13:39:00,13:45:00,LONG,PW_VAH,29189.25,29189.5,29210.5,STRUCTURAL_TRAILING_EXIT,42.0
2026-05-14,13:40:00,13:49:00,LONG,IB_MID,29571.625,29586.5,29643.25,STRUCTURAL_TRAILING_EXIT,113.5
2026-05-14,13:55:00,13:56:00,LONG,CAM_R3,29611,29609.25,29604.5,STRUCTURAL_TRAILING_EXIT,-9.5
2026-05-14,13:59:00,14:00:00,LONG,IB_MID,29571.625,29584.0,29541.75,STRUCTURAL_TRAILING_EXIT,-84.5
2026-05-15,13:42:00,13:43:00,LONG,5D_OR_MID,29205.75,29218.0,29175.25,STRUCTURAL_TRAILING_EXIT,-85.5
2026-05-15,13:43:00,13:45:00,LONG,OR5_LOW,29188.75,29175.25,29167.0,STRUCTURAL_TRAILING_EXIT,-16.5
2026-05-15,13:46:00,13:47:00,LONG,ONL,29142.5,29133.0,29103.5,STRUCTURAL_TRAILING_EXIT,-59.0
2026-05-18,11:35:00,11:39:00,SHORT,IB_LOW,29129,29140.0,29139.75,STRUCTURAL_TRAILING_EXIT,0.5
2026-05-18,11:42:00,11:56:00,SHORT,CAM_R1,29267.75,29266.0,29191.5,STRUCTURAL_TRAILING_EXIT,149.0
2026-05-18,12:53:00,12:56:00,LONG,PD_IB_HIGH,29382.75,29380.5,29376.25,STRUCTURAL_TRAILING_EXIT,-8.5
2026-05-19,13:38:00,13:40:00,LONG,CAM_S1,29049,29046.25,28986.25,STOP_LOSS,-120
2026-05-19,13:56:00,13:57:00,LONG,WEEKLY_VWAP,28981.7256,28978.75,28939.0,STRUCTURAL_TRAILING_EXIT,-79.5
2026-05-19,13:59:00,14:01:00,LONG,CAM_S3,28949.75,28942.75,28916.75,STRUCTURAL_TRAILING_EXIT,-52.0
2026-05-20,13:36:00,13:37:00,LONG,CAM_R3,29052,29066.75,29056.5,STRUCTURAL_TRAILING_EXIT,-20.5
2026-05-20,13:55:00,13:56:00,LONG,DAILY_OPEN,29073.5,29084.25,29055.5,STRUCTURAL_TRAILING_EXIT,-57.5
2026-05-20,13:56:00,14:03:00,LONG,CAM_R3,29052,29055.5,29080.25,STRUCTURAL_TRAILING_EXIT,49.5
2026-05-21,13:36:00,13:40:00,LONG,PD_IB_HIGH,29233.75,29237.25,29212.5,STRUCTURAL_TRAILING_EXIT,-49.5
2026-05-21,14:14:00,14:16:00,LONG,FLOOR_PIVOT,29267.25,29265.75,29220.0,STRUCTURAL_TRAILING_EXIT,-91.5
2026-05-21,14:16:00,14:19:00,LONG,DAILY_OPEN,29217.25,29220.0,29221.5,STRUCTURAL_TRAILING_EXIT,3.0
2026-05-22,13:43:00,13:49:00,LONG,PW_VAH,29621.75,29627.5,29623.25,STRUCTURAL_TRAILING_EXIT,-8.5
2026-05-22,13:49:00,13:51:00,LONG,PW_VAH,29621.75,29623.25,29607.75,STRUCTURAL_TRAILING_EXIT,-31.0
2026-05-22,13:51:00,13:56:00,LONG,PW_VAH,29621.75,29607.75,29605.5,STRUCTURAL_TRAILING_EXIT,-4.5
2026-05-25,03:01:00,03:05:00,SHORT,IB_MID,29966.75,29973.0,29973.0,STRUCTURAL_TRAILING_EXIT,0.0
2026-05-25,15:11:00,15:12:00,SHORT,OR5_MID,29949.625,29958.25,29981.5,STRUCTURAL_TRAILING_EXIT,-46.5
2026-05-26,13:35:00,13:36:00,LONG,OR5_LOW,29842,29852.75,29840.5,STRUCTURAL_TRAILING_EXIT,-24.5
2026-05-26,13:44:00,13:51:00,LONG,PD_VAL,29919,29912.25,29936.75,STRUCTURAL_TRAILING_EXIT,49.0
2026-05-26,13:51:00,13:54:00,LONG,CAM_S3,29939.5,29936.75,29929.5,STRUCTURAL_TRAILING_EXIT,-14.5
2026-05-27,13:36:00,13:37:00,LONG,PD_HIGH,30118.75,30116.0,30103.0,STRUCTURAL_TRAILING_EXIT,-26.0
2026-05-27,13:38:00,13:39:00,LONG,PD_VAH,30067.5,30078.0,30071.75,STRUCTURAL_TRAILING_EXIT,-12.5
2026-05-27,13:41:00,13:42:00,LONG,PD_VAH,30067.5,30055.75,30029.0,STRUCTURAL_TRAILING_EXIT,-53.5
2026-05-28,13:44:00,13:45:00,LONG,CAM_S3,29960.75,29961.75,29955.5,STRUCTURAL_TRAILING_EXIT,-12.5
2026-05-28,13:45:00,13:51:00,SHORT,CAM_S3,29960.75,29955.5,29956.0,STRUCTURAL_TRAILING_EXIT,-1.0
2026-05-28,13:54:00,13:55:00,LONG,CAM_S3,29960.75,29969.75,29953.25,STRUCTURAL_TRAILING_EXIT,-33.0
2026-05-29,14:11:00,14:15:00,LONG,FLOOR_R1,30460.5,30456.75,30459.75,STRUCTURAL_TRAILING_EXIT,6.0
2026-05-29,14:15:00,14:16:00,LONG,FLOOR_R1,30460.5,30459.75,30438.25,STRUCTURAL_TRAILING_EXIT,-43.0
2026-05-29,14:16:00,14:17:00,LONG,IB_MID,30441,30438.25,30429.75,STRUCTURAL_TRAILING_EXIT,-17.0
2026-06-01,13:12:00,13:13:00,LONG,CAM_S1,30372.5,30365.25,30341.5,STRUCTURAL_TRAILING_EXIT,-47.5
2026-06-01,13:35:00,13:41:00,LONG,CAM_S1,30372.5,30380.5,30408.75,STRUCTURAL_TRAILING_EXIT,56.5
2026-06-01,13:41:00,13:45:00,LONG,PD_SESSION_MID,30403,30408.75,30413.25,STRUCTURAL_TRAILING_EXIT,9.0
2026-06-02,13:35:00,13:36:00,LONG,PD_IB_HIGH,30467.25,30476.75,30456.0,STRUCTURAL_TRAILING_EXIT,-41.5
2026-06-02,13:41:00,13:56:00,LONG,CAM_S3,30461.25,30450.0,30537.5,STRUCTURAL_TRAILING_EXIT,175.0
2026-06-02,13:56:00,14:03:00,LONG,IB_MID,30535.5,30537.5,30579.0,STRUCTURAL_TRAILING_EXIT,83.0
2026-06-03,13:35:00,13:36:00,LONG,PD_VAH,30708,30714.25,30680.0,STRUCTURAL_TRAILING_EXIT,-68.5
2026-06-03,13:36:00,13:38:00,LONG,PD_POC,30674.75,30680.0,30667.0,STRUCTURAL_TRAILING_EXIT,-26.0
2026-06-03,13:41:00,13:43:00,LONG,PD_HIGH,30721.25,30725.0,30683.75,STRUCTURAL_TRAILING_EXIT,-82.5
2026-06-04,13:39:00,13:41:00,LONG,FLOOR_S2,30334.75,30348.0,30294.25,STRUCTURAL_TRAILING_EXIT,-107.5
2026-06-04,13:41:00,13:42:00,LONG,OR5_MID,30281.875,30294.25,30274.5,STRUCTURAL_TRAILING_EXIT,-39.5
2026-06-04,13:42:00,13:43:00,LONG,OR5_MID,30281.875,30274.5,30254.75,STRUCTURAL_TRAILING_EXIT,-39.5
2026-06-05,13:37:00,13:39:00,LONG,ONL,30013,30015.5,29985.5,STRUCTURAL_TRAILING_EXIT,-60.0
2026-06-05,13:39:00,13:42:00,LONG,OR5_LOW,29998.75,29985.5,29948.75,STRUCTURAL_TRAILING_EXIT,-73.5
2026-06-05,13:42:00,13:45:00,LONG,FLOOR_S2,29961,29948.75,29932.75,STRUCTURAL_TRAILING_EXIT,-32.0
2026-06-08,13:35:00,13:40:00,LONG,OR5_LOW,29412,29417.5,29426.0,STRUCTURAL_TRAILING_EXIT,17.0
2026-06-08,13:40:00,13:48:00,LONG,OR5_LOW,29412,29426.0,29499.75,STRUCTURAL_TRAILING_EXIT,147.5
2026-06-08,13:48:00,13:49:00,LONG,OR5_MID,29498,29499.75,29453.5,STRUCTURAL_TRAILING_EXIT,-92.5
2026-06-09,13:39:00,13:40:00,LONG,FLOOR_R1,29686.75,29695.5,29686.5,STRUCTURAL_TRAILING_EXIT,-18.0
2026-06-09,13:52:00,13:54:00,LONG,PM_VAH,29782,29792.0,29774.0,STRUCTURAL_TRAILING_EXIT,-36.0
2026-06-09,13:54:00,13:55:00,LONG,PM_VAH,29782,29774.0,29732.25,STRUCTURAL_TRAILING_EXIT,-83.5
2026-06-10,12:31:00,12:33:00,SHORT,WEEKLY_OPEN,28844.5,28843.25,28898.75,STRUCTURAL_TRAILING_EXIT,-111.0
2026-06-10,13:35:00,13:41:00,LONG,OR5_LOW,28778,28780.25,28930.0,STRUCTURAL_TRAILING_EXIT,299.5
2026-06-10,13:42:00,13:51:00,LONG,OR5_MID,28865.625,28871.5,29055.0,STRUCTURAL_TRAILING_EXIT,367.0
2026-06-11,12:23:00,12:29:00,LONG,DAILY_OPEN,28752.5,28763.5,28749.0,STRUCTURAL_TRAILING_EXIT,-29.0
2026-06-11,13:39:00,13:50:00,LONG,CAM_R2,28664.75,28678.0,28815.25,STRUCTURAL_TRAILING_EXIT,274.5
2026-06-11,13:52:00,13:58:00,LONG,CAM_R4,28942.25,28948.25,28909.5,STRUCTURAL_TRAILING_EXIT,-77.5
2026-06-12,13:41:00,13:42:00,LONG,CAM_S1,29368.25,29368.25,29308.25,STOP_LOSS,-120
2026-06-12,13:44:00,13:46:00,LONG,CAM_S2,29279.5,29273.25,29239.0,STRUCTURAL_TRAILING_EXIT,-68.5
2026-06-12,13:46:00,13:49:00,LONG,3M_POC,29239.5,29239.0,29284.5,STRUCTURAL_TRAILING_EXIT,91.0
2026-06-15,13:44:00,13:54:00,LONG,IB_MID,30702.375,30705.75,30775.75,STRUCTURAL_TRAILING_EXIT,140.0
2026-06-16,13:37:00,13:40:00,LONG,DAILY_OPEN,30812.5,30809.25,30781.5,STRUCTURAL_TRAILING_EXIT,-55.5
2026-06-16,13:40:00,13:45:00,LONG,IB_MID,30780.75,30781.5,30819.25,STRUCTURAL_TRAILING_EXIT,75.5
2026-06-16,13:45:00,13:53:00,LONG,DAILY_OPEN,30812.5,30819.25,30856.5,STRUCTURAL_TRAILING_EXIT,74.5
2026-06-17,13:39:00,13:47:00,LONG,OR5_LOW,30420,30407.0,30492.75,STRUCTURAL_TRAILING_EXIT,171.5
2026-06-17,13:58:00,14:00:00,LONG,FLOOR_R1,30387,30373.5,30347.75,STRUCTURAL_TRAILING_EXIT,-51.5
2026-06-17,14:03:00,14:06:00,LONG,PD_VAH,30355.25,30340.75,30362.0,STRUCTURAL_TRAILING_EXIT,42.5
2026-06-18,13:35:00,13:36:00,LONG,PD_OR_MID,30473.875,30486.0,30469.0,STRUCTURAL_TRAILING_EXIT,-34.0
2026-06-18,13:44:00,13:45:00,LONG,PD_IB_MID,30432.875,30427.5,30402.5,STRUCTURAL_TRAILING_EXIT,-50.0
2026-06-18,13:45:00,13:48:00,LONG,IB_LOW,30391,30402.5,30436.25,STRUCTURAL_TRAILING_EXIT,67.5
2026-06-22,13:42:00,13:43:00,LONG,IB_MID,30856,30842.5,30805.0,STRUCTURAL_TRAILING_EXIT,-75.0
2026-06-22,14:12:00,14:14:00,LONG,PW_HIGH,30915,30920.75,30912.25,STRUCTURAL_TRAILING_EXIT,-17.0
2026-06-22,14:17:00,14:18:00,LONG,ONH,30873.5,30880.5,30855.25,STRUCTURAL_TRAILING_EXIT,-50.5
2026-06-23,08:01:00,08:04:00,LONG,IB_MID,29831.75,29846.25,29869.5,STRUCTURAL_TRAILING_EXIT,46.5
2026-06-23,14:23:00,14:26:00,LONG,FLOOR_S3,29983.75,29980.0,29978.75,STRUCTURAL_TRAILING_EXIT,-2.5
2026-06-23,14:39:00,14:40:00,LONG,PW_LOW,29923,29922.5,29901.5,STRUCTURAL_TRAILING_EXIT,-42.0
2026-06-24,13:25:00,13:32:00,SHORT,OR5_MID,29737.5,29735.75,29795.75,STOP_LOSS,-120
2026-06-24,13:41:00,13:42:00,LONG,IB_MID,29683.25,29671.75,29629.75,STRUCTURAL_TRAILING_EXIT,-84.0
2026-06-24,13:42:00,13:43:00,LONG,OR5_LOW,29635,29629.75,29617.25,STRUCTURAL_TRAILING_EXIT,-25.0
2026-06-25,13:37:00,13:38:00,LONG,WS1,30075,30064.0,30029.75,STRUCTURAL_TRAILING_EXIT,-68.5
2026-06-25,13:38:00,13:39:00,LONG,OR5_LOW,30040,30029.75,30009.0,STRUCTURAL_TRAILING_EXIT,-41.5
2026-06-25,13:42:00,13:42:00,LONG,PD_HIGH,29907.5,29906.0,29846.0,STOP_LOSS,-120
2026-06-26,13:19:00,13:33:00,LONG,PM_POC,29239.5,29232.25,29289.75,STRUCTURAL_TRAILING_EXIT,115.0
2026-06-26,13:40:00,13:41:00,LONG,CAM_S4,29255.25,29240.75,29234.75,STRUCTURAL_TRAILING_EXIT,-12.0
2026-06-26,13:46:00,13:49:00,LONG,CAM_S4,29255.25,29252.0,29278.25,STRUCTURAL_TRAILING_EXIT,52.5
2026-06-29,13:37:00,13:50:00,LONG,3M_POC,29693.25,29686.25,29768.0,STRUCTURAL_TRAILING_EXIT,163.5
2026-06-29,13:56:00,13:57:00,LONG,PD_IB_HIGH,29665.25,29674.0,29646.25,STRUCTURAL_TRAILING_EXIT,-55.5
2026-06-29,13:58:00,14:00:00,LONG,CAM_R4,29606.25,29601.5,29541.5,STOP_LOSS,-120
2026-06-30,13:39:00,13:40:00,LONG,ONH,30217,30212.5,30187.5,STRUCTURAL_TRAILING_EXIT,-50.0
2026-06-30,14:01:00,14:07:00,LONG,FLOOR_R1,30319.25,30315.75,30337.75,STRUCTURAL_TRAILING_EXIT,44.0
2026-06-30,19:51:00,19:59:00,LONG,PM_HIGH,30536,30543.25,30558.25,STRUCTURAL_TRAILING_EXIT,30.0
2026-07-01,14:31:00,14:32:00,LONG,OR5_HIGH,30260,30260.75,30251.0,STRUCTURAL_TRAILING_EXIT,-19.5
2026-07-01,14:32:00,14:33:00,LONG,OR5_HIGH,30260,30251.0,30236.25,STRUCTURAL_TRAILING_EXIT,-29.5
2026-07-01,14:46:00,14:55:00,LONG,FLOOR_S1,30164.5,30154.0,30214.75,STRUCTURAL_TRAILING_EXIT,121.5
2026-07-02,13:39:00,13:45:00,LONG,CAM_S1,30053,30052.5,30124.25,STRUCTURAL_TRAILING_EXIT,143.5
2026-07-02,14:09:00,14:10:00,LONG,PD_OR_MID,30182.375,30188.25,30182.25,STRUCTURAL_TRAILING_EXIT,-12.0
2026-07-02,14:21:00,14:22:00,LONG,IB_MID,30102.125,30109.75,30101.0,STRUCTURAL_TRAILING_EXIT,-17.5
2026-07-06,13:37:00,13:43:00,LONG,DAILY_OPEN,29835.75,29827.5,29874.75,STRUCTURAL_TRAILING_EXIT,94.5
2026-07-06,13:53:00,13:58:00,LONG,CAM_R4,29943,29947.0,29949.5,STRUCTURAL_TRAILING_EXIT,5.0
2026-07-06,20:01:00,20:02:00,LONG,CAM_R4,29943,29948.25,29940.75,STRUCTURAL_TRAILING_EXIT,-15.0
2026-07-07,13:36:00,13:39:00,LONG,OR5_LOW,29515.25,29520.75,29502.75,STRUCTURAL_TRAILING_EXIT,-36.0
2026-07-07,13:39:00,13:47:00,LONG,PM_VAL,29500.75,29502.75,29535.75,STRUCTURAL_TRAILING_EXIT,66.0
2026-07-07,13:50:00,13:54:00,LONG,PM_VAL,29500.75,29511.25,29468.5,STRUCTURAL_TRAILING_EXIT,-85.5
2026-07-08,13:43:00,13:48:00,LONG,PD_VAL,29327.25,29342.25,29365.0,STRUCTURAL_TRAILING_EXIT,45.5
2026-07-08,13:50:00,13:55:00,LONG,RTH_VWAP,29298.0949,29304.25,29321.75,STRUCTURAL_TRAILING_EXIT,35.0
2026-07-08,14:13:00,14:16:00,LONG,PD_IB_LOW,29259.75,29250.5,29252.5,STRUCTURAL_TRAILING_EXIT,4.0
2026-07-09,14:16:00,14:20:00,LONG,CAM_R4,29713.25,29712.75,29652.75,STOP_LOSS,-120
2026-07-09,14:21:00,14:32:00,LONG,FLOOR_R1,29626.75,29641.0,29701.75,STRUCTURAL_TRAILING_EXIT,121.5
2026-07-09,14:32:00,14:38:00,LONG,CAM_R4,29713.25,29701.75,29751.5,STRUCTURAL_TRAILING_EXIT,99.5
2026-07-10,12:14:00,12:18:00,SHORT,OR5_MID,29866.875,29872.0,29843.5,STRUCTURAL_TRAILING_EXIT,57.0
2026-07-10,13:38:00,13:39:00,LONG,PD_POC,29905.25,29898.5,29893.5,STRUCTURAL_TRAILING_EXIT,-10.0
2026-07-10,13:40:00,13:40:00,LONG,FLOOR_PIVOT,29852.25,29864.75,29804.75,STOP_LOSS,-120
2026-07-13,13:35:00,13:38:00,LONG,OR5_LOW,29631.75,29644.75,29619.75,STRUCTURAL_TRAILING_EXIT,-50.0
2026-07-13,13:41:00,13:46:00,LONG,5D_OR_MID,29570.125,29580.25,29544.75,STRUCTURAL_TRAILING_EXIT,-71.0
2026-07-13,13:46:00,13:52:00,LONG,ONL,29542.75,29544.75,29521.75,STRUCTURAL_TRAILING_EXIT,-46.0
2026-07-14,12:31:00,12:43:00,SHORT,FLOOR_R2,29896.5,29901.25,29842.75,STRUCTURAL_TRAILING_EXIT,117.0
2026-07-14,13:35:00,13:41:00,LONG,3M_POC,29693.25,29694.5,29762.25,STRUCTURAL_TRAILING_EXIT,135.5
2026-07-14,13:43:00,13:44:00,LONG,WPP,29722,29728.5,29713.0,STRUCTURAL_TRAILING_EXIT,-31.0
2026-07-15,13:36:00,13:38:00,LONG,OR5_LOW,29912.5,29916.25,29878.75,STRUCTURAL_TRAILING_EXIT,-75.0
2026-07-15,13:38:00,13:39:00,LONG,PD_VAH,29867.5,29878.75,29873.0,STRUCTURAL_TRAILING_EXIT,-11.5
2026-07-15,13:41:00,13:45:00,LONG,CAM_R2,29846,29849.5,29833.25,STRUCTURAL_TRAILING_EXIT,-32.5
2026-07-16,13:35:00,13:36:00,LONG,OR5_LOW,29429.75,29433.5,29417.25,STRUCTURAL_TRAILING_EXIT,-32.5
2026-07-16,13:36:00,13:39:00,LONG,FLOOR_S1,29406.25,29417.25,29407.25,STRUCTURAL_TRAILING_EXIT,-20.0
2026-07-16,13:42:00,13:45:00,LONG,ONL,29361,29350.5,29317.75,STRUCTURAL_TRAILING_EXIT,-65.5
2026-07-17,14:32:00,14:33:00,LONG,RTH_VWAP,28794.6794,28802.25,28774.75,STRUCTURAL_TRAILING_EXIT,-55.0
2026-07-17,14:40:00,14:42:00,LONG,IB_HIGH,28887.5,28892.75,28859.75,STRUCTURAL_TRAILING_EXIT,-66.0
2026-07-17,14:48:00,14:50:00,LONG,MS1,28838.25,28840.5,28788.25,STRUCTURAL_TRAILING_EXIT,-104.5
2026-07-20,13:50:00,13:51:00,LONG,CAM_R4,29117.75,29117.75,29104.5,STRUCTURAL_TRAILING_EXIT,-26.5
2026-07-20,13:53:00,13:57:00,LONG,PD_HIGH,29050.25,29057.0,29039.75,STRUCTURAL_TRAILING_EXIT,-34.5
2026-07-20,14:11:00,14:12:00,LONG,RTH_VWAP,28976.194,28963.25,28954.25,STRUCTURAL_TRAILING_EXIT,-18.0
2026-07-21,14:16:00,14:21:00,LONG,PD_VAH,29082,29086.0,29140.0,STRUCTURAL_TRAILING_EXIT,108.0
2026-07-21,14:29:00,14:39:00,LONG,PD_HIGH,29192.5,29199.5,29198.0,STRUCTURAL_TRAILING_EXIT,-3.0
2026-07-21,15:03:00,15:20:00,LONG,PD_HIGH,29192.5,29200.0,29284.25,STRUCTURAL_TRAILING_EXIT,168.5
2026-07-27,13:39:00,13:40:00,LONG,FLOOR_R1,28538.75,28548.25,28545.25,STRUCTURAL_TRAILING_EXIT,-6.0
2026-07-27,13:43:00,13:44:00,LONG,PD_IB_MID,28460.5,28458.25,28444.0,STRUCTURAL_TRAILING_EXIT,-28.5
2026-07-27,13:56:00,13:57:00,LONG,3M_VAL,28447.75,28439.5,28407.0,STRUCTURAL_TRAILING_EXIT,-65.0
2026-07-28,13:38:00,13:39:00,LONG,CAM_S4,27820,27834.75,27811.25,STRUCTURAL_TRAILING_EXIT,-47.0
2026-07-28,15:28:00,15:29:00,LONG,PD_VAL,27987,27975.25,27971.25,STRUCTURAL_TRAILING_EXIT,-8.0
2026-07-28,17:49:00,17:50:00,SHORT,PD_VAL,27987,27972.25,27980.0,STRUCTURAL_TRAILING_EXIT,-15.5
2026-07-29,13:51:00,13:52:00,LONG,PD_VAL,27781.75,27796.75,27760.5,STRUCTURAL_TRAILING_EXIT,-72.5
2026-07-29,14:13:00,14:14:00,LONG,FLOOR_S1,27654.75,27667.75,27659.0,STRUCTURAL_TRAILING_EXIT,-17.5
2026-07-29,18:01:00,18:02:00,SHORT,PD_SESSION_MID,27841.75,27853.0,27869.5,STRUCTURAL_TRAILING_EXIT,-33.0
2026-07-30,13:04:00,13:09:00,LONG,FLOOR_R1,27850.5,27852.5,27845.0,STRUCTURAL_TRAILING_EXIT,-15.0
2026-07-30,13:10:00,13:11:00,LONG,FLOOR_R1,27850.5,27840.5,27830.75,STRUCTURAL_TRAILING_EXIT,-19.5
2026-07-30,13:38:00,13:53:00,LONG,WEEKLY_VWAP,27893.9712,27884.75,28062.75,STRUCTURAL_TRAILING_EXIT,356.0
2026-07-31,13:39:00,13:40:00,LONG,FLOOR_R2,28597.75,28605.5,28561.0,STRUCTURAL_TRAILING_EXIT,-89.0
2026-07-31,13:40:00,13:41:00,LONG,PW_VAL,28571,28561.0,28537.25,STRUCTURAL_TRAILING_EXIT,-47.5
2026-07-31,13:45:00,13:47:00,LONG,FLOOR_R1,28413.5,28419.0,28399.5,STRUCTURAL_TRAILING_EXIT,-39.0
2026-08-02,22:01:00,22:08:00,LONG,WPP,28620.25,28608.5,28596.75,STRUCTURAL_TRAILING_EXIT,-23.5
2026-08-03,13:43:00,13:47:00,LONG,PD_POC,28436.25,28433.0,28450.5,STRUCTURAL_TRAILING_EXIT,35.0
2026-08-03,13:47:00,13:50:00,LONG,PD_POC,28436.25,28450.5,28474.25,STRUCTURAL_TRAILING_EXIT,47.5
2026-08-03,14:05:00,14:08:00,LONG,WEEKLY_OPEN,28565,28552.75,28551.25,STRUCTURAL_TRAILING_EXIT,-3.0
2026-08-05,13:51:00,14:01:00,LONG,CAM_R2,30015.5,30013.75,30008.0,STRUCTURAL_TRAILING_EXIT,-11.5
2026-08-05,14:01:00,14:02:00,LONG,CAM_R2,30015.5,30008.0,29962.75,STRUCTURAL_TRAILING_EXIT,-90.5
2026-08-05,14:03:00,14:17:00,LONG,PD_VAH,29951,29936.0,29986.0,STRUCTURAL_TRAILING_EXIT,100.0
2026-08-06,13:53:00,13:55:00,LONG,CAM_S2,29519,29516.25,29500.25,STRUCTURAL_TRAILING_EXIT,-32.0
2026-08-06,14:26:00,14:38:00,LONG,PD_CLOSE,29607.25,29620.0,29605.25,STRUCTURAL_TRAILING_EXIT,-29.5
2026-08-06,14:39:00,14:40:00,LONG,CAM_S1,29563.25,29574.75,29553.0,STRUCTURAL_TRAILING_EXIT,-43.5
2026-08-10,13:35:00,13:38:00,LONG,CAM_R4,29741.5,29740.75,29758.5,STRUCTURAL_TRAILING_EXIT,35.5
2026-08-10,13:40:00,13:53:00,LONG,PW_POC,29756.75,29764.25,29790.25,STRUCTURAL_TRAILING_EXIT,52.0
2026-08-10,19:51:00,19:52:00,LONG,CAM_R4,29741.5,29749.0,29743.75,STRUCTURAL_TRAILING_EXIT,-10.5
2026-08-11,13:36:00,13:45:00,LONG,CAM_S2,29711,29698.25,29723.25,STRUCTURAL_TRAILING_EXIT,50.0
2026-08-11,13:46:00,13:47:00,LONG,FLOOR_S1,29675.25,29683.25,29664.75,STRUCTURAL_TRAILING_EXIT,-37.0
2026-08-11,13:47:00,13:51:00,LONG,FLOOR_S1,29675.25,29664.75,29645.5,STRUCTURAL_TRAILING_EXIT,-38.5
2026-08-12,12:31:00,12:36:00,LONG,PD_HIGH,29842.5,29832.0,29878.5,STRUCTURAL_TRAILING_EXIT,93.0
2026-08-12,13:37:00,13:48:00,SHORT,OR5_MID,29939.75,29928.0,29915.5,STRUCTURAL_TRAILING_EXIT,25.0
2026-08-12,13:53:00,13:55:00,LONG,OR15_MID,29927.5,29915.0,29896.0,STRUCTURAL_TRAILING_EXIT,-38.0
2026-08-13,13:42:00,13:44:00,LONG,PD_HIGH,30001.75,30011.75,30007.5,STRUCTURAL_TRAILING_EXIT,-8.5
2026-08-13,13:44:00,13:53:00,LONG,PD_HIGH,30001.75,30007.5,30139.0,STRUCTURAL_TRAILING_EXIT,263.0
2026-08-13,13:54:00,14:07:00,LONG,3M_VAH,30118,30124.0,30173.25,STRUCTURAL_TRAILING_EXIT,98.5
2026-08-14,13:36:00,13:37:00,LONG,PD_CLOSE,30194.75,30199.75,30178.0,STRUCTURAL_TRAILING_EXIT,-43.5
2026-08-14,13:47:00,13:50:00,LONG,PD_VAH,30257,30242.0,30238.0,STRUCTURAL_TRAILING_EXIT,-8.0
2026-08-14,13:50:00,13:58:00,LONG,CAM_R1,30232.25,30238.0,30219.5,STRUCTURAL_TRAILING_EXIT,-37.0
